num,name,p_np,smiles,MW,PSA,logP,No of H donors,No of H Acceptors,No of Rotatable bonds
1,Propanolol,1,[Cl].CC(C)NCC(O)COc1cccc2ccccc12,294.802,41.489999999999995,3.267000000000002,2.0,3.0,6.0
2,Terbutylchlorambucil,1,C(=O)(OC(C)(C)C)CCCc1ccc(cc1)N(CCCl)CCCl,360.32500000000005,29.54,4.635000000000004,0.0,3.0,9.0
3,40730,1,c12c3c(N4CCN(C)CC4)c(F)cc1c(c(C(O)=O)cn2C(C)CO3)=O,361.3730000000001,75.00999999999999,1.544,1.0,5.0,2.0
4,24,1,C1CCN(CC1)Cc1cccc(c1)OCCCNC(=O)C,290.40700000000004,41.57,2.5775000000000006,1.0,3.0,7.0
5,cloxacillin,1,Cc1onc(c2ccccc2Cl)c1C(=O)N[C@H]3[C@H]4SC(C)(C)[C@@H](N4C3=O)C(O)=O,435.8890000000002,112.74000000000001,2.5487200000000003,2.0,6.0,4.0
6,cefoperazone,1,CCN1CCN(C(=O)N[C@@H](C(=O)N[C@H]2[C@H]3SCC(=C(N3C2=O)C(O)=O)CSc4nnnn4C)c5ccc(O)cc5)C(=O)C1=O,645.6800000000004,220.25999999999996,-1.1119999999999963,4.0,12.0,9.0
7,rolitetracycline,1,CN(C)[C@H]1[C@@H]2C[C@H]3C(=C(O)c4c(O)cccc4[C@@]3(C)O)C(=O)[C@]2(O)C(=O)\C(=C(/O)NCN5CCCC5)C1=O,527.5740000000004,170.87,0.3132000000000008,6.0,11.0,4.0
8,ondansetron,1,Cn1c2CCC(Cn3ccnc3C)C(=O)c2c4ccccc14,293.37,39.82,3.1285200000000017,0.0,2.0,2.0
9,diltiazem,1,COc1ccc(cc1)[C@@H]2Sc3ccccc3N(CCN(C)C)C(=O)[C@@H]2OC(C)=O,414.5270000000002,59.080000000000005,3.368500000000002,0.0,6.0,6.0
10,Amiloride,1,NC(N)=NC(=O)c1nc(Cl)c(N)nc1N,229.63099999999997,159.29,-1.2919999999999998,4.0,5.0,1.0
11,M2L-663581,0,OCC(C)(O)c1onc(c2ncn3c2CN(C)C(c4c3cccc4Cl)=O)n1,389.79900000000004,117.51,1.3611000000000002,2.0,7.0,3.0
12,alovudine,1,CC1=CN([C@H]2C[C@H](F)[C@@H](CO)O2)C(=O)NC1=O,244.22199999999998,84.32,-0.53708,2.0,4.0,2.0
13,18,1,C(Cl)Cl,84.933,0.0,1.4215,0.0,0.0,0.0
14,24959,1,C1N(C(CC2CCCCC12)C(NC(C)(C)C)=O)CC(C(Cc1ccccc1)NC(C(NC(c1nc2c(cccc2)cc1)=O)CC(N)=O)=O)O,670.8550000000002,166.75,3.0924000000000027,5.0,7.0,12.0
15,methadone,1,CCC(=O)C(CC(C)N(C)C)(c1ccccc1)c2ccccc2,309.45300000000003,20.310000000000002,4.292000000000004,0.0,2.0,7.0
16,alfentanil,1,CCN1N=NN(CCN2CCC(CC2)(COC)N(C(=O)CC)c3ccccc3)C1=O,416.5260000000001,85.49000000000001,1.3839000000000006,0.0,6.0,9.0
17,BRL53080,1,CN(C)C(=O)C(CCN1CCC(O)(CC1)c1ccc(Cl)cc1)(c1ccccc1)c1ccccc1,477.0480000000001,43.78,5.088000000000005,1.0,3.0,7.0
18,hyoscyamine,1,CN1C2CCC1CC(C2)OC(=O)[C@H](CO)c3ccccc3,289.375,49.769999999999996,1.9309,1.0,4.0,4.0
19,glyburide,1,COc1ccc(Cl)cc1C(=O)NCCc2ccc(cc2)[S](=O)(=O)NC(=O)NC3CCCCC3,494.0130000000003,113.6,3.641700000000002,3.0,5.0,8.0
20,lamotrigine,1,Nc1nnc(c(N)n1)c2cccc(Cl)c2Cl,256.096,90.71,2.0097999999999994,2.0,5.0,1.0
21,2-Methylpentane,1,CCCC(C)C,86.178,0.0,2.442500000000001,0.0,0.0,2.0
22,Dexamfetamine,1,C[C@H](N)Cc1ccccc1,135.20999999999998,26.02,1.5763,1.0,1.0,2.0
23,SKF-93619,0,c1cc2c(cc(CC3=CNC(=NC3=O)NCCSCc3oc(cc3)CN(C)C)cc2)cc1,448.5920000000002,74.16,4.513800000000004,2.0,6.0,10.0
24,nadolol,1,CC(C)(C)NCC(O)COc1cccc2C[C@@H](O)[C@@H](O)Cc12,309.40600000000006,81.95,0.6347999999999998,4.0,5.0,5.0
25,sufentanil,1,CCC(=O)N(c1ccccc1)C2(CCN(CCc3sccc3)CC2)COC,386.5610000000001,32.78,4.214800000000004,0.0,4.0,8.0
26,12,0,CCNC(=NC#N)NCCSCc1c(cccn1)Br,342.26599999999996,73.1,2.11348,2.0,4.0,6.0
27,zolpidem,1,CN(C)C(=O)Cc1n2cc(C)ccc2nc1c3ccc(C)cc3,307.39700000000005,37.61,3.2488400000000013,0.0,2.0,3.0
28,clozapine,1,CN1CCN(CC1)C2=C3C=CC=CC3=Nc4ccc(Cl)cc4N2,326.8310000000001,30.869999999999997,2.0298999999999996,1.0,4.0,1.0
29,Org12692,1,FC(F)(F)c1c(Cl)nc(N2CCNCC2)cc1,265.666,28.160000000000004,2.1634,1.0,3.0,1.0
30,piperacillin,1,O.CCN1CCN(C(=O)N[C@@H](C(=O)N[C@H]2[C@H]3SC(C)(C)[C@@H](N3C2=O)C(O)=O)c4ccccc4)C(=O)C1=O,535.5790000000003,187.92999999999998,-1.0649999999999937,3.0,7.0,6.0
31,Pentobarbital,1,CCCC(C)C1(CC)C(=O)NC(=O)NC1=O,226.276,75.27000000000001,1.1849999999999998,2.0,3.0,4.0
32,Levofloxacin,1,C[C@H]1COc2c(N3CCN(C)CC3)c(F)cc4C(=O)C(=CN1c24)C(O)=O,361.37300000000005,75.00999999999999,1.544,1.0,5.0,2.0
33,compound 40,1,c1ccc(C(NCCCOc2cc(CN3CCCCC3)ccc2)=O)cc1,352.47800000000007,41.57,3.871400000000003,1.0,3.0,8.0
34,RO19-4603,1,CC(C)(C)OC(=O)C1=C2CN(C(=O)C3=C(N2C=N1)C=CS3)C,319.386,64.43,2.4747000000000003,0.0,5.0,1.0
35,fentanyl,1,CCC(=O)N(C1CCN(CC1)CCc2ccccc2)c3ccccc3,336.479,23.550000000000004,4.136700000000003,0.0,2.0,6.0
36,etomidate,1,CCOC(=O)c1cncn1C(C)c2ccccc2,244.294,44.12,2.669100000000001,0.0,3.0,4.0
37,11a,0,CN(C)c1cc(C2=NC(N)=NN2)ccn1,204.237,83.72000000000001,0.5148999999999999,2.0,5.0,2.0
38,prochlorperazine,1,CN1CCN(CCCN2c3ccccc3Sc4ccc(Cl)cc24)CC1,373.95300000000015,9.72,4.580200000000004,0.0,4.0,4.0
39,2-(3'-Iodo-4'-aminophenyl)-6-hydroxybenzothiazole,1,IC1=C(N([H])[H])C=CC(C2=NC3=CC=C(O[H])C=C3S2)=C1,368.19900000000007,59.14,3.8556999999999997,2.0,4.0,1.0
40,compound 34,0,O=C(C)Nc1cc(c2csc(N=C(N)N)n2)ccc1,275.337,106.39,1.6733999999999998,3.0,4.0,3.0
41,granisetron,1,CN1[C@H]2CCC[C@@H]1CC(C2)NC(=O)c3nn(C)c4ccccc34,312.41700000000003,50.160000000000004,2.3183999999999996,1.0,3.0,2.0
42,thiamphenicol,1,C[S](=O)(=O)c1ccc(cc1)[C@@H](O)[C@@H](CO)NC(=O)C(Cl)Cl,356.2270000000001,103.70000000000002,0.40430000000000027,3.0,5.0,6.0
43,16,1,c1ccc(cc1)c1csc(n1)N=C(N)N,218.28499999999997,77.28999999999999,1.7149999999999999,2.0,3.0,2.0
44,mexiletine,1,CC(N)COc1c(C)cccc1C,179.26299999999998,35.25,2.02944,1.0,2.0,3.0
45,dextropropoxyphene,1,CCC(=O)O[C@@](Cc1ccccc1)([C@H](C)CN(C)C)c2ccccc2,339.47900000000004,29.54,4.275500000000004,0.0,3.0,8.0
46,Nor-1-chlorpromazine,1,ClC1=CC=C(C2=C1)SC3=C(N2CCCNC)C=CC=C3,304.84599999999995,15.27,4.552200000000003,1.0,3.0,4.0
47,compound 37,1,CN(C)Cc1ccc(c2cccc(NC3C([N+]([O-])=O)=CC=N3)c2)o1,326.35600000000005,83.91000000000001,2.991200000000001,1.0,6.0,6.0
48,cefamandole,1,Cn1nnnc1SCC2=C(N3[C@H](SC2)[C@H](NC(=O)[C@H](O)c4ccccc4)C3=O)C(O)=O,462.5130000000002,150.54,-0.22560000000000074,3.0,9.0,7.0
49,Y-G 15,1,n(ccc1)c(c1)CCN(C)C,150.225,16.130000000000003,1.1857,0.0,2.0,3.0
50,Org13011,1,O=C1N(CCC1)CCCCN2CCN(CC2)c3cc(C(F)(F)F)ccn3,370.419,39.68000000000001,2.625000000000001,0.0,4.0,6.0
51,Quinidine,1,COc1ccc2nccc([C@H](O)[C@H]3C[C@@H]4CCN3C[C@@H]4C=C)c2c1,324.4240000000001,45.59,3.1732000000000014,1.0,4.0,4.0
52,38480,1,c1(ccccc1)CC,106.16799999999999,0.0,2.2490000000000006,0.0,0.0,1.0
53,17,1,c1ccc(cc1N)c1csc(n1)N=C(N)N,233.29999999999998,103.30999999999999,1.2972000000000001,3.0,4.0,2.0
54,vinblastine,1,CC[C@]1(O)C[C@H]2CN(CCc3c([nH]c4ccccc34)[C@@](C2)(C(=O)OC)c5cc6c(cc5OC)N(C)[C@H]7[C@](O)([C@H](OC(C)=O)[C@]8(CC)C=CCN9CC[C@]67[C@H]89)C(=O)OC)C1,810.9889999999999,154.1,3.9909000000000034,3.0,12.0,7.0
55,Bacitracin,1,c1(c(cc(NC(CCC)=O)cc1)C(C)=O)OCC(CNC(C)C)O,336.4320000000001,87.66000000000001,2.3655000000000013,3.0,5.0,10.0
56,Nor-2-chlorpromazine,1,ClC1=CC=C(SC(C=CC=C2)=C2N3CCCN)C3=C1,290.819,29.259999999999998,4.291500000000003,1.0,3.0,3.0
57,compound 36,1,CN(C)Cc1ccc(CSCCNC2=C([N+]([O-])=O)C(Cc3ccccc3)=CN2)o1,414.5310000000001,87.34,4.513600000000003,2.0,6.0,11.0
58,19,0,CNC(=NC#N)Nc1cccc(c1)c1csc(n1)N=C(N)N,314.3780000000001,137.5,1.18338,4.0,5.0,3.0
59,Y-G 14,1,n(ccc1)c(c1)CCNC,136.198,24.92,0.8434999999999999,1.0,2.0,3.0
61,sertraline,1,[Cl-].CN[C@H]1CC[C@@H](c2ccc(Cl)c(Cl)c2)c3ccccc13.[H+],342.69700000000006,12.03,2.2961,1.0,1.0,2.0
64,vincristine,1,CC[C@]1(O)C[C@H]2CN(CCc3c([nH]c4ccccc34)[C@@](C2)(C(=O)OC)c5cc6c(cc5OC)N(C=O)[C@H]7[C@](O)([C@H](OC(C)=O)[C@]8(CC)C=CCN9CC[C@]67[C@H]89)C(=O)OC)C1,824.972,171.17,3.5175000000000036,3.0,12.0,8.0
65,SB-222200,1,CCC(NC(=O)c1c(c(nc2c1cccc2)c1ccccc1)C)c1ccccc1,380.4910000000001,41.99,6.091320000000005,1.0,2.0,5.0
66,SB-656104-A,1,ClC1=CC=CC(OC2CCN(CCC3CCCN3S(C4=CC(N([H])C=C5)=C5C=C4)(=O)=O)CC2)=C1,488.0530000000001,65.64,4.907900000000004,1.0,4.0,7.0
67,compound 38,1,CN(C)Cc1ccnc(c2cccc(NC3C([N+]([O-])=O)=CC=N3)c2)c1,337.38300000000004,83.66000000000001,2.7932000000000006,1.0,6.0,6.0
68,maprotiline,1,CNCCCC12CCC(c3ccccc13)c4ccccc24,277.41100000000006,12.03,4.211400000000004,1.0,1.0,4.0
69,compound 43,1,N1(Cc2cc(OCCCNc3nccs3)ccc2)CCCCC1,331.48500000000024,37.39,4.010000000000003,1.0,5.0,8.0
70,MIL-663581,0,OC(C)(C)c1onc(c2ncn3c2CN(C)C(c4c3cccc4Cl)=O)n1,373.8,97.28000000000002,2.3887,1.0,6.0,2.0
71,cefotaxime,1,[Na+].CO\N=C(C(=O)N[C@@H]1[C@@H]2SCC(=C(N2C1=O)C([O-])=O)COC(C)=O)\c3csc(N)n3,477.4560000000003,176.34000000000003,-4.953199999999994,2.0,12.0,7.0
72,carbamazepine-10,1,C1=CC=C2C(=C1)C3C(O3)C4=CC=CC=C4N2C(=O)N,252.27299999999997,58.86,3.0294000000000008,1.0,2.0,0.0
73,Cyclohexane,1,C1CCCCC1,84.162,0.0,2.3406000000000002,0.0,0.0,0.0
74,2,1,Cc1csc(n1)N=C(N)N,156.214,77.28999999999999,0.3564200000000002,2.0,3.0,1.0
75,SKF89124,1,CCCN(CCc1c2c(c(cc1)O)NC(=O)C2)CCC,276.38000000000005,52.57,2.5513000000000003,2.0,3.0,7.0
76,Org5222,1,Clc1cc2c(Oc3ccccc3C3CN(CC32)C)cc1,285.774,12.47,4.258500000000004,0.0,2.0,0.0
77,compound 35,0,CN(C)Cc1oc(CSCCNC2C([N+]([O-])=O)=CC=N2)cc1,324.406,83.91000000000001,1.7351,1.0,7.0,9.0
78,cefuroxime,1,CO/N=C(C(=O)N[C@H]1[C@H]2SCC(=C(N2C1=O)C(O)=O)COC(N)=O)/c3occc3,424.39100000000013,173.76,-0.5359999999999983,3.0,9.0,7.0
79,compound 45,1,N1(Cc2cc(OCCCNc3oc4ccccc4n3)ccc2)CCCCC1,365.47700000000026,50.53,4.694700000000004,1.0,5.0,8.0
80,Org4428,1,OC12c3c(Oc4c(C)cccc4C2CN(CC1)C)cccc3,295.38199999999995,32.7,3.4076200000000023,1.0,3.0,0.0
81,compound 32,1,[O-][N+](C1=CC=NC1NCCSCc2ccccn2)=O,278.337,80.42,1.4754999999999998,1.0,6.0,7.0
82,Bretyliumtosilate,1,c12c(nc([nH]1)NC(OC)=O)cc(SCCC)cc2,265.33799999999997,67.00999999999999,3.2433000000000014,2.0,4.0,4.0
83,Y-G 20,0,c1cccn2c1nc(c2)CCN,161.20799999999997,43.32,0.8354999999999999,1.0,2.0,2.0
84,ornidazole,1,Cc1ncc(n1CC(O)CCl)[N+]([O-])=O,219.628,81.19,0.6994199999999999,1.0,4.0,4.0
85,SKF101468,1,CCCN(CCc1c2c(ccc1)NC(=O)C2)CCC,260.381,32.34,2.8457000000000017,1.0,2.0,7.0
86,Org30526,1,Clc1cc2c(Oc3ccccc3C3CNCC32)cc1,271.747,21.259999999999998,3.9163000000000032,1.0,2.0,0.0
87,36,1,CN(CCC=C1c2ccccc2CCc2ccccc12)C,277.411,3.24,4.168600000000003,0.0,1.0,3.0
88,ceftriaxone,1,CO/N=C(C(=O)N[C@H]1[C@H]2SCC(=C(N2C1=O)C(O)=O)CSC3=NC(=O)C(=O)NN3C)/c4csc(N)n4,554.592,214.96000000000004,-1.6112999999999964,4.0,13.0,8.0
89,compound 42,1,N1(Cc2cccc(OCCCNc3ccccn3)c2)CCCCC1,325.4560000000002,37.39,3.948500000000003,1.0,4.0,8.0
90,Org32104,1,OC12c3c(Oc4c(C)cccc4C2CNCC1)cccc3,281.35499999999996,41.49,3.0654200000000014,2.0,3.0,0.0
91,compound 31,1,[O-][N+](C1=CC=NC1NCCSCc2ncccc2Br)=O,357.233,80.42,2.2380000000000004,1.0,6.0,7.0
92,SB204457,1,c12c3c(C(NC(C)=O)CCc2cc(c(c1OC)OC)OC)cc(=O)c(cc3)OC,399.4430000000001,83.09000000000002,2.8716000000000017,1.0,6.0,5.0
93,compound 41,1,C1CCN(CC1)Cc1cc(OCCCO)ccc1,249.35399999999996,32.7,2.433700000000001,1.0,3.0,6.0
94,clomethiazole,1,Cc1ncsc1CCCl,161.65699999999998,12.89,2.2328200000000002,0.0,2.0,2.0
95,celiprolol,1,CCN(CC)C(=O)Nc1ccc(OCC(O)CNC(C)(C)C)c(c1)C(C)=O,379.5010000000002,90.9,2.8907000000000007,3.0,5.0,9.0
96,"""1,1,1-Trifluro-2-chloroethane""",1,ClCC(F)(F)F,118.48500000000001,0.0,1.7875,0.0,0.0,0.0
97,33,1,CN1C(=O)c2c(cccc2Cl)n2cnc(c2C1)c1noc(n1)C(C)C,357.8010000000001,77.05,3.2847000000000017,0.0,5.0,2.0
98,cefoxitin,1,CO[C@]1(NC(=O)Cc2sccc2)[C@H]3SCC(=C(N3C1=O)C(O)=O)COC(N)=O,427.46000000000026,148.26,0.09859999999999991,3.0,8.0,7.0
99,Org34167,1,NC(CC=C)c1ccccc1c2noc3c2cccc3,264.328,52.05,4.070700000000002,1.0,3.0,4.0
100,9-OH Risperidone,1,OC1C(N2CCC1)=NC(C)=C(CCN3CCC(CC3)c4c5ccc(F)cc5on4)C2=O,426.49200000000013,84.38999999999999,3.0813200000000016,1.0,6.0,4.0
101,acetaminophen,1,CC(=O)Nc1ccc(O)cc1,151.165,49.33,1.3505999999999998,2.0,2.0,1.0
102,acetylsalicylate,0,CC(=O)Oc1ccccc1C(O)=O,180.15899999999996,63.6,1.3101,1.0,3.0,2.0
103,allopurinol,0,O=C1N=CN=C2NNC=C12,136.11399999999998,74.43,-0.4022000000000001,2.0,3.0,0.0
104,Alprostadil,0,CCCCC[C@H](O)/C=C/[C@H]1[C@H](O)CC(=O)[C@@H]1CCCCCCC(O)=O,354.48700000000014,94.83000000000001,3.475100000000002,3.0,4.0,13.0
105,aminophylline,0,CN1C(=O)N(C)c2nc[nH]c2C1=O.CN3C(=O)N(C)c4nc[nH]c4C3=O.NCCN,420.4340000000002,197.40000000000003,-3.1755999999999984,4.0,8.0,1.0
106,Amiodarone,0,CCCCc1oc2ccccc2c1C(=O)c3cc(I)c(OCCN(CC)CC)c(I)c3,645.3190000000002,42.68,6.936200000000007,0.0,4.0,11.0
107,amoxicillin,0,O.O.O.CC1(C)S[C@@H]2[C@H](NC(=O)[C@H](N)c3ccc(O)cc3)C(=O)N2[C@H]1C(O)=O,419.45600000000013,227.45999999999998,-2.4503999999999966,4.0,6.0,4.0
108,ampicillin,0,CC1(C)S[C@@H]2[C@H](NC(=O)[C@H](N)c3ccccc3)C(=O)N2[C@H]1C(O)=O,349.4120000000001,112.72999999999999,0.3181000000000002,3.0,5.0,4.0
109,androsan,0,C[C@]1(O)CC[C@H]2[C@@H]3CCC4=CC(=O)CC[C@]4(C)[C@H]3CC[C@]12C,302.4580000000001,37.3,4.269300000000004,1.0,2.0,0.0
110,oxaflumazine,1,OC(=O)CCC(O)=O.FC(F)(F)c1ccc2Sc3ccccc3N(CCCN4CCN(CCC5OCCCO5)CC4)c2c1,625.71,102.77999999999999,5.404700000000005,2.0,8.0,10.0
111,oxazepam,1,OC1N=C(c2ccccc2)c3cc(Cl)ccc3NC1=O,286.718,61.690000000000005,2.4478999999999997,2.0,3.0,1.0
112,oxiperomide,1,O=C1Nc2ccccc2N1C3CCN(CCOc4ccccc4)CC3,337.423,50.260000000000005,3.0455000000000014,1.0,3.0,5.0
113,oxycodone,1,COc1ccc2C[C@H]3N(C)CC[C@@]45[C@@H](Oc1c24)C(=O)CC[C@@]35O,315.3690000000001,59.0,1.0481999999999996,1.0,5.0,1.0
114,oxymorphone,1,CN1CC[C@]23[C@H]4Oc5c(O)ccc(C[C@@H]1[C@]2(O)CCC4=O)c35,301.3420000000001,70.0,0.7452000000000001,2.0,5.0,0.0
115,pecazine,1,CN1CCCC(C1)CN2c3ccccc3Sc4ccccc24,310.46600000000007,6.48,4.631100000000004,0.0,3.0,2.0
116,pemoline,1,NC1=NC(=O)C(O1)c2ccccc2,176.17499999999998,64.67999999999999,0.5992,1.0,3.0,1.0
117,pentazocine,1,C[C@@H]1[C@H]2Cc3ccc(O)cc3[C@]1(C)CCN2CC=C(C)C,285.431,23.47,3.8826000000000036,1.0,2.0,2.0
118,Ethionamide,1,CCc1cc(ccn1)C(N)=S,166.24899999999997,38.91,1.2782,1.0,2.0,2.0
119,Etoposide,0,COc1cc(cc(OC)c1O)[C@H]2[C@@H]3C(COC3=O)[C@H](O[C@@H]4O[C@@H]5CO[C@@H](C)O[C@H]5[C@H](O)[C@H]4O)c6cc7OCOc7cc26,588.5620000000001,160.83,1.338599999999999,3.0,13.0,5.0
120,Famotidine,1,NC(N)=Nc1scc(CSCCC(N)=N[S](N)(=O)=O)n1,337.456,175.82999999999998,-0.7679999999999989,4.0,6.0,7.0
121,Fluconazole,1,OC(Cn1cncn1)(Cn2cncn2)c3ccc(F)cc3F,306.276,81.64999999999999,0.7357999999999993,1.0,5.0,5.0
122,Foscarnetsodium,1,[Na+].[Na+].[Na+].[O-]C(=O)[P]([O-])([O-])=O,191.94999999999996,103.32,-11.7446,0.0,5.0,1.0
123,Gabapentin,1,NCC1(CCCCC1)CC(O)=O,171.24,63.32,1.3703,2.0,2.0,3.0
124,Nafcillin,0,[Na+].CCOc1ccc2ccccc2c1C(=O)N[C@H]3[C@H]4SC(C)(C)[C@@H](N4C3=O)C([O-])=O,436.4650000000002,98.77000000000001,-1.8468999999999949,1.0,6.0,5.0
125,Nalidixicacid,0,CCN1C=C(C(O)=O)C(=O)c2ccc(C)nc12,232.23899999999998,72.19,1.4230200000000002,1.0,3.0,2.0
126,Nelfinavir,0,Cc1c(O)cccc1C(=O)N[C@@H](CSc2ccccc2)[C@H](O)CN3C[C@H]4CCCC[C@H]4C[C@H]3C(=O)NC(C)(C)C,567.7960000000003,101.9,4.747620000000004,4.0,6.0,9.0
127,Astemizole,0,COc1ccc(CCN2CCC(CC2)Nc3nc4ccccc4n3Cc5ccc(F)cc5)cc1,458.58100000000013,42.32,5.351300000000005,1.0,4.0,8.0
128,atropine,0,CN1C2CCC1CC(C2)OC(=O)C(CO)c3ccccc3,289.375,49.769999999999996,1.9309,1.0,4.0,4.0
129,Auxeomycin,0,[Cl-].CN(C)[C@H]1[C@@H]2C[C@H]3C(=C(O)c4c(O)ccc(Cl)c4[C@@]3(C)O)C(=O)[C@]2(O)C(=O)\C(=C(N)/O)C1=O.[H+],515.3460000000003,181.62,-2.6010999999999953,6.0,10.0,1.0
130,Betamethasone,0,C[C@H]1C[C@H]2[C@@H]3CCC4=CC(=O)C=C[C@]4(C)[C@@]3(F)[C@@H](O)C[C@]2(C)[C@@]1(O)C(=O)CO,392.4670000000002,94.83,1.8957000000000002,3.0,5.0,2.0
131,carbenicillin,0,CC1(C)S[C@@H]2[C@H](NC(=O)C(C(O)=O)c3ccccc3)C(=O)N2[C@H]1C(O)=O,378.4060000000001,124.00999999999999,0.4864999999999999,3.0,5.0,5.0
132,carbidopa,0,C[C@@](Cc1ccc(O)c(O)c1)(NN)C(O)=O,226.232,115.81,-0.05310000000000015,5.0,5.0,4.0
133,carteolol,0,CC(C)(C)NCC(O)COc1cccc2NC(=O)CCc12,292.3790000000001,70.59,1.6990999999999998,3.0,4.0,5.0
134,Cefazolin,0,[Na+].Cc1sc(SCC2=C(N3[C@H](SC2)[C@H](NC(=O)Cn4cnnn4)C3=O)C([O-])=O)nn1,476.5010000000002,158.91999999999996,-4.966779999999996,1.0,12.0,7.0
135,cephapirin,0,CC(=O)OCC1=C(N2[C@H](SC1)[C@H](NC(=O)CSc3ccncc3)C2=O)C(O)=O,423.47200000000015,125.9,0.47539999999999977,2.0,8.0,7.0
136,chlorambucil,0,OC(=O)CCCc1ccc(cc1)N(CCCl)CCCl,304.217,40.54,3.377900000000002,1.0,2.0,9.0
137,pergolide,1,CCCN1C[C@H](CSC)C[C@H]2[C@H]1Cc3c[nH]c4cccc2c34,314.49800000000005,19.03,4.271100000000003,1.0,2.0,4.0
138,perlapine,1,CN1CCN(CC1)C2=Nc3ccccc3Cc4ccccc24,291.398,18.84,2.916500000000001,0.0,3.0,0.0
139,perphenazine-HCl,1,OCCN1CCN(CCCN2c3ccccc3Sc4ccc(Cl)cc24)CC1,403.9790000000002,29.950000000000003,3.942700000000003,1.0,5.0,6.0
140,pethidine,1,CCOC(=O)C1(CCN(C)CC1)c2ccccc2,247.338,29.54,2.2131,0.0,3.0,3.0
141,phencyclidine,1,C1CCN(CC1)C2(CCCCC2)c3ccccc3,243.39399999999998,3.24,4.331900000000004,0.0,1.0,2.0
142,phenelzine sulfate,1,NNCCc1ccccc1.O[S](O)(=O)=O,234.277,112.65,0.0395999999999993,4.0,4.0,3.0
143,phenobarbital,1,CCC1(C(=O)NC(=O)NC1=O)c2ccccc2,232.239,75.27000000000001,0.7003999999999997,2.0,3.0,2.0
144,phenprobamate,1,NC(=O)OCCCc1ccccc1,179.21900000000002,52.32000000000001,1.7145000000000001,1.0,2.0,4.0
145,physostigmine,1,CNC(=O)Oc1ccc2N(C)[C@H]3N(C)CC[C@@]3(C)c2c1,275.352,44.81,1.7739000000000003,1.0,4.0,1.0
146,Norepinephrine,0,NCC(O)c1ccc(O)c(O)c1,169.17999999999998,86.71000000000001,0.08989999999999998,4.0,4.0,2.0
147,Omeprazole,0,COc1ccc2nc([nH]c2c1)[S](=O)Cc3ncc(C)c(OC)c3C,345.42400000000015,77.10000000000001,2.8997400000000013,1.0,5.0,5.0
148,Oxacillin,0,Cc1onc(c2ccccc2)c1C(=O)N[C@H]3[C@H]4SC(C)(C)[C@@H](N4C3=O)C(O)=O,401.4440000000002,112.74000000000001,1.8953199999999997,2.0,6.0,4.0
149,Pentostatin,1,OC[C@H]1O[C@H](C[C@@H]1O)n2cnc3[C@H](O)CN=CNc23,268.273,112.13,-0.9890000000000005,4.0,7.0,2.0
150,Phenoxymethylpenicillin,0,CC1(C)S[C@@H]2[C@H](NC(=O)COc3ccccc3)C(=O)N2[C@H]1C([O-])=O,349.3880000000001,98.77000000000001,-0.6375999999999995,1.0,6.0,5.0
151,chloramphenicol,0,OCC(NC(=O)C(Cl)Cl)C(O)c1ccc(cc1)[N+]([O-])=O,323.13200000000006,112.70000000000002,0.909,3.0,5.0,6.0
152,chlorothiazide,0,N[S](=O)(=O)c1cc2c(NC=N[S]2(=O)=O)cc1Cl,295.72900000000004,118.69,0.12990000000000024,2.0,5.0,1.0
153,chlorpropamide,0,CCCNC(=O)N[S](=O)(=O)c1ccc(Cl)cc1,276.745,75.27000000000001,1.7379,2.0,3.0,4.0
154,Chlortetracycline,0,CN(C)[C@H]1[C@@H]2C[C@H]3C(=C(O)c4c(O)ccc(Cl)c4[C@@]3(C)O)C(=O)[C@]2(O)C(=O)\C(=C(N)/O)C1=O,478.88500000000033,181.62,0.28239999999999993,6.0,10.0,1.0
155,chlorthalidone,0,N[S](=O)(=O)c1cc(ccc1Cl)C2(O)NC(=O)c3ccccc23,338.7720000000001,109.49000000000001,0.9242000000000007,3.0,4.0,2.0
156,clofibrate,0,CCOC(=O)C(C)(C)Oc1ccc(Cl)cc1,242.702,35.53,3.060500000000001,0.0,3.0,4.0
157,clofibric acid,0,CC(C)(Oc1ccc(Cl)cc1)C(O)=O,214.648,46.53,2.582,1.0,2.0,3.0
158,clotrimazole,0,Clc1ccccc1C(n2ccnc2)(c3ccccc3)c4ccccc4,344.845,17.82,5.376700000000004,0.0,1.0,4.0
159,corticosterone,0,C[C@]12C[C@H](O)[C@H]3[C@@H](CCC4=CC(=O)CC[C@]34C)[C@@H]1CC[C@@H]2C(=O)CO,346.46700000000016,74.6,2.666700000000002,2.0,4.0,2.0
160,Cortisone,0,C[C@]12CCC(=O)C=C1CC[C@H]3[C@@H]4CC[C@](O)(C(=O)CO)[C@@]4(C)CC(=O)[C@H]23,360.45000000000016,91.66999999999999,1.9898,2.0,5.0,2.0
161,piflutixol,1,OCC[C@@H]1CCN(CC\C=C2/c3ccc(F)cc3Sc4ccc(cc24)C(F)(F)F)CC1,451.52900000000017,23.47,6.225300000000005,1.0,3.0,5.0
162,pimozide,1,Fc1ccc(cc1)C(CCCN2CCC(CC2)N3C(=O)Nc4ccccc34)c5ccc(F)cc5,461.5560000000001,41.03,5.8570000000000055,1.0,2.0,7.0
163,pinoxepin,1,OCCN1CCN(CC\C=C/2c3ccccc3COc4ccc(Cl)cc24)CC1,398.93400000000014,35.94,3.664100000000002,1.0,4.0,5.0
164,pipamperone,1,NC(=O)C1(CCN(CCCC(=O)c2ccc(F)cc2)CC1)N3CCCCC3,375.4880000000003,66.64,2.5943999999999994,1.0,4.0,7.0
165,prazepam,1,Clc1ccc2N(CC3CC3)C(=O)CN=C(c4ccccc4)c2c1,324.811,32.67,3.934000000000003,0.0,2.0,3.0
166,pregnanolone,1,CC(=O)[C@H]1CC[C@H]2[C@@H]3CC[C@@H]4C[C@H](O)CC[C@]4(C)[C@H]3CC[C@]12C,318.5010000000001,37.3,4.595200000000005,1.0,2.0,1.0
167,primidone,1,CCC1(C(=O)NCNC1=O)c2ccccc2,218.256,58.2,0.5378999999999994,2.0,2.0,2.0
168,procaine,1,CCN(CC)CCOC(=O)c1ccc(N)cc1,236.315,55.56,1.7673999999999999,1.0,4.0,6.0
169,procyclidine,1,OC(CCN1CCCC1)(C2CCCCC2)c3ccccc3,287.44699999999995,23.47,3.940400000000003,1.0,2.0,5.0
170,promazine,1,CN(C)CCCN1c2ccccc2Sc3ccccc13,284.42800000000005,6.48,4.241000000000003,0.0,3.0,4.0
171,Pindolol,1,CC(C)NCC(O)COc1cccc2[nH]ccc12,248.32600000000002,57.279999999999994,1.9055999999999995,3.0,3.0,6.0
172,Plicamycin,1,CO[C@@H]([C@@H]1Cc2cc3cc(O[C@H]4C[C@@H](O[C@H]5C[C@@H](O)[C@H](O)[C@@H](C)O5)[C@H](O)[C@@H](C)O4)c(C)c(O)c3c(O)c2C(=O)[C@H]1O[C@H]6C[C@@H](O[C@H]7C[C@@H](O[C@H]8C[C@](C)(O)[C@H](O)[C@@H](C)O8)[C@H](O)[C@@H](C)O7)[C@H](O)[C@@H](C)O6)C(=O)[C@@H](O)[C@@H](C)O,1085.1560000000002,358.20000000000005,-0.24927999999999162,11.0,24.0,15.0
173,Pravastatin,0,CC[C@H](C)C(=O)O[C@H]1C[C@H](O)C=C2C=C[C@H](C)[C@H](CC[C@@H](O)C[C@@H](O)CC(O)=O)[C@@H]12,424.5340000000002,124.29000000000002,2.4404000000000003,4.0,6.0,10.0
174,Praziquantel,1,O=C1CN(CC2N1CCc3ccccc23)C(=O)C4CCCCC4,312.4130000000002,40.620000000000005,2.5349000000000004,0.0,2.0,1.0
175,Trimethoprim,1,COc1cc(Cc2cnc(N)nc2N)cc(OC)c1OC,290.32300000000004,105.51,1.2575999999999998,2.0,7.0,5.0
176,Trimetrexate,0,COc1cc(NCc2ccc3nc(N)nc(N)c3c2C)cc(OC)c1OC,369.4250000000001,117.54,2.740520000000001,3.0,8.0,6.0
177,Trometamol,0,NC(CO)(CO)CO,121.136,86.71000000000001,-2.3391999999999995,4.0,4.0,3.0
178,Trovafloxacin,1,NC1[C@H]2CN(C[C@@H]12)c3nc4N(C=C(C(O)=O)C(=O)c4cc3F)c5ccc(F)cc5F,416.3590000000001,101.44999999999999,1.8944999999999996,2.0,5.0,3.0
179,Urea,1,NC(N)=O,60.056,69.11,-0.9762000000000002,2.0,1.0,0.0
180,coumarin,0,O=C1Oc2ccccc2C=C1,146.14499999999998,30.21,1.793,0.0,2.0,0.0
181,dapsone,0,Nc1ccc(cc1)[S](=O)(=O)c2ccc(N)cc2,248.307,86.18,1.6838000000000002,2.0,4.0,2.0
182,Dehydrocholic acid,0,C[C@H](CCC(O)=O)[C@H]1CC[C@H]2[C@H]3[C@H](CC(=O)[C@]12C)[C@@]4(C)CCC(=O)C[C@H]4CC3=O,402.53100000000023,88.50999999999999,4.073300000000003,1.0,4.0,4.0
183,dicumarol,0,OC1=C(CC2=C(O)Oc3ccccc3C2=O)C(=O)c4ccccc4O1,336.29900000000004,100.88000000000001,2.9014000000000006,2.0,6.0,2.0
184,dicyclomine,0,CCN(CC)CCOC(=O)C1(CCCCC1)C2CCCCC2,309.4940000000001,29.54,4.402200000000004,0.0,3.0,7.0
185,Diethylstilbestrol,0,CC\C(c1ccc(O)cc1)=C(\CC)c2ccc(O)cc2,268.35599999999994,40.46,4.828600000000004,2.0,2.0,4.0
186,Digitoxin,0,C[C@H]1O[C@H](C[C@H](O)[C@@H]1O)O[C@H]2[C@@H](O)C[C@@H](O[C@@H]2C)O[C@H]3[C@@H](O)C[C@@H](O[C@@H]3C)O[C@H]4CC[C@@]5(C)[C@H](CC[C@@H]6[C@@H]5CC[C@]7(C)[C@@H](CC[C@]67O)C8=CC(=O)OC8)C4,764.9499999999998,182.82999999999998,3.247300000000002,5.0,13.0,7.0
187,Digoxin,0,C[C@H]1O[C@H](C[C@H](O)[C@@H]1O)O[C@H]2[C@@H](O)C[C@@H](O[C@@H]2C)O[C@H]3[C@@H](O)C[C@@H](O[C@@H]3C)O[C@H]4CC[C@@]5(C)[C@H](CC[C@@H]6[C@@H]5C[C@@H](O)[C@]7(C)[C@H](CC[C@]67O)C8=CC(=O)OC8)C4,780.949,203.05999999999997,2.2181000000000015,6.0,14.0,7.0
188,Domperidone,0,Clc1ccc2N(C3CCN(CCCN4C(=O)Nc5ccccc45)CC3)C(=O)Nc2c1,425.9200000000002,78.82,3.353200000000001,2.0,3.0,5.0
189,promethazine-HCl,1,CC(CN1c2ccccc2Sc3ccccc13)N(C)C,284.428,6.48,4.239400000000003,0.0,3.0,3.0
190,propiomazine,1,CCC(=O)c1ccc2Sc3ccccc3N(CC(C)N(C)C)c2c1,340.4920000000001,23.550000000000004,4.832100000000005,0.0,4.0,5.0
191,propofol,1,CC(C)c1cccc(C(C)C)c1O,178.27499999999995,20.23,3.6390000000000025,1.0,1.0,2.0
192,protriptyline,1,CNCCCC1c2ccccc2C=Cc3ccccc13,263.384,12.03,4.301900000000003,1.0,1.0,4.0
193,pyridazinone,1,O=C1C=CNN=C1,96.089,45.75,-0.23010000000000003,1.0,2.0,0.0
194,quazepam,1,Fc1ccccc1C2=NCC(=S)N(CC(F)(F)F)c3ccc(Cl)cc23,386.8010000000001,15.6,5.026200000000003,0.0,2.0,2.0
195,rescinnamine,1,CO[C@H]1[C@@H](C[C@@H]2CN3CCc4c([nH]c5cc(OC)ccc45)[C@H]3C[C@@H]2[C@@H]1C(=O)OC)OC(=O)\C=C\c6cc(OC)c(OC)c(OC)c6,634.7260000000002,117.78000000000002,4.570700000000004,1.0,10.0,9.0
196,reserpine,1,CO[C@H]1[C@@H](C[C@@H]2CN3CCc4c([nH]c5cc(OC)ccc45)[C@H]3C[C@@H]2[C@@H]1C(=O)OC)OC(=O)c6cc(OC)c(OC)c(OC)c6,608.6880000000003,117.78000000000002,4.171100000000004,1.0,10.0,8.0
197,secobarbital,1,CCCC(C)C1(CC=C)C(=O)NC(=O)NC1=O,238.287,75.27000000000001,1.3510999999999997,2.0,3.0,5.0
198,spiclomazine,1,[H+].[Cl-].Clc1ccc2Sc3ccccc3N(CCCN4CCC5(CC4)NC(=O)CS5)c2c1,482.50200000000046,35.58,2.1044,1.0,5.0,4.0
199,Atovaquone,0,OC1=C(C2CCC(CC2)c3ccc(Cl)cc3)C(=O)C(=O)c4ccccc14,366.84400000000016,54.37,5.348500000000005,1.0,3.0,2.0
200,Azelaicacid,0,OC(=O)CCCCCCCC(O)=O,188.22299999999998,74.6,1.8863,2.0,2.0,8.0
201,Azithromycin,0,CC[C@H]1OC(=O)[C@H](C)[C@@H](O[C@H]2C[C@@](C)(OC)[C@@H](O)[C@H](C)O2)C(C)[C@@H](O[C@@H]3O[C@H](C)C[C@@H]([C@H]3O)N(C)C)[C@](C)(O)C[C@@H](C)CN(C)[C@H](C)[C@@H](O)[C@]1(C)O,748.996,180.08,1.9007000000000054,5.0,14.0,7.0
202,Bacitracin,0,CCC(C)C(N)C1=NC(CS1)C(=O)N[C@@H](CC(C)C)C(=O)N[C@H](CCC(O)=O)C(=O)N[C@@H]([C@@H](C)CC)C(=O)NCCCC[C@@H]2NC(=O)[C@H](CC(N)=O)NC(=O)[C@@H](CC(O)=O)NC(=O)[C@H](Cc3[nH]cnc3)NC(=O)[C@@H](Cc4ccccc4)NC(=O)[C@@H](NC(=O)[C@@H](CCCN)NC2=O)[C@@H](C)CC,1422.72,530.8699999999999,-1.6776000000000246,17.0,19.0,35.0
203,Bethanechol,0,[Cl-].CC(C[N+](C)(C)C)OC(N)=O,196.678,52.32,-2.819599999999996,1.0,2.0,3.0
204,Bretyliumtosilate,0,CC[N+](C)(C)Cc1ccccc1Br.Cc2ccc(cc2)[S]([O-])(=O)=O,414.3650000000001,57.199999999999996,3.9445200000000034,0.0,3.0,4.0
205,Bromocriptine,0,CC(C)C[C@@H]1N2C(=O)[C@](NC(=O)[C@H]3CN(C)[C@@H]4Cc5c(Br)[nH]c6cccc(C4=C3)c56)(O[C@@]2(O)[C@@H]7CCCN7C1=O)C(C)C,654.6059999999999,118.21000000000001,3.192800000000001,3.0,6.0,5.0
206,Buprenorphine,1,c12[C@]34[C@@]56[C@H]([N@@](CC7CC7)CC4)Cc2ccc(c1O[C@H]3[C@](OC)([C@H](C5)[C@](C(C)(C)C)(C)O)CC6)O,467.6500000000003,62.16000000000001,4.4138000000000055,2.0,5.0,4.0
207,dopamine,0,NCCc1ccc(O)c(O)c1,153.18099999999998,66.48,0.5989999999999998,3.0,3.0,2.0
208,doxorubicin,0,COc1cccc2C(=O)c3c(O)c4C[C@](O)(C[C@H](O[C@H]5C[C@H](N)[C@H](O)[C@H](C)O5)c4c(O)c3C(=O)c12)C(=O)CO,543.5250000000003,206.06999999999996,0.0012999999999999123,6.0,12.0,5.0
209,doxycycline,0,O.C[C@@H]1[C@H]2[C@H](O)[C@H]3[C@H](N(C)C)C(=O)C(=C(N)/O)/C(=O)[C@@]3(O)C(=O)C2=C(O)c4c(O)cccc14,462.4550000000002,213.11999999999998,-1.3288999999999962,6.0,10.0,1.0
210,Dyclonine,0,[Cl].CCCCOc1ccc(cc1)C(=O)CCN2CCCCC2,324.8720000000002,29.54,4.613700000000004,0.0,3.0,8.0
211,Econazole,0,Clc1ccc(COC(Cn2ccnc2)c3ccc(Cl)cc3Cl)cc1,381.69000000000005,27.05,5.801400000000003,0.0,2.0,6.0
212,enkephalin,0,CC(C)[C@H](NC(=O)[C@H](Cc1ccccc1)NC(=O)CNC(=O)[C@@H](C)NC(=O)[C@@H](N)Cc2ccc(O)cc2)C(N)=O,554.6480000000003,205.74,-0.7634999999999934,7.0,7.0,14.0
213,Ephedrine,0,CN[C@@H](C)[C@H](O)c1ccccc1,165.236,32.26,1.3278999999999999,2.0,2.0,3.0
214,epinephrine,0,CNC[C@H](O)c1ccc(O)c(O)c1,183.207,72.72,0.35060000000000013,4.0,4.0,3.0
215,erythromycin,0,CC[C@H]1OC(=O)[C@H](C)[C@@H](O[C@H]2C[C@@](C)(OC)[C@@H](O)[C@H](C)O2)[C@H](C)[C@@H](O[C@@H]3O[C@H](C)C[C@@H]([C@H]3O)N(C)C)[C@](C)(O)C[C@@H](C)C(=O)[C@H](C)[C@@H](O)[C@]1(C)O,733.9370000000001,193.91,1.785600000000004,5.0,14.0,7.0
216,estradiol,0,C[C@]12CC[C@H]3[C@@H](CCc4cc(O)ccc34)[C@@H]1CC[C@@H]2O,272.388,40.46,3.6092000000000026,2.0,2.0,0.0
217,tacrine,1,Nc1c2CCCCc2nc3ccccc13,198.26900000000003,38.91,2.695800000000001,1.0,2.0,0.0
218,temazepam,1,CN1C(=O)C(O)N=C(c2ccccc2)c3cc(Cl)ccc13,300.74500000000006,52.900000000000006,2.4722,1.0,3.0,1.0
219,tetrabenzine,1,COc1cc2CCN3CC(CC(C)C)C(=O)CC3c2cc1OC,317.4290000000001,38.769999999999996,3.238100000000002,0.0,4.0,4.0
220,thc,1,CCCCCc1cc(O)c2[C@@H]3C=C(C)CC[C@H]3C(C)(C)Oc2c1,314.469,29.46,5.735800000000006,1.0,2.0,4.0
221,thebaine,1,COC1=CC=C2[C@H]3Cc4ccc(OC)c5O[C@@H]1[C@]2(CCN3C)c45,311.3810000000001,30.93,2.4245,0.0,4.0,2.0
222,thiethylperazine,1,CCSc1ccc2Sc3ccccc3N(CCCN4CCN(C)CC4)c2c1,399.6290000000003,9.72,5.0388000000000055,0.0,5.0,6.0
223,thioridazine,1,CSc1ccc2Sc3ccccc3N(CCC4CCCCN4C)c2c1,370.5870000000002,6.48,5.885600000000006,0.0,4.0,4.0
224,thiothixene,1,CN1CCN(CC/C=C/2c3ccccc3Sc4ccc(cc24)[S](=O)(=O)N(C)C)CC1,443.63800000000026,43.86000000000001,3.4707000000000026,0.0,5.0,5.0
225,tranylcypromine,1,[Cl-].N[C@@H]1C[C@H]1c2ccccc2.[H+],169.655,26.02,-1.3822999999999985,1.0,1.0,1.0
226,trazodone,1,Clc1cccc(c1)N2CCN(CCCN3N=C4C=CC=CN4C3=O)CC2,371.87200000000007,45.78,2.3617,0.0,4.0,5.0
227,Busulfan,1,C[S](=O)(=O)OCCCCO[S](C)(=O)=O,246.30599999999998,86.74000000000001,-0.2809999999999997,0.0,6.0,7.0
228,Cefradine,0,CC1=C(N2[C@H](SC1)[C@H](NC(=O)[C@H](N)C3=CCC=CC3)C2=O)C(O)=O,349.41200000000015,112.73000000000002,0.3486000000000002,3.0,5.0,4.0
229,Chloroquine,1,CCN(CC)CCCC(C)Nc1ccnc2cc(Cl)ccc12,319.88000000000005,28.16,4.810600000000004,1.0,3.0,8.0
230,Cisapride,1,O.COC1CN(CCCOc2ccc(F)cc2)CCC1NC(=O)c3cc(Cl)c(N)cc3OC,483.96800000000025,117.55000000000001,2.5334000000000003,2.0,6.0,9.0
231,Cladribine,1,Nc1nc(Cl)nc2n(cnc12)[C@H]3C[C@H](O)[C@@H](CO)O3,285.69100000000003,119.31000000000002,-0.29740000000000044,3.0,7.0,2.0
232,Clidiniumbromide,0,[Br-].C[N+]12CCC(CC1)C(C2)OC(=O)C(O)(c3ccccc3)c4ccccc4,432.35800000000006,46.53,-0.29149999999999543,1.0,3.0,4.0
233,estrone,0,C[C@]12CC[C@H]3[C@@H](CCc4cc(O)ccc34)[C@@H]1CCC2=O,270.372,37.3,3.817400000000003,1.0,2.0,0.0
234,Ethacrynic acid,0,CCC(=C)C(=O)c1ccc(OCC(O)=O)c(Cl)c1Cl,303.14099999999996,63.6,3.6057000000000023,1.0,3.0,6.0
235,ethinylestradiol,0,C[C@]12CC[C@H]3[C@@H](CCc4cc(O)ccc34)[C@@H]1CC[C@@]2(O)C#C,296.41,40.46,3.6126000000000023,2.0,2.0,0.0
236,fenoterol,0,CC(Cc1ccc(O)cc1)NCC(O)c2cc(O)cc(O)c2,303.358,92.95,2.0576,5.0,5.0,6.0
237,floxuridine,0,OC[C@H]1O[C@H](C[C@@H]1O)N2C=C(F)C(=O)NC2=O,246.19399999999996,104.54999999999998,-1.6835999999999995,3.0,5.0,2.0
238,Flucloxacillin,0,Cc1onc(c1C(=O)N[C@H]2[C@H]3SC(C)(C)[C@@H](N3C2=O)C(O)=O)c4c(F)cccc4Cl,453.87900000000013,112.74000000000001,2.6878200000000003,2.0,6.0,4.0
239,fluorouracil,0,FC1=CNC(=O)NC1=O,130.078,65.72,-0.7977000000000001,2.0,2.0,0.0
240,furosemide,0,N[S](=O)(=O)c1cc(C(O)=O)c(NCc2occc2)cc1Cl,330.749,122.63000000000001,1.8907,3.0,5.0,5.0
241,ganciclovir,0,NC1=NC(=O)c2ncn(COC(CO)CO)c2N1,255.23399999999998,139.28000000000003,-1.970899999999999,4.0,7.0,5.0
242,glycopyrrolate,0,[Br-].C[N+]1(C)CCC(C1)OC(=O)C(O)(C2CCCC2)c3ccccc3,398.3410000000002,46.53,-0.5396999999999963,1.0,3.0,4.0
243,trifluperidol,1,OC1(CCN(CCCC(=O)c2ccc(F)cc2)CC1)c3cccc(c3)C(F)(F)F,409.42300000000006,40.54,4.791000000000005,1.0,3.0,6.0
244,triflupromazine,1,CN(C)CCCN1c2ccccc2Sc3ccc(cc13)C(F)(F)F,352.42500000000007,6.48,5.259800000000004,0.0,3.0,4.0
245,trifluroperazine,1,CN1CCN(CCCN2c3ccccc3Sc4ccc(cc24)C(F)(F)F)CC1,407.50500000000017,9.72,4.945600000000004,0.0,4.0,4.0
246,trihexyphenidyl,1,OC(CCN1CCCCC1)(C2CCCCC2)c3ccccc3,301.47399999999993,23.47,4.330500000000004,1.0,2.0,5.0
247,trimetozine,1,COc1cc(cc(OC)c1OC)C(=O)N2CCOCC2,281.308,57.230000000000004,1.1847999999999999,0.0,5.0,4.0
248,trimipramine,1,CC(CN(C)C)CN1c2ccccc2CCc3ccccc13,294.442,6.48,4.121000000000003,0.0,2.0,4.0
249,tybamate,1,CCCCNC(=O)OCC(C)(CCC)COC(N)=O,274.36099999999993,90.65,2.4144,2.0,4.0,9.0
250,uridine,1,OCC1OC(C(O)C1O)N2C=CC(=O)NC2=O,244.203,124.77999999999997,-2.8519000000000005,4.0,6.0,2.0
251,valproicacid,1,CCCC(CCC)C(O)=O,144.214,37.3,2.2874,1.0,1.0,5.0
252,zimelidine,1,CN(C)C/C=C(/c1ccc(Br)cc1)c2cccnc2,317.22999999999996,16.130000000000003,3.8374000000000024,0.0,2.0,4.0
253,Clofazimine,0,CC(C)N=C1C=C2N(c3ccc(Cl)cc3)c4ccccc4N=C2C=C1Nc5ccc(Cl)cc5,473.40700000000015,42.21,7.489800000000005,1.0,3.0,4.0
254,Colchicine,0,COC1=CC=C2C(=CC1=O)[C@H](CCc3cc(OC)c(OC)c(OC)c23)NC(C)=O,399.44300000000015,83.09,2.871600000000001,1.0,6.0,5.0
255,Cromoglicicacid,0,OC(COc1ccc2OC(=CC(=O)c2c1)C(O)=O)COc3cccc4OC(=CC(=O)c34)C(O)=O,468.3700000000003,173.70999999999998,2.1145,3.0,9.0,8.0
256,Cycloserine,1,NC1CONC1=O,102.09299999999999,64.35,-1.6249000000000007,2.0,3.0,0.0
257,Hydroxycarbamide,1,NC(=O)NO,76.05499999999999,75.35000000000001,-0.9561000000000002,3.0,2.0,0.0
258,Ipratropiumbromide,0,[Br-].CC(C)[N+]1(C)C2CCC1CC(C2)OC(=O)C(CO)c3ccccc3,412.3680000000001,46.53,-0.14189999999999614,1.0,3.0,5.0
259,guanabenz,0,NC(N)=N\N=C\c1c(Cl)cccc1Cl,231.086,76.76,1.6007000000000005,2.0,2.0,2.0
260,guanethidinesulfate,0,NC(N)=NCCN1CCCCCCC1,198.31399999999994,67.64,0.5258999999999996,2.0,2.0,3.0
261,homatropine,0,CN1C2CCC1CC(C2)OC(=O)C(O)c3ccccc3,275.348,49.769999999999996,1.8884,1.0,4.0,3.0
262,hydralazine,0,NNc1nncc2ccccc12,160.17999999999998,63.83,0.9153999999999998,2.0,4.0,1.0
263,Hydrochlorothiazide,0,N[S](=O)(=O)c1cc2c(NCN[S]2(=O)=O)cc1Cl,297.745,118.35999999999999,-0.35129999999999945,3.0,5.0,1.0
264,Hydrocortisone,0,C[C@]12CCC(=O)C=C1CC[C@H]3[C@@H]4CC[C@](O)(C(=O)CO)[C@@]4(C)C[C@H](O)[C@H]23,362.4660000000001,94.83,1.7815999999999999,3.0,5.0,2.0
265,hydroflumethiazide,0,N[S](=O)(=O)c1cc2c(NCN[S]2(=O)=O)cc1C(F)(F)F,331.297,118.35999999999999,0.014100000000000501,3.0,5.0,1.0
266,ibuprofen,0,CC(C)Cc1ccc(cc1)C(C)C(O)=O,206.28499999999997,37.3,3.073200000000001,1.0,1.0,4.0
267,indomethacin,0,COc1ccc2n(c(C)c(CC(O)=O)c2c1)C(=O)c3ccc(Cl)cc3,357.793,68.53,3.9273200000000026,1.0,3.0,4.0
268,35,0,c12c(c(ccc1)Cl)C(N(Cc1n2cnc1c1nc(on1)[C@](CO)(C)O)C)=O,389.79900000000015,117.51000000000002,1.3610999999999998,2.0,7.0,3.0
269,1-47,0,NCCc1cn2c(n1)cccc2,161.208,43.32,0.8354999999999998,1.0,2.0,2.0
270,1-48,1,CCCN(CCC)CCc1ccc(c2c1CC(N2)=C)O,274.40799999999996,35.5,3.5384000000000024,2.0,3.0,7.0
271,9-OH-risperidone,1,c1(c2c(cc(F)cc2)on1)C1CCN(CCc2c(n3c([C@@H](CCC3)O)nc2C)=O)CC1,426.49200000000025,84.39000000000001,3.0813200000000016,1.0,6.0,4.0
272,Alprazolam,1,Cc1nnc2CN=C(c3ccccc3)c4cc(Cl)ccc4n12,308.77200000000005,43.07,3.5801200000000026,0.0,3.0,1.0
273,BCNU,1,ClCCNC(=O)N(CCCl)N=O,214.05199999999996,61.77,1.157,1.0,3.0,5.0
274,Itraconazole,0,CCC(C)N1N=CN(C1=O)c2ccc(cc2)N3CCN(CC3)c4ccc(OC[C@H]5CO[C@@](Cn6cncn6)(O5)c7ccc(Cl)cc7Cl)cc4,705.6470000000003,104.7,5.5773000000000055,0.0,9.0,11.0
275,Kanamycin,0,NCC1OC(OC2C(N)CC(N)C(OC3OC(CO)C(O)C(N)C3O)C2O)C(O)C(O)C1O,484.5030000000001,282.61,-7.2913999999999985,11.0,15.0,6.0
276,Ketoprofen,1,CC(C(O)=O)c1cccc(c1)C(=O)c2ccccc2,254.285,54.37,3.1057000000000015,1.0,2.0,4.0
277,Ketorolac,0,OC(=O)C1CCn2c1ccc2C(=O)c3ccccc3,255.27300000000002,59.3,2.2910000000000004,1.0,2.0,3.0
278,Metaraminol,0,C[C@H](N)[C@H](O)c1cccc(O)c1,167.20799999999997,66.48,0.7728000000000002,3.0,3.0,2.0
279,isoniazid,0,NNC(=O)c1ccncc1,137.142,68.00999999999999,-0.3149000000000006,2.0,3.0,1.0
280,Isoproterenol,0,CC(C)NCC(O)c1ccc(O)c(O)c1,211.261,72.72,1.1291999999999998,4.0,4.0,4.0
281,Isoquercitrin,0,OC[C@H]1O[C@@H](OC2=C(Oc3cc(O)cc(O)c3C2=O)c4ccc(O)c(O)c4)[C@H](O)[C@@H](O)[C@@H]1O,464.37900000000013,210.50999999999996,-0.5389000000000002,8.0,12.0,4.0
282,Ketoconazole,0,CC(=O)N1CCN(CC1)c2ccc(OC[C@H]3CO[C@@](Cn4ccnc4)(O3)c5ccc(Cl)cc5Cl)cc2,531.4400000000003,69.06,4.2058000000000035,0.0,6.0,7.0
283,labetalol,0,CC(CCc1ccccc1)NCC(O)c2ccc(O)c(c2)C(N)=O,328.4120000000001,95.57999999999998,2.1353999999999997,4.0,4.0,8.0
284,levodopa,0,N[C@@H](Cc1ccc(O)c(O)c1)C(O)=O,197.18999999999997,103.78,0.05219999999999991,4.0,4.0,3.0
285,mannitol,0,OCC(O)C(O)C(O)C(O)CO,182.172,121.38000000000001,-3.5854000000000004,6.0,6.0,5.0
286,Meclocycline,0,CN(C)C1C2C(O)C3C(=C)c4c(Cl)ccc(O)c4C(=C3C(=O)C2(O)C(=O)\C(=C(N)/O)C1=O)O,476.86900000000026,181.61999999999998,0.0588999999999994,6.0,10.0,1.0
287,Meclofenamate,0,Cc1ccc(Cl)c(Nc2ccccc2C(O)=O)c1Cl,296.153,49.33,4.743620000000003,2.0,2.0,3.0
288,Mefenamic_acid,0,Cc1cccc(Nc2ccccc2C(O)=O)c1C,241.29,49.33,3.7452400000000017,2.0,2.0,3.0
289,Cimetidine,0,CN=C(NCCSCc1nc[nH]c1C)NC#N,252.347,88.88999999999999,0.5974,3.0,4.0,5.0
290,Clonidine,1,Clc1cccc(Cl)c1NC2=NCCN2,230.09799999999998,36.42,2.3644999999999996,2.0,3.0,1.0
291,Didanosine,0,OC[C@@H]1CC[C@@H](O1)n2cnc3C(=O)N=CNc23,236.23100000000002,93.03,-0.21050000000000008,2.0,5.0,2.0
292,Metoprolol,1,COCCc1ccc(OCC(O)CNC(C)C)cc1,267.36899999999997,50.72,1.6132,2.0,4.0,9.0
293,Metronidazole,1,Cc1ncc(n1CCO)[N+]([O-])=O,171.15599999999998,81.19,0.09201999999999982,1.0,4.0,3.0
294,Mifepristone,0,CC#C[C@]1(O)CC[C@H]2[C@@H]3CCC4=CC(=O)CCC4=C3[C@H](C[C@]12C)c5ccc(cc5)N(C)C,429.6040000000001,40.54,5.406500000000006,1.0,3.0,2.0
295,Minocycline,1,C1[C@@H]2[C@](C(=C3C(c4c(ccc(c4C[C@@H]13)N(C)C)O)=O)O)(C(C(C(N)=O)=C([C@H]2N(C)C)O)=O)O,457.4830000000002,164.62999999999997,0.18660000000000165,5.0,9.0,3.0
296,Moclobemide,1,Clc1ccc(cc1)C(=O)NCCN2CCOCC2,268.74399999999997,41.57000000000001,1.4019999999999997,1.0,3.0,4.0
297,Propanthelinebromide,0,[Br-].CC(C)[N+](C)(CCOC(=O)C1c2ccccc2Oc3ccccc13)C(C)C,448.4010000000001,35.53,1.7348000000000017,0.0,3.0,6.0
298,Pyrazinamide,1,NC(=O)c1cnccn1,123.11499999999998,68.87,-0.4245000000000001,1.0,3.0,1.0
299,Pyridostigminebromide,1,[Br-].CN(C)C(=O)Oc1ccc[n+](C)c1,261.11899999999997,33.42,-2.4244999999999974,0.0,2.0,1.0
300,Pyrimethamine,1,CCc1nc(N)nc(N)c1c2ccc(Cl)cc2,248.71700000000004,77.82,2.5238000000000005,2.0,4.0,2.0
301,Quinine,0,COc1ccc2nccc([C@@H](O)[C@@H]3C[C@H]4CCN3C[C@@H]4C=C)c2c1,324.4240000000001,45.59,3.1732000000000014,1.0,4.0,4.0
302,melphalan,0,NC(Cc1ccc(cc1)N(CCCl)CCCl)C(O)=O,305.2049999999999,66.56,1.925,2.0,3.0,8.0
303,mepenzolatebromide,0,[Br-].C[N+]1(C)CCCC(C1)OC(=O)C(O)(c2ccccc2)c3ccccc3,420.34700000000004,46.53,-0.29149999999999543,1.0,3.0,4.0
304,mepiramine,0,COc1ccc(CN(CCN(C)C)c2ccccn2)cc1,285.391,28.6,2.658400000000001,0.0,4.0,7.0
305,mequitazine,0,C1CN2CCC1C(C2)CN3c4ccccc4Sc5ccccc35,322.47700000000003,6.48,4.631100000000004,0.0,3.0,2.0
306,mestranol,0,COc1ccc2[C@H]3CC[C@@]4(C)[C@@H](CC[C@@]4(O)C#C)[C@@H]3CCc2c1,310.43700000000007,29.46,3.915600000000003,1.0,2.0,1.0
307,methantheline,0,CC[N+](C)(CC)CCOC(=O)C1c2ccccc2Oc3ccccc13,340.4430000000001,35.53,3.953800000000003,0.0,3.0,6.0
308,methotrexate,0,CN(Cc1cnc2nc(N)nc(N)c2n1)c3ccc(cc3)C(=O)N[C@@H](CCC(O)=O)C(O)=O,454.44700000000023,210.53999999999996,0.2684000000000003,5.0,10.0,9.0
309,Methyclothiazide,0,CN1C(CCl)Nc2cc(Cl)c(cc2[S]1(=O)=O)[S](N)(=O)=O,360.24400000000014,109.57,0.5983000000000003,2.0,5.0,2.0
310,methyldopa,0,C[C@](N)(Cc1ccc(O)c(O)c1)C(O)=O,211.21699999999998,103.78,0.4423000000000001,4.0,4.0,3.0
311,Icotidine,0,[Cl-].[Cl-].[Cl-].COc1cccnc1CCCCNC2=NC=C(Cc3ccc(C)nc3)C(=O)N2.[H+].[H+].[H+],488.8470000000002,92.78999999999999,-5.74798000000001,2.0,6.0,9.0
312,L-663581,1,CC(C)c1onc(n1)c2ncn3c2CN(C)C(=O)c4c(Cl)cccc34,357.8010000000001,77.05000000000001,3.2847000000000017,0.0,5.0,2.0
313,Lupitidine,0,Cc1ccc(CC2=CN=C(NCCSCc3oc(cc3)C(C)(C)N)NC2=O)cn1,413.54700000000014,109.83,3.1962200000000003,3.0,7.0,9.0
314,Mianserin,1,CN1CCN2C(C1)c3ccccc3Cc4ccccc24,264.372,6.48,3.0839000000000016,0.0,2.0,0.0
315,Midazolam,1,Cc1ncc2CN=C(c3ccccc3F)c4cc(Cl)ccc4n12,325.77400000000006,30.18,4.324220000000003,0.0,2.0,1.0
316,Ritonavir,0,CC(C)[C@H](NC(=O)N(C)Cc1csc(n1)C(C)C)C(=O)N[C@H](C[C@H](O)[C@H](Cc2ccccc2)NC(=O)OCc3scnc3)Cc4ccccc4,720.962,145.77999999999997,5.905200000000005,4.0,9.0,17.0
317,Saquinavir,0,CC(C)(C)NC(=O)[C@@H]1C[C@@H]2CCCC[C@@H]2CN1C[C@@H](O)[C@H](Cc3ccccc3)NC(=O)[C@H](CC(N)=O)NC(=O)c4ccc5ccccc5n4,670.855,166.75,3.092400000000003,5.0,7.0,12.0
318,Sevoflurane,1,FCOC(C(F)(F)F)C(F)(F)F,200.05299999999997,9.23,2.4232000000000005,0.0,1.0,2.0
319,Sodiumamidotrizoate,0,[Na+].CC(=O)Nc1c(I)c(NC(C)=O)c(I)c(C([O-])=O)c1I,635.8970000000002,98.33000000000001,-1.2153000000000007,2.0,4.0,3.0
320,Sotalol,1,CC(C)NCC(O)c1ccc(N[S](C)(=O)=O)cc1,272.37,78.43,1.0895000000000001,3.0,4.0,6.0
321,Stavudine,1,CC1=CN([C@@H]2O[C@H](CO)C=C2)C(=O)NC1=O,224.21599999999998,84.32,-0.7090799999999999,2.0,4.0,2.0
322,Streptomycin,0,CN[C@H]1[C@H](O)[C@@H](O)[C@H](CO)O[C@H]1O[C@H]2[C@@H](O[C@@H](C)[C@]2(O)C=O)O[C@H]3[C@H](O)[C@@H](O)[C@H](N=C(N)N)[C@@H](O)[C@@H]3N=C(N)N,581.5799999999999,336.43,-8.16110000000001,12.0,15.0,9.0
323,Sulfadiazine,1,Nc1ccc(cc1)[S](=O)(=O)Nc2ncccn2,250.28300000000002,97.97,0.8596000000000001,2.0,5.0,3.0
324,Sulfafurazole,1,Cc1noc(N[S](=O)(=O)c2ccc(N)cc2)c1C,267.31,98.22,1.67444,2.0,5.0,3.0
325,Methylprednisolone,0,C[C@H]1C[C@H]2[C@@H]3CC[C@](O)(C(=O)CO)[C@@]3(C)C[C@H](O)[C@@H]2[C@@]4(C)C=CC(=O)C=C14,374.4770000000001,94.83000000000001,1.8036,3.0,5.0,2.0
326,Miconazole,0,Clc1ccc(COC(Cn2ccnc2)c3ccc(Cl)cc3Cl)c(Cl)c1,416.1350000000001,27.05,6.454800000000002,0.0,2.0,6.0
327,nandrolone,0,C[C@]12CC[C@H]3[C@@H](CCC4=CC(=O)CC[C@H]34)[C@@H]1CC[C@@H]2O,274.40399999999994,37.3,3.4891000000000028,1.0,2.0,0.0
328,neodicoumarol,0,CCOC(=O)C(C1=C(O)Oc2ccccc2C1=O)C3=C(O)Oc4ccccc4C3=O,408.36200000000014,127.18,3.005600000000002,2.0,8.0,4.0
329,Nicotinyl alcohol,0,OCc1cccnc1,109.12799999999999,33.120000000000005,0.5739,1.0,2.0,1.0
330,norethindrone,0,C[C@]12CC[C@H]3[C@@H](CCC4=CC(=O)CC[C@H]34)[C@@H]1CC[C@@]2(O)C#C,298.426,37.3,3.4925000000000024,1.0,2.0,0.0
331,norfenefrine,0,NCC(O)c1cccc(O)c1,153.18099999999998,66.48,0.3842999999999999,3.0,3.0,2.0
332,nylidrin,0,CC(CCc1ccccc1)NC(C)C(O)c2ccc(O)cc2,299.41400000000004,52.489999999999995,3.4250000000000016,3.0,3.0,7.0
333,Oxandrolone,0,C[C@]1(O)CC[C@H]2[C@@H]3CC[C@H]4CC(=O)OC[C@]4(C)[C@H]3CC[C@]12C,306.4460000000001,46.53,3.5431000000000026,1.0,3.0,0.0
334,Oxaprozin,0,OC(=O)CCc1oc(c2ccccc2)c(n1)c3ccccc3,293.32200000000006,63.33,4.025800000000003,1.0,3.0,5.0
335,Mirtazapine,1,CN1CCN2C(C1)c3ccccc3Cc4cccnc24,265.36,19.37,2.4789000000000003,0.0,3.0,0.0
336,Nevirapine,1,Cc1ccnc2N(C3CC3)c4ncccc4C(=O)Nc12,266.30400000000003,58.120000000000005,2.6512200000000004,1.0,4.0,1.0
337,Org12962,1,C1NCCN(C1)c1ccc(c(n1)Cl)C(F)(F)F,265.66599999999994,28.16,2.1634,1.0,3.0,1.0
338,Org30526,1,c1c2c(cc(c1)Cl)[C@@H]1[C@H](c3ccccc3O2)CNC1,271.747,21.259999999999998,3.9163000000000032,1.0,2.0,0.0
339,Org32104,1,c1c2c(ccc1)[C@@]1([C@@H](c3cccc(c3O2)C)CNCC1)O,281.355,41.489999999999995,3.065420000000001,2.0,3.0,0.0
340,Org34167,1,c1ccc(c(c1)[C@H](CC=C)N)c1c2c(on1)cccc2,264.328,52.05,4.070700000000002,1.0,3.0,4.0
341,Org4428,1,c1c2c(ccc1)[C@@]1([C@@H](c3cccc(c3O2)C)C[N@](CC1)C)O,295.382,32.7,3.4076200000000028,1.0,3.0,0.0
342,Org5222,1,c1c2c(cc(c1)Cl)[C@@H]1[C@H](c3ccccc3O2)CN(C1)C,285.77400000000006,12.47,4.258500000000004,0.0,2.0,0.0
343,Ranitidine,0,CNC(/NCCSCc1oc(CN(C)C)cc1)=C\[N+]([O-])=O,314.411,83.58000000000001,1.459,2.0,7.0,10.0
344,Sulfamethoxazole,1,Cc1onc(N[S](=O)(=O)c2ccc(N)cc2)c1,253.28300000000002,98.22,1.36602,2.0,5.0,3.0
345,Tamoxifen,1,CC/C(c1ccccc1)=C(c2ccccc2)/c3ccc(OCCN(C)C)cc3,371.52400000000017,12.47,5.996100000000007,0.0,2.0,8.0
346,Ticarcillin,1,[Na+].[Na+].CC1(C)S[C@@H]2[C@H](NC(=O)[C@H](C([O-])=O)c3cscc3)C(=O)N2[C@H]1C([O-])=O,428.39900000000017,129.67,-8.113400000000007,1.0,8.0,5.0
347,Topotecan,1,CC[C@@]1(O)C(=O)OCC2=C1C=C3N(Cc4cc5c(CN(C)C)c(O)ccc5nc34)C2=O,421.45300000000015,104.89000000000001,1.8468,2.0,7.0,3.0
348,Zalcitabine,1,NC1=NC(=O)N(C=C1)[C@H]2CC[C@@H](CO)O2,211.22099999999995,90.37,-0.5046000000000008,2.0,5.0,2.0
349,Zonisamide,1,N[S](=O)(=O)Cc1noc2ccccc12,212.23000000000002,86.19000000000001,0.6163,1.0,4.0,2.0
350,AmphotericinB,0,C[C@H]1O[C@@H](O[C@@H]\2C[C@@H]3O[C@](O)(C[C@@H](O)C[C@@H](O)[C@H](O)CC[C@@H](O)C[C@@H](O)CC(=O)O[C@@H](C)[C@H](C)[C@H](O)[C@@H](C)\C=C/C=C\C=C/C=C\C=C/C=C\C=C2)C[C@H](O)[C@H]3C(O)=O)[C@@H](O)[C@@H](N)[C@@H]1O,924.0910000000005,319.60999999999996,0.7117000000000049,12.0,17.0,3.0
351,Calcium-folinate,1,[Ca++].NC1=NC(=O)C2=C(NCC(CNc3ccc(cc3)C(=O)N[C@@H](CCC([O-])=O)C([O-])=O)N2C=O)N1,511.50800000000027,225.49999999999997,-3.781299999999997,5.0,11.0,10.0
352,oxytetracycline,0,O.O.CN(C)[C@H]1[C@@H]2[C@@H](O)[C@H]3C(=C(O)c4c(O)cccc4[C@@]3(C)O)C(=O)[C@]2(O)C(=O)\C(=C(N)/O)C1=O,496.46900000000034,264.84999999999997,-3.0495999999999954,7.0,11.0,1.0
353,papaverine,0,COc1ccc(Cc2nccc3cc(OC)c(OC)cc23)cc1OC,339.3910000000001,49.81,3.860000000000003,0.0,5.0,6.0
354,penicillin G,0,CC1(C)S[C@@H]2[C@H](NC(=O)Cc3ccccc3)C(=O)N2[C@H]1C(O)=O,334.39700000000005,86.71000000000001,0.8607999999999998,2.0,4.0,4.0
355,phenacetin,0,CCOc1ccc(NC(C)=O)cc1,179.219,38.33,2.0437,1.0,2.0,3.0
356,phenazopyridine,0,Nc1ccc(N=Nc2ccccc2)c(N)n1,213.24400000000003,89.64999999999999,2.6613999999999995,2.0,5.0,2.0
357,pheniramine,0,CN(C)CCC(c1ccccc1)c2ccccn2,240.35000000000002,16.130000000000003,3.1652000000000013,0.0,2.0,5.0
358,Phenolphthalein,0,Oc1ccc(cc1)C2(OC(=O)c3ccccc23)c4ccc(O)cc4,318.32800000000003,66.76,3.560100000000002,2.0,4.0,2.0
359,phenoxybenzamine,0,CC(COc1ccccc1)N(CCCl)Cc2ccccc2,303.83299999999997,12.47,4.194900000000003,0.0,2.0,8.0
360,Phenylbutazone,0,CCCCC1C(=O)N(N(C1=O)c2ccccc2)c3ccccc3,308.38100000000003,40.620000000000005,3.7878000000000025,0.0,2.0,5.0
361,pirbuterol,0,CC(C)(C)NCC(O)c1ccc(O)c(CO)n1,240.303,85.61,0.7009999999999998,4.0,5.0,4.0
362,Risperidone,1,CC1=C(CCN2CCC(CC2)c3noc4cc(F)ccc34)C(=O)N5CCCCC5=N1,410.4930000000002,64.16,3.5904200000000026,0.0,5.0,4.0
363,Phenserine,1,CN1CC[C@]2(C)[C@H]1N(C)c3ccc(OC(=O)Nc4ccccc4)cc23,337.42300000000006,44.81,3.6666000000000025,1.0,4.0,2.0
364,Temelastine,0,Cc1ccc(CC2=CN=C(NCCCCc3ncc(Br)cc3C)NC2=O)cn1,442.3610000000001,83.56,3.9648400000000024,2.0,5.0,8.0
365,Tibolone,1,C[C@@H]1CC2=C(CCC(=O)C2)[C@H]3CC[C@@]4(C)[C@@H](CC[C@@]4(O)C#C)[C@H]13,312.453,37.3,3.8826000000000027,1.0,2.0,0.0
366,Ceftazidime,1,CC(C)(O/N=C(C(=O)N[C@H]1[C@H]2SCC(=C(N2C1=O)C([O-])=O)C[n+]3ccccc3)/c4csc(N)n4)C(O)=O,546.5870000000003,191.22,-1.2991999999999946,3.0,11.0,9.0
367,Flucytosine,1,NC1=C(F)C=NC(=O)N1,129.094,71.77,-0.5088000000000001,2.0,3.0,0.0
368,Guanadrel,0,NC(N)=NCC1COC2(CCCCC2)O1,213.28099999999992,82.86000000000001,0.3355999999999997,2.0,3.0,2.0
369,Lomustine,1,ClCCN(N=O)C(=O)NC1CCCCC1,233.69899999999996,61.77,2.2509000000000006,1.0,3.0,4.0
370,Mesna,0,[Na+].[O-][S](=O)(=O)CCS,164.183,57.199999999999996,-3.534599999999999,1.0,4.0,2.0
371,Streptozotocin,0,CN(N=O)C(=O)N[C@H]1[C@@H](O)O[C@H](CO)[C@@H](O)[C@@H]1O,265.222,151.92,-2.8909,5.0,8.0,3.0
372,Teniposide,1,COc1cc(cc(OC)c1O)[C@H]2[C@@H]3[C@H](COC3=O)[C@H](OC4OC5COC(OC5C(O)C4O)c6sccc6)c7cc8OCOc8cc27,656.662,160.83,2.7529000000000003,3.0,14.0,6.0
373,Thiotepa,1,S=[P](N1CC1)(N2CC2)N3CC3,189.22399999999996,9.03,0.15770000000000017,0.0,1.0,3.0
374,Vancomycin,0,CN[C@H](CC(C)C)C(=O)NC1[C@H](O)c2ccc(Oc3cc4cc(Oc5ccc(cc5Cl)[C@@H](O)[C@@H]6NC(=O)[C@H](NC(=O)[C@@H]4NC(=O)[C@H](CC(N)=O)NC1=O)c7ccc(O)c(c7)c8c(O)cc(O)cc8[C@@H](NC6=O)C(O)=O)c3O[C@@H]9O[C@H](CO)[C@@H](O)[C@H](O)[C@H]9O[C@H]%10C[C@](C)(N)[C@H](O)[C@H](C)O%10)c(Cl)c2,1449.2710000000002,530.4900000000001,0.10620000000000951,19.0,25.0,13.0
375,Polythiazide,0,CN1C(CSCC(F)(F)F)Nc2cc(Cl)c(cc2[S]1(=O)=O)[S](N)(=O)=O,439.8900000000002,109.57,1.655,2.0,6.0,4.0
376,prednisolone,0,C[C@]12C[C@H](O)[C@H]3[C@@H](CCC4=CC(=O)C=C[C@]34C)[C@@H]1CC[C@]2(O)C(=O)CO,360.4500000000002,94.83,1.5575999999999999,3.0,5.0,2.0
377,prednisone,0,C[C@]12CC(=O)[C@H]3[C@@H](CCC4=CC(=O)C=C[C@]34C)[C@@H]1CC[C@]2(O)C(=O)CO,358.43400000000014,91.67,1.7658,2.0,5.0,2.0
378,probenecid,0,CCCN(CCC)[S](=O)(=O)c1ccc(cc1)C(O)=O,285.365,74.68,2.1955,1.0,3.0,7.0
379,progesterone,0,CC(=O)[C@H]1CC[C@H]2[C@@H]3CCC4=CC(=O)CC[C@]4(C)[C@H]3CC[C@]12C,314.46900000000005,34.14,4.723500000000005,0.0,2.0,1.0
380,propranolol,0,CC(C)NCC(O)COc1cccc2ccccc12,259.34900000000005,41.489999999999995,2.5775000000000006,2.0,3.0,6.0
381,proscillaridin,0,CC1OC(O[C@H]2CC[C@]3(C)[C@H]4CC[C@]5(C)[C@H](CC[C@]5(O)[C@@H]4CCC3=C2)C6=COC(=O)C=C6)C(O)C(O)C1O,530.6580000000004,129.59,3.013800000000002,4.0,8.0,3.0
382,puromycin,0,COc1ccc(C[C@H](N)C(=O)NC2[C@@H](O)[C@@H](O[C@@H]2CO)n3cnc4c(ncnc34)N(C)C)cc1,471.51800000000026,160.88,-0.7936999999999972,4.0,10.0,8.0
383,ribavirin,0,NC(=O)c1ncn(n1)[C@@H]2O[C@H](CO)[C@@H](O)[C@H]2O,244.20700000000002,143.72000000000003,-3.0114999999999994,4.0,7.0,3.0
384,Tiotidine,1,CN=C(NCCSCc1csc(N=C(N)N)n1)NC#N,312.428,137.5,-0.07271999999999912,4.0,6.0,6.0
385,Zolantidine,1,OC(=O)\C=C/C(O)=O.OC(=O)\C=C/C(O)=O.C1CCN(CC1)Cc2cccc(OCCCNc3sc4ccccc4n3)c2,613.6890000000004,186.58999999999997,4.586800000000005,5.0,9.0,12.0
386,1-hydroxymidazolam,1,OCc1ncc2CN=C(c3ccccc3F)c4cc(Cl)ccc4n12,341.773,50.410000000000004,3.5081000000000024,1.0,3.0,2.0
387,111-trichloroethane,1,CC(Cl)(Cl)Cl,133.405,0.0,2.376500000000001,0.0,0.0,0.0
388,111-trifluoro-2-chloroethane,1,C(CCl)(F)(F)F,118.48500000000001,0.0,1.7875,0.0,0.0,0.0
389,2-methylpropanol,1,CC(C)CO,74.12299999999999,20.23,0.6347,1.0,1.0,1.0
390,"""2,2-dimethylbutane""",1,CCC(C)(C)C,86.17799999999998,0.0,2.442500000000001,0.0,0.0,0.0
391,Vidarabine,1,Nc1ncnc2n(cnc12)C3OC(CO)C(O)C3O,267.245,139.54000000000002,-1.9799999999999998,4.0,8.0,2.0
392,Bis-hydroxylated-L-663581,0,c12c(C(N(Cc3n1cnc3c1noc(n1)C(CO)(CO)C)C)=O)c(ccc2)Cl,403.82600000000014,117.51000000000002,1.4035999999999997,2.0,7.0,4.0
394,Mono-hydroxylated-L-663581,0,c12c(C(N(Cc3n1cnc3c1noc(n1)C(O)(C)C)C)=O)c(ccc2)Cl,373.80000000000007,97.28,2.3887,1.0,6.0,2.0
395,Thioperamide,1,S=C(NC1CCCCC1)N2CCC(CC2)c3[nH]cnc3,292.45199999999994,43.95,2.7963000000000005,2.0,2.0,2.0
396,rifampin,0,CC1C=CC=C(C(=O)NC2=C(C3=C(C(=C4C(=C3C(=O)C2=CNN5CCN(CC5)C)C(=O)C(O4)(OC=CC(C(C(C(C(C(C1O)C)O)C)OC(=O)C)C)OC)C)C)O)O)C,822.9530000000004,216.65999999999997,3.4262200000000016,6.0,15.0,4.0
397,salicylic acid,0,OC(=O)c1ccccc1O,138.12199999999999,57.53,1.0903999999999998,2.0,2.0,1.0
398,scopolamine,0,CN1[C@@H]2CC(C[C@H]1[C@@H]3O[C@H]23)OC(=O)[C@H](CO)c4ccccc4,303.358,62.3,0.9180999999999993,1.0,5.0,4.0
399,Spironolactone,0,CC(=O)S[C@@H]1CC2=CC(=O)CC[C@]2(C)[C@H]3CC[C@@]4(C)[C@@H](CC[C@@]45CCC(=O)O5)[C@H]13,416.58300000000025,60.44,4.852300000000005,0.0,5.0,1.0
400,Stanozolol,0,C[C@]1(O)CC[C@H]2[C@@H]3CC[C@H]4Cc5[nH]ncc5C[C@]4(C)[C@H]3CC[C@]12C,328.50000000000017,48.91,4.118100000000003,2.0,2.0,0.0
401,sulfasalazine,0,OC(=O)C1=C\C(C=CC1=O)=N/Nc2ccc(cc2)[S](=O)(=O)Nc3ccccn3,398.4000000000001,137.82,1.8001999999999998,3.0,7.0,6.0
402,Terconazole,0,CC(C)N1CCN(CC1)c2ccc(OC[C@H]3CO[C@@](Cn4cncn4)(O3)c5ccc(Cl)cc5Cl)cc2,532.4720000000002,64.88000000000001,4.462700000000004,0.0,7.0,8.0
403,testolactone,0,C[C@]12CC[C@H]3[C@@H](CCC4=CC(=O)C=C[C@]34C)[C@@H]1CCC(=O)O2,300.3980000000001,43.370000000000005,3.5899000000000028,0.0,3.0,0.0
404,testosterone,0,C[C@]12CC[C@H]3[C@@H](CCC4=CC(=O)CC[C@]34C)[C@@H]1CC[C@@H]2O,288.431,37.3,3.879200000000003,1.0,2.0,0.0
405,TetraCycline,0,CN(C)[C@H]1[C@@H]2C[C@H]3C(=C(O)c4c(O)cccc4[C@@]3(C)O)C(=O)[C@]2(O)C(=O)\C(=C(N)/O)C1=O,444.4400000000002,181.62,-0.37100000000000005,6.0,10.0,1.0
406,3-methylhexane,1,CCCC(C)CC,100.205,0.0,2.832600000000001,0.0,0.0,3.0
407,3-methylpentane,1,CCC(C)CC,86.178,0.0,2.442500000000001,0.0,0.0,2.0
408,4-hydroxymidazolam,1,Cc1ncc2C(O)N=C(c3ccccc3F)c4cc(Cl)ccc4n12,341.773,50.410000000000004,3.815120000000002,1.0,3.0,1.0
409,Aminopyrine,1,CN(C)C1=C(C)N(C)N(c2ccccc2)C1=O,231.299,30.17,1.55042,0.0,2.0,2.0
410,Atenolol,0,CC(C)NCC(O)COc1ccc(CC(N)=O)cc1,266.34099999999995,84.57999999999998,0.45210000000000006,3.0,4.0,8.0
411,Benzene,1,c1ccccc1,78.11399999999999,0.0,1.6866,0.0,0.0,0.0
412,Bretazenil,1,CC(C)(C)OC(=O)c1ncn2c3cccc(Br)c3C(=O)N4CCC[C@H]4c12,418.2910000000003,64.42999999999999,3.8808000000000034,0.0,4.0,1.0
413,Bromperidol,1,OC1(CCN(CCCC(=O)c2ccc(F)cc2)CC1)c3ccc(Br)cc3,420.32200000000006,40.54,4.534700000000004,1.0,3.0,6.0
414,Mefloquine,1,OC(C1CCCCN1)c2cc(nc3c2cccc3C(F)(F)F)C(F)(F)F,378.316,45.15,4.447900000000002,2.0,3.0,2.0
415,Ofloxacin,1,CC1COc2c(N3CCN(C)CC3)c(F)cc4C(=O)C(=CN1c24)C(O)=O,361.37300000000005,75.00999999999999,1.544,1.0,5.0,2.0
416,Tifluadom,1,CN1C(CNC(=O)c2cscc2)CN=C(c3ccccc3F)c4ccccc14,393.4870000000001,44.7,3.9730000000000034,1.0,4.0,4.0
417,aldosterone,0,C[C@]12CCC(=O)C=C1CC[C@H]3[C@@H]4CC[C@H](C(=O)CO)[C@]4(C[C@H](O)[C@H]23)C=O,360.45000000000005,91.67000000000002,1.8457,2.0,5.0,3.0
418,BRL52537,1,c1(cc(c(cc1)Cl)Cl)CC(N1CCCC[C@H]1CN1CCCC1)=O,355.30900000000014,23.55,4.012800000000003,0.0,2.0,4.0
419,BRL52580,1,c1(cc(c(cc1)Cl)Cl)CC(N1[C@@H](c2c(CC1)cccc2)CN1CCCC1)=O,403.3530000000002,23.55,4.757700000000005,0.0,2.0,4.0
420,BRL52656,1,c1(ccc(cc1)C(F)(F)F)CC(N1[C@@H](CCCC1)CN1CCCC1)=O,354.41600000000017,23.55,3.7248000000000028,0.0,2.0,4.0
421,BRL52871,1,c1(ccc(c(c1)Cl)Cl)CC(N1[C@@H](c2c(CC1)scc2)CN1CCCC1)=O,409.3820000000002,23.55,4.819200000000004,0.0,3.0,4.0
422,theophylline,0,CN1C(=O)N(C)c2nc[nH]c2C1=O,180.16699999999997,72.68,-1.039700000000001,1.0,3.0,0.0
423,thioguanine,0,NC1=NC(=S)c2[nH]cnc2N1,167.197,83.38,0.5976899999999998,3.0,4.0,0.0
424,tolazamide,0,Cc1ccc(cc1)[S](=O)(=O)NC(=O)NN2CCCCCC2,311.40700000000015,78.50999999999999,1.77392,2.0,4.0,3.0
425,tolbutamide,0,CCCCNC(=O)N[S](=O)(=O)c1ccc(C)cc1,270.354,75.27000000000001,1.78302,2.0,3.0,5.0
426,Triamcinolone,0,C[C@]12C[C@H](O)[C@@]3(F)[C@@H](CCC4=CC(=O)C=C[C@]34C)[C@@H]1C[C@@H](O)[C@]2(O)C(=O)CO,394.43900000000014,115.06000000000002,0.6204999999999998,4.0,6.0,2.0
427,Triamterene,0,Nc1nc(N)c2nc(c3ccccc3)c(N)nc2n1,253.26900000000003,129.62,0.8334000000000001,3.0,7.0,1.0
428,Trichlormethiazide,0,N[S](=O)(=O)c1cc2c(NC(N[S]2(=O)=O)C(Cl)Cl)cc1Cl,380.66200000000003,118.35999999999999,0.8210000000000011,3.0,5.0,2.0
429,valinomycin,0,CC(C)[C@@H]1NC(=O)[C@H](C)OC(=O)C(NC(=O)[C@H](OC(=O)[C@@H](NC(=O)[C@H](C)OC(=O)[C@H](NC(=O)[C@H](OC(=O)[C@@H](NC(=O)[C@H](C)OC(=O)[C@H](NC(=O)[C@H](OC1=O)C(C)C)C(C)C)C(C)C)C(C)C)C(C)C)C(C)C)C(C)C)C(C)C,1111.3379999999993,332.3999999999999,2.3433000000000073,6.0,18.0,9.0
430,verapamil,0,COc1ccc(CCN(C)CCCC(C#N)(C(C)C)c2ccc(OC)c(OC)c2)cc1OC,454.6110000000002,63.95,5.093080000000005,0.0,6.0,13.0
431,warfarin,0,CC(=O)CC(c1ccccc1)C2=C(O)Oc3ccccc3C2=O,308.333,67.50999999999999,3.609600000000002,1.0,4.0,4.0
432,Butanone,1,CCC(C)=O,72.10699999999999,17.07,0.9854,0.0,1.0,1.0
433,Cyclopropane,1,C1CC1,42.080999999999996,0.0,1.1703,0.0,0.0,0.0
434,Desmethyldesipramine,1,N1(c2c(CCc3c1cccc3)cccc2)CCCN,252.36099999999996,29.259999999999998,3.272100000000001,1.0,2.0,3.0
435,Dichloromethane,1,ClCCl,84.93299999999999,0.0,1.4215,0.0,0.0,0.0
436,Diethylether,1,CCOCC,74.123,9.23,1.0428000000000002,0.0,1.0,2.0
437,Divinylether,1,C=COC=C,70.09100000000001,9.23,1.29,0.0,1.0,2.0
438,Enflurane,1,FC(F)OC(F)(F)C(F)Cl,184.491,9.23,2.3528000000000002,0.0,1.0,3.0
439,BRL52974,0,c1(ccc(c(c1)Cl)Cl)CC(N1[C@@H](c2c(CC1)[nH]cn2)CN1CCCC1)=O,393.31800000000015,52.230000000000004,3.480800000000002,1.0,3.0,4.0
440,BRL53087,1,c1(ccc(c(c1)Cl)Cl)CC(N1[C@@H](CN2CCCC2)CC(CC1)(C)C)=O,383.3630000000002,23.55,4.648900000000004,0.0,2.0,4.0
441,carebastine,0,CC(C)(C(O)=O)c1ccc(cc1)C(=O)CCCN2CCC(CC2)OC(c3ccccc3)c4ccccc4,499.65100000000024,66.84,6.282300000000006,1.0,4.0,11.0
442,cetirizine,0,OC(=O)COCCN1CCN(CC1)C(c2ccccc2)c3ccc(Cl)cc3,388.8950000000001,53.010000000000005,3.148200000000002,1.0,4.0,8.0
443,ciprofloxacin,0,OC(=O)C1=CN(C2CC2)c3cc(N4CCNCC4)c(F)cc3C1=O,331.34700000000004,74.57,1.5833,2.0,4.0,3.0
444,cp102,0,c1cn(CCO)c(CC)c(O)c1=O,183.207,62.46,0.10859999999999992,2.0,3.0,3.0
445,cp107,0,c1cn(CCCCO)c(CC)c(O)c1=O,211.26099999999997,62.46,0.8887999999999998,2.0,3.0,5.0
446,yohimbine,0,COC(=O)[C@H]1[C@@H](O)CC[C@H]2CN3CCc4c([nH]c5ccccc45)[C@@H]3C[C@H]12,354.45000000000005,65.56,2.647100000000001,2.0,4.0,1.0
447,zidovudine,0,CC1=CN([C@H]2C[C@H](N=[N+]=[N-])[C@@H](CO)O2)C(=O)NC1=O,267.245,133.07999999999998,-0.19628000000000012,2.0,5.0,3.0
448,acepromazine,1,CN(C)CCCN1c2ccccc2Sc3ccc(cc13)C(C)=O,326.46500000000015,23.55,4.4436000000000035,0.0,4.0,5.0
449,acetophenazine,1,CC(=O)c1ccc2Sc3ccccc3N(CCCN4CCN(CCO)CC4)c2c1,411.57100000000025,47.02000000000001,3.491900000000003,1.0,6.0,7.0
450,acetozalamide,1,CC(=O)Nc1sc(nn1)[S](N)(=O)=O,222.251,115.03999999999999,-0.8560999999999999,2.0,6.0,2.0
451,allobarbital,1,C=CCC1(CC=C)C(=O)NC(=O)NC1=O,208.21699999999998,75.27000000000001,0.491,2.0,3.0,4.0
452,amantadine,1,[Cl-].NC12CC3CC(CC(C3)C1)C2.[H+],187.71399999999994,26.02,-0.9695999999999991,1.0,1.0,0.0
453,amitriptyline,1,CN(C)CCC=C1c2ccccc2CCc3ccccc13,277.411,3.24,4.168600000000003,0.0,1.0,3.0
454,amobarbital,1,CCC1(CCC(C)C)C(=O)NC(=O)NC1=O,226.27599999999998,75.27000000000001,1.1849999999999998,2.0,3.0,4.0
455,amphetamine,1,CC(N)Cc1ccccc1,135.20999999999998,26.02,1.5763,1.0,1.0,2.0
456,Ethanol,1,CCO,46.069,20.23,-0.0014000000000000123,1.0,1.0,0.0
457,Ethylbenzene,1,CCc1ccccc1,106.16799999999996,0.0,2.2490000000000006,0.0,0.0,1.0
458,Flumazenil,1,CCOC(=O)c1ncn2c1CN(C)C(=O)c3cc(F)ccc23,303.293,64.43,1.7736999999999998,0.0,4.0,2.0
459,Flunitrazepam,1,CN1C(=O)CN=C(c2ccccc2F)c3cc(ccc13)[N+]([O-])=O,313.28800000000007,75.81,2.5477000000000007,0.0,4.0,2.0
460,Fluroxene,1,FC(F)(F)COC=C,126.077,9.23,1.7087999999999999,0.0,1.0,2.0
461,Halothane,1,FC(F)(F)C(Cl)Br,197.381,0.0,2.5084999999999997,0.0,0.0,0.0
462,Heptane,1,CCCCCCC,100.205,0.0,2.976700000000002,0.0,0.0,4.0
463,Hexane,1,CCCCCC,86.178,0.0,2.5866000000000007,0.0,0.0,3.0
464,cp20,1,CN1C=CC(=O)C(=C1C)O,139.154,42.230000000000004,0.39931999999999995,1.0,2.0,0.0
465,cp21,1,CCN1C=CC(=O)C(=C1C)O,153.18099999999998,42.230000000000004,0.8822199999999998,1.0,2.0,1.0
466,cp24,1,CCCCN1C=CC(=O)C(=C1C)O,181.23499999999996,42.230000000000004,1.6624199999999998,1.0,2.0,3.0
467,cp25,1,CCCCCN1C=CC(=O)C(=C1C)O,195.26199999999997,42.230000000000004,2.05252,1.0,2.0,4.0
468,cp29,1,c1cn(CCCCC)c(C)c(O)c1=O,195.262,42.230000000000004,2.05252,1.0,2.0,4.0
469,cp41,0,c1cn(CCCO)c(C)c(O)c1=O,183.207,62.46,0.24471999999999988,2.0,3.0,3.0
470,cp94,1,CCN1C=CC(=O)C(=C1CC)O,167.20799999999997,42.230000000000004,1.1361999999999999,1.0,2.0,2.0
471,difloxacin,0,CN1CCN(CC1)c2cc3N(C=C(C(O)=O)C(=O)c3cc2F)c4ccc(F)cc4,399.39700000000005,65.78,2.7189000000000005,1.0,4.0,3.0
472,antipyrine,1,CN1N(C(=O)C=C1C)c2ccccc2,188.23000000000002,26.93,1.4844199999999999,0.0,1.0,1.0
473,apomorphine,1,CN1CCc2cccc3c2[C@H]1Cc4ccc(O)c(O)c34,267.328,43.7,2.8499000000000025,2.0,3.0,0.0
474,arecoline,1,COC(=O)C1=CCCN(C)C1,155.197,29.54,0.4213,0.0,3.0,1.0
475,azaperone,1,Fc1ccc(cc1)C(=O)CCCN2CCN(CC2)c3ccccn3,327.40299999999996,36.440000000000005,3.0058000000000016,0.0,4.0,6.0
476,benactyzine,1,[H+].[Cl-].CCN(CC)CCOC(=O)C(O)(c1ccccc1)c2ccccc2,363.88500000000005,49.769999999999996,-0.07599999999999785,1.0,4.0,8.0
477,benperidol,1,Fc1ccc(cc1)C(=O)CCCN2CCC(CC2)N3C(=O)Nc4ccccc34,381.451,58.1,3.7687000000000017,1.0,3.0,6.0
478,benzocaine,1,CCOC(=O)c1ccc(N)cc1,165.19199999999998,52.32,1.4455,1.0,3.0,2.0
479,benzquinamide,1,CCN(CC)C(=O)C1CN2CCc3cc(OC)c(OC)cc3C2CC1OC(C)=O,404.5070000000002,68.31,2.423,0.0,6.0,6.0
480,benztropine,1,CN1C2CCC1CC(C2)OC(c3ccccc3)c4ccccc4.O[S](O)(=O)=O,405.5160000000001,87.07,3.7650000000000015,2.0,4.0,4.0
481,biperiden,1,OC(CCN1CCCCC1)(C2CC3CC2C=C3)c4ccccc4,311.469,23.47,3.9624000000000033,1.0,2.0,5.0
482,Hexobarbital,1,CN1C(=O)NC(=O)C(C)(C1=O)C2=CCCCC2,236.27099999999993,66.48,1.2012999999999998,1.0,3.0,1.0
483,Indinavir,1,CC(C)(C)NC(=O)[C@@H]1CN(CCN1C[C@@H](O)C[C@@H](Cc2ccccc2)C(=O)N[C@@H]3[C@H](O)Cc4ccccc34)Cc5cccnc5,613.803,118.03,2.866900000000003,4.0,7.0,11.0
484,Isoflurane,1,FC(F)OC(Cl)C(F)(F)F,184.49099999999996,9.23,2.3528000000000002,0.0,1.0,2.0
485,Methohexital,1,CCC#CC(C)C1(CC=C)C(=O)NC(=O)N(C)C1=O,262.30899999999997,66.48,1.3066,1.0,3.0,3.0
486,Methoxyflurane,1,COC(F)(F)C(Cl)Cl,164.966,9.23,2.0293,0.0,1.0,2.0
487,Methylcyclopentane,1,CC1CCCC1,84.162,0.0,2.1965000000000003,0.0,0.0,0.0
488,Nor-1-chlorpromazine,1,N1(c2c(Sc3c1cccc3)ccc(c2)Cl)CCCNC,304.84600000000006,15.27,4.552200000000004,1.0,3.0,4.0
489,Nor-2-chlorpromazine,1,N1(c2c(Sc3c1cccc3)ccc(c2)Cl)CCCN,290.8190000000001,29.259999999999998,4.291500000000003,1.0,3.0,3.0
490,doxylamine,1,CN(C)CCOC(C)(c1ccccc1)c2ccccn2,270.37600000000003,25.36,2.923300000000001,0.0,3.0,6.0
491,EMD60400,0,c1ccc([C@H](C[N@]2CC[C@H](C2)O)N(C(Cc2ccccc2N)=O)C)cc1,353.4660000000001,69.80000000000001,2.0775999999999994,2.0,4.0,6.0
492,enoxacin,0,CCN1C=C(C(O)=O)C(=O)c2cc(F)c(nc12)N3CCNCC3,320.3240000000001,87.46,0.6633000000000002,2.0,5.0,3.0
493,fleroxacin,0,CN1CCN(CC1)c2c(F)cc3C(=O)C(=CN(CCF)c3c2F)C(O)=O,369.3430000000001,65.78,1.6992,1.0,4.0,4.0
494,GR85571,1,c1(cc(c(cc1)Cl)Cl)CC(N1[C@@H](CN2CCCC2)CN(CC1)C(=O)C)=O,398.33400000000023,43.86,2.6910000000000007,0.0,3.0,4.0
495,GR88377,1,c1(ccc(c(c1)Cl)Cl)CC(N1[C@@H](c2c(CC1)occ2)CN1CCCC1)=O,393.3140000000002,36.690000000000005,4.350700000000004,0.0,3.0,4.0
496,GR89696,1,c1(ccc(c(c1)Cl)Cl)CC(N1[C@H](CN(CC1)C(=O)OC)CN1CCCC1)=O,414.33300000000025,53.09,2.9109000000000016,0.0,4.0,4.0
497,bromazepam,1,Brc1ccc2NC(=O)CN=C(c3ccccn3)c2c1,316.158,54.35,2.6336000000000004,1.0,3.0,1.0
498,buclizine,1,CC(C)(C)c1ccc(CN2CCN(CC2)C(c3ccccc3)c4ccc(Cl)cc4)cc1,433.039,6.48,6.544700000000008,0.0,2.0,5.0
499,bufotenine,1,CN(C)CCc1c[nH]c2ccc(O)cc12,204.273,39.260000000000005,1.9776,2.0,2.0,3.0
500,bupropion,1,CC(NC(C)(C)C)C(=O)c1cccc(Cl)c1,239.746,29.1,3.2993000000000023,1.0,2.0,3.0
501,buramate,1,OCCOC(=O)NCc1ccccc1,195.21800000000002,58.56,0.9050999999999996,2.0,3.0,4.0
502,butabarbital,1,CCC(C)C1(CC)C(=O)NC(=O)NC1=O,212.249,75.27000000000001,0.7948999999999999,2.0,3.0,3.0
503,caffeine,1,Cn1cnc2N(C)C(=O)N(C)C(=O)c12,194.19399999999996,61.82,-1.0293,0.0,3.0,0.0
504,cannabidiol,1,CCCCCc1cc(O)c(C2C=C(C)CC[C@H]2C(C)=C)c(O)c1,314.469,40.46,5.846500000000007,2.0,2.0,6.0
505,capuride,1,CCC(C)C(CC)C(=O)NC(N)=O,186.25499999999997,72.19,1.2536,2.0,2.0,4.0
506,carbamazepine,1,NC(=O)N1c2ccccc2C=Cc3ccccc13,236.274,46.330000000000005,3.3872000000000018,1.0,1.0,0.0
507,Northioridazine,1,CSc1ccc2Sc3ccccc3N(CCC4CCCNC4)c2c1,356.5600000000002,15.27,5.400900000000005,1.0,4.0,4.0
508,Org13011,1,C1N(CCN(C1)c1cc(ccn1)C(F)(F)F)CCCCN1C(CCC1)=O,370.41900000000027,39.68,2.625000000000001,0.0,4.0,6.0
509,Paraxanthine,1,Cn1cnc2NC(=O)N(C)C(=O)c12,180.16699999999997,72.68,-1.0397,1.0,3.0,0.0
510,Pentane,1,CCCCC,72.151,0.0,2.1965000000000003,0.0,0.0,2.0
511,Propanol,1,CCCO,60.096,20.23,0.3887,1.0,1.0,1.0
512,Propanone,1,CC(C)=O,58.080000000000005,17.07,0.5952999999999999,0.0,1.0,0.0
513,GR89696_et,1,c1(ccc(c(c1)Cl)Cl)CC(N1[C@H](CN(CC1)C(=O)OCC)CN1CCCC1)=O,428.3600000000003,53.09,3.301000000000002,0.0,4.0,5.0
514,GR89696_pr,1,c1(CC(N2[C@H](CN(CC2)C(=O)OCCC)CN2CCCC2)=O)cc(c(cc1)Cl)Cl,442.38700000000017,53.09,3.6911000000000023,0.0,4.0,6.0
515,GR91272,1,c1(ccc(c(c1)Cl)Cl)CC(N1[C@@H](c2c(CC1)occ2)C[N@@]1C[C@@H](CC1)O)=O,409.31300000000016,56.92000000000001,3.3215000000000026,1.0,4.0,4.0
516,GR94839,0,c1(ccc(c(c1)Cl)Cl)CC(=O)N1[C@H](CN(C(=O)C)CC1)C[N@@]1C[C@H](O)CC1,414.33300000000025,64.09,1.6617999999999997,1.0,4.0,4.0
517,GR94839_A,0,c1(CC(N2[C@H](CN(CC2)C(=O)C)C[N@]2CC[C@H](C2)O)=O)ccc(C(F)(F)F)cc1,413.44,64.09,1.3738000000000004,1.0,4.0,4.0
518,GR94839_B,0,c1(ccc(cc1)SC)CC(N1[C@H](CN(CC1)C(=O)C)C[N@]1CC[C@H](C1)O)=O,391.5370000000002,64.09,1.0768999999999993,1.0,5.0,5.0
519,GR94839_C,0,c1(CC(N2[C@H](CN(CC2)C(=O)C)C[N@]2CC[C@H](C2)O)=O)cc(cc(c1)F)F,381.423,64.09,0.6332000000000004,1.0,4.0,4.0
520,GR94839_D,0,c1(CC(N2[C@H](CN(CC2)C(=O)C)C[N@]2CC[C@H](C2)O)=O)cc(ccc1)OC,375.46900000000005,73.32000000000001,0.36360000000000176,1.0,5.0,5.0
521,GR94839_E,0,c1(CC(N2[C@H](CN(CC2)C(=O)C)C[N@]2CC[C@H](O)C2)=O)ccc(N(=O)=O)cc1,390.4400000000001,107.23000000000002,0.2632000000000015,1.0,6.0,5.0
522,GR94839_F,0,c1(CC(N2[C@H](CN(CC2)C(=O)C)C[N@]2CC[C@H](C2)O)=O)ccc(OC)cc1,375.46900000000005,73.32000000000001,0.36360000000000176,1.0,5.0,5.0
523,carphenazine,1,CCC(=O)c1ccc2Sc3ccccc3N(CCCN4CCN(CCO)CC4)c2c1,425.59800000000035,47.02000000000001,3.8820000000000032,1.0,6.0,8.0
524,cartazolate,1,CCCCNc1c(cnc2n(CC)ncc12)C(=O)OCC,290.367,69.04,2.839900000000001,1.0,5.0,7.0
525,centazolone,1,NN1C=Nc2cc3ccccc3cc2C1=O,211.22399999999996,60.910000000000004,1.2634999999999998,1.0,3.0,0.0
526,chloralhydrate,1,OC(O)C(Cl)(Cl)Cl,165.403,40.46,0.6672999999999998,2.0,2.0,0.0
527,chlordiazepoxide,1,CN=C1CN(O)C(=C2C=C(Cl)C=CC2=N1)c3ccccc3,299.76099999999997,48.19,1.8492,1.0,3.0,1.0
528,chlorpromazine,1,CN(C)CCCN1c2ccccc2Sc3ccc(Cl)cc13,318.8730000000001,6.48,4.894400000000004,0.0,3.0,4.0
529,chlorprothixene,1,CN(C)CC\C=C/1c2ccccc2Sc3ccc(Cl)cc13,315.869,3.24,5.188000000000004,0.0,2.0,3.0
530,chlorzoxazone,1,Clc1ccc2OC(=O)Nc2c1,169.567,46.0,1.7744999999999997,1.0,2.0,0.0
531,choline,1,C[N+](C)(C)CCO,104.17299999999999,20.23,-0.3150999999999999,1.0,1.0,2.0
532,clobazam,1,CN1C(=O)CC(=O)N(c2ccccc2)c3cc(Cl)ccc13,300.74500000000006,40.620000000000005,3.3712000000000018,0.0,2.0,1.0
533,RO19-4603,1,CN1Cc2n(cnc2C(=O)OC(C)(C)C)c3ccsc3C1=O,319.386,64.43,2.4747000000000003,0.0,5.0,1.0
534,SKF101468,1,C1C(Nc2c1c(ccc2)CCN(CCC)CCC)=O,260.3809999999999,32.34,2.8457000000000017,1.0,2.0,7.0
535,SKF89124,1,C1C(Nc2c1c(ccc2O)CCN(CCC)CCC)=O,276.37999999999994,52.57,2.5513000000000003,2.0,3.0,7.0
536,Salicyluricacid,1,OC(=O)CNC(=O)c1ccccc1O,195.174,86.63000000000001,0.2065999999999995,3.0,3.0,3.0
537,Sulforidazine,1,CN1CCCCC1CCN2c3ccccc3Sc4ccc(cc24)[S](C)(=O)=O,402.58500000000015,40.620000000000005,4.567200000000004,0.0,5.0,4.0
538,Teflurane,1,FC(Br)C(F)(F)F,180.92599999999996,0.0,2.2391999999999994,0.0,0.0,0.0
539,Theobromine,1,Cn1cnc2N(C)C(=O)NC(=O)c12,180.16699999999997,72.68,-1.0397,1.0,3.0,0.0
540,Thiopental,0,CCCC(C)C1(CC)C(=O)NC(=S)NC1=O,242.34400000000002,58.2,1.3498999999999999,2.0,3.0,4.0
541,Toluene,1,Cc1ccccc1,92.14099999999999,0.0,1.99502,0.0,0.0,0.0
542,Triazolam,1,Cc1nnc2CN=C(c3ccccc3Cl)c4cc(Cl)ccc4n12,343.2170000000001,43.07,4.233520000000003,0.0,3.0,1.0
543,GR94839_G,0,c1(CC(N2[C@H](CN(CC2)C(=O)C)C[N@]2CC[C@H](O)C2)=O)cc(ccc1)N(=O)=O,390.4400000000001,107.23000000000002,0.2632000000000015,1.0,6.0,5.0
544,GR94839_H,0,c1(ccccc1)CC(N1[C@H](CN(CC1)C(=O)C)C[N@]1CC[C@H](C1)O)=O,345.4430000000001,64.09,0.35500000000000137,1.0,4.0,4.0
545,GR94839_I,0,c1(CC(N2[C@H](CN(CC2)C(=O)C)C[N@]2CC[C@H](O)C2)=O)ccc([S@](=O)C)cc1,407.5360000000001,81.16,0.09240000000000181,1.0,5.0,5.0
546,GR94839_L,0,c1(CC(N2[C@H](CN(CC2)C(=O)C)C[N@]2CC[C@H](O)C2)=O)ccc(S(=O)(=O)C)cc1,423.53500000000014,98.22999999999999,-0.24149999999999738,1.0,6.0,5.0
547,ICI197067,1,CC(C)[C@@H](CN1CCCC1)N(C)C(=O)Cc2ccc(Cl)c(Cl)c2,357.32500000000005,23.55,4.114700000000004,0.0,2.0,6.0
548,ICI199441,1,c1(ccccc1)[C@H](CN1CCCC1)N(C(=O)Cc1ccc(c(c1)Cl)Cl)C,391.3419999999999,23.55,4.831400000000006,0.0,2.0,6.0
549,isoxicam,0,CN1C(=C(\O)Nc2cc(C)on2)/C(=O)c3ccccc3[S]1(=O)=O,335.34100000000007,112.73999999999998,1.63902,2.0,7.0,2.0
550,Levallorphan,1,Oc1ccc2C[C@@H]3[C@@H]4CCCC[C@]4(CCN3CC=C)c2c1,283.41499999999996,23.47,3.636600000000003,1.0,2.0,2.0
551,lomefloxacin,0,CCN1C=C(C(O)=O)C(=O)c2cc(F)c(N3CCNC(C)C3)c(F)c12,351.353,74.57000000000001,1.7959,2.0,4.0,3.0
552,loperamide,0,CN(C)C(=O)C(CCN1CCC(O)(CC1)c2ccc(Cl)cc2)(c3ccccc3)c4ccccc4,477.0480000000001,43.78,5.088000000000005,1.0,3.0,7.0
553,clomipramine,1,CN(C)CCCN1c2ccccc2CCc3ccc(Cl)cc13,314.86,6.48,4.528400000000004,0.0,2.0,4.0
554,clonazepam,1,[O-][N+](=O)c1ccc2NC(=O)CN=C(c3ccccc3Cl)c2c1,315.716,84.60000000000001,3.037700000000001,1.0,4.0,2.0
555,clopenthixol,1,OCCN1CCN(CC\C=C/2c3ccccc3Sc4ccc(Cl)cc24)CC1,400.9750000000002,26.71,4.2363000000000035,1.0,4.0,5.0
556,clopimozide,1,Fc1ccc(cc1)C(CCCN2CCC(CC2)N3C(=O)Nc4cc(Cl)ccc34)c5ccc(F)cc5,496.0010000000001,41.03,6.510400000000006,1.0,2.0,7.0
557,cocaine,1,COC(=O)[C@H]1[C@H](CC2CCC1N2C)OC(=O)c3ccccc3,303.358,55.839999999999996,1.8676999999999995,0.0,5.0,3.0
558,codeine,1,COc1ccc2C[C@@H]3[C@@H]4C=C[C@H](O)[C@@H]5Oc1c2[C@]45CCN3C,299.37000000000006,41.93,1.5011,1.0,4.0,1.0
559,cyclazocine,1,CC1C2Cc3ccc(O)cc3C1(C)CCN2CC4CC4,271.404,23.47,3.3264000000000022,1.0,2.0,2.0
560,cyclophenazine,1,FC(F)(F)c1ccc2Sc3ccccc3N(CCCN4CCN(CC4)C5CC5)c2c1,433.54300000000035,9.72,5.4782000000000055,0.0,4.0,5.0
561,deanol,1,CN(C)CCO,89.13799999999999,23.47,-0.45970000000000016,1.0,2.0,2.0
562,demerol,1,[H+].[Cl-].CCOC(=O)C1(CCN(C)CC1)c2ccccc2,283.799,29.54,-0.670399999999997,0.0,3.0,3.0
563,Trichloroethylene,1,ClC=C(Cl)Cl,131.389,0.0,2.5017000000000005,0.0,0.0,0.0
564,Trichloromethane,1,ClC(Cl)Cl,119.37800000000001,0.0,1.9864,0.0,0.0,0.0
565,Y-G14,1,c1c(nccc1)CCNC,136.198,24.92,0.8434999999999999,1.0,2.0,3.0
566,Y-G15,1,c1c(nccc1)CCN(C)C,150.225,16.130000000000003,1.1857,0.0,2.0,3.0
567,Y-G16,1,n1c(scc1)CCN,128.2,38.91,0.6443000000000001,1.0,3.0,2.0
568,Y-G19,0,n1c(scc1c1ccccc1)CCN,204.29799999999997,38.91,2.3112999999999992,1.0,3.0,3.0
569,Y-G20,0,c1c(nc2n1cccc2)CCN,161.20799999999994,43.32,0.8354999999999999,1.0,2.0,2.0
570,m-Xylene,1,Cc1cccc(C)c1,106.16799999999999,0.0,2.30344,0.0,0.0,0.0
571,loratadine,0,CCOC(=O)N1CCC(CC1)=C2c3ccc(Cl)cc3CCc4cccnc24,382.89100000000013,42.43,4.887800000000005,0.0,3.0,1.0
572,meloxicam,0,CN1C(=C(/O)Nc2sc(C)cn2)/C(=O)c3ccccc3[S]1(=O)=O,351.40900000000005,99.6,2.10752,2.0,7.0,2.0
573,Nalorphine,1,O[C@H]1C=C[C@H]2[C@H]3Cc4ccc(O)c5O[C@@H]1[C@]2(CCN3CC=C)c45,311.3810000000001,52.93,1.7543,2.0,4.0,2.0
574,naltrexone,1,Oc1ccc2C[C@H]3N(CC[C@@]45[C@@H](Oc1c24)C(=O)CC[C@@]35O)CC6CC6,341.40700000000015,70.0,1.5253999999999999,2.0,5.0,2.0
575,norfloxacin,0,CCN1C=C(C(O)=O)C(=O)c2cc(F)c(cc12)N3CCNCC3,319.3360000000001,74.57000000000001,1.2683000000000002,2.0,4.0,3.0
576,pefloxacin,0,CCN1C=C(C(O)=O)C(=O)c2cc(F)c(cc12)N3CCN(C)CC3,333.36300000000017,65.78,1.6105000000000003,1.0,4.0,3.0
577,piroxicam,0,CN1C(=C(/O)Nc2ccccn2)/C(=O)c3ccccc3[S]1(=O)=O,331.35300000000007,99.6,1.7376,2.0,6.0,2.0
578,roxindole,1,C[S](O)(=O)=O.Oc1ccc2[nH]cc(CCCCN3CCC(=CC3)c4ccccc4)c2c1,442.58100000000024,93.62999999999998,4.489500000000004,3.0,4.0,6.0
579,deserpidine,1,CO[C@H]1[C@@H](C[C@@H]2CN3CCc4c([nH]c5ccccc45)[C@H]3C[C@@H]2[C@@H]1C(=O)OC)OC(=O)c6cc(OC)c(OC)c(OC)c6,578.6620000000004,108.55000000000003,4.162500000000003,1.0,9.0,7.0
580,desipramine,1,CNCCCN1c2ccccc2CCc3ccccc13,266.388,15.27,3.5328000000000026,1.0,2.0,4.0
581,diazepam,1,CN1C(=O)CN=C(c2ccccc2)c3cc(Cl)ccc13,284.74600000000004,32.67,3.153800000000002,0.0,2.0,1.0
582,dihydrocodeine,1,COc1ccc2C[C@@H]3[C@@H]4CC[C@H](O)[C@@H]5Oc1c2[C@]45CCN3C,301.3860000000001,41.93,1.7250999999999999,1.0,4.0,1.0
583,dihydromorphine,1,CN1CCC23C4CCC(O)C2Oc5c(O)ccc(CC14)c35,287.35900000000004,52.93000000000001,1.4221000000000001,2.0,4.0,0.0
584,diphenhydramine,1,CN(C)CCOC(c1ccccc1)c2ccccc2,255.36100000000002,12.47,3.3542000000000023,0.0,2.0,6.0
585,diphenhylhydantoin,1,O=C1NC(=O)C(N1)(c2ccccc2)c3ccccc3,252.27300000000002,58.2,1.7695999999999998,2.0,2.0,2.0
586,dixyrazine,1,CC(CN1CCN(CCOCCO)CC1)CN2c3ccccc3Sc4ccccc24,427.61400000000003,39.18,3.5519000000000025,1.0,6.0,9.0
587,DMT,1,COC(=O)c1ccc(cc1)C(=O)OC,194.18599999999998,52.60000000000001,1.2597999999999998,0.0,4.0,2.0
588,o-Xylene,1,Cc1ccccc1C,106.16799999999999,0.0,2.30344,0.0,0.0,0.0
589,p-Xylene,1,Cc1ccc(C)cc1,106.16799999999999,0.0,2.30344,0.0,0.0,0.0
590,2-propanol,1,CC(C)O,60.096000000000004,20.23,0.38710000000000006,1.0,1.0,0.0
591,Carbamazepineepoxide,1,NC(=O)N1c2ccccc2C3OC3c4ccccc14,252.273,58.86000000000001,3.0294000000000016,1.0,2.0,0.0
592,SB-222200,1,c12c(nc(c(c1C(N[C@@H](CC)c1ccccc1)=O)C)c1ccccc1)cccc2,380.49100000000004,41.99,6.091320000000006,1.0,2.0,5.0
593,Tertbutylchlorambucil,1,c1cc(ccc1CCCC(OC(C)(C)C)=O)N(CCCl)CCCl,360.32500000000005,29.54,4.635000000000004,0.0,3.0,9.0
594,Delavirdine,0,CC(C)Nc1cccnc1N2CCN(CC2)C(=O)c3[nH]c4ccc(N[S](C)(=O)=O)cc4c3,456.57200000000006,110.43,2.7171000000000003,3.0,6.0,6.0
595,Ebastine,0,CC(C)(C)c1ccc(cc1)C(=O)CCCN2CCC(CC2)OC(c3ccccc3)c4ccccc4,469.6690000000001,29.540000000000003,7.217600000000008,0.0,3.0,9.0
596,Pirenzepine,1,CN1CCN(CC1)CC(=O)N2c3ccccc3C(=O)Nc4cccnc24,351.4100000000001,68.78,1.559399999999999,1.0,5.0,2.0
597,RP60180,1,c1ccc2N([C@H](CN3CCCC3)C)c3c(ccc(C(=O)NCCC)c3)Sc2c1,395.5720000000001,35.58,4.913400000000005,1.0,4.0,6.0
598,rufloxacin,0,CN1CCN(CC1)c2c(F)cc3C(=O)C(=CN4CCSc2c34)C(O)=O,363.4140000000001,65.78,1.6963000000000001,1.0,5.0,2.0
599,salbutamol,0,CC(C)(C)NCC(O)c1ccc(O)c(CO)c1,239.315,72.72,1.3059999999999998,4.0,4.0,4.0
600,Sankyo,1,c1(ccc(c(c1)Cl)Cl)CC(=O)N1[C@H](C[N@@](C)CC1)CN1CCCC1,370.32400000000024,26.790000000000006,2.774300000000001,0.0,3.0,4.0
601,SB201708,1,c1(ccc(c(c1)Cl)Cl)CC(N1[C@H](CN2CCCC2)c2n(CC1)ccn2)=O,393.31800000000015,41.370000000000005,3.4117000000000015,0.0,3.0,4.0
602,SB204454,0,c1(ccc(c(c1)Cl)Cl)CC(N1[C@H](C[C@]2(CC1)NC(NC2=O)=O)CN1CCCC1)=O,439.34300000000025,81.75,2.2009,2.0,4.0,4.0
603,SB204459,0,c1(ccc(c(c1)Cl)Cl)CC(N1[C@H](C[N@@]2C[C@@H](CC2)O)c2n(CC1)ccn2)=O,409.3170000000002,61.6,2.3825000000000003,1.0,4.0,4.0
604,SB204484,1,c1(ccc(c(c1)Cl)Cl)CC(N1[C@H](CN2CCCC2)c2n(CC1)ncn2)=O,394.30600000000015,54.26,2.806700000000001,0.0,4.0,4.0
605,SB205563,0,c1(ccc(c(c1)Cl)Cl)CC(N1[C@@H](C[N@@]2C[C@@H](CC2)O)C[N@](CC1)CCO)=O,416.3490000000003,67.25,1.1075999999999997,2.0,5.0,6.0
606,doxepin,1,[H+].[Cl-].CN(C)CC\C=C/1c2ccccc2COc3ccccc13,315.84400000000005,12.47,1.0789000000000002,0.0,2.0,3.0
607,doxylamine succinate,1,CN(C)CCOC(C)(c1ccccc1)c2ccccn2.OC(=O)CCC(O)=O,388.4640000000002,99.96000000000001,2.8591000000000006,2.0,5.0,9.0
608,droperidol,1,Fc1ccc(cc1)C(=O)CCCN2CCC(=CC2)N3C(=O)Nc4ccccc34,379.435,58.1,3.6784000000000017,1.0,3.0,6.0
609,ectylurea,1,CC\C(=C/C)C(=O)NC(N)=O,156.18499999999997,72.19,0.5376000000000003,2.0,2.0,2.0
610,emylcamate,1,CCC(C)(CC)OC(N)=O,145.20199999999997,52.32,1.6604,1.0,2.0,3.0
611,estazolam,1,Clc1ccc2n3cnnc3CN=C(c4ccccc4)c2c1,294.745,43.07,3.271700000000001,0.0,3.0,1.0
612,etaqualone,1,CCc1ccccc1N2C(=Nc3ccccc3C2=O)C,264.328,34.89,3.256520000000002,0.0,2.0,2.0
613,etazolate,1,CCOC(=O)c1cnc2n(CC)ncc2c1NN=C(C)C,289.33900000000006,81.39999999999999,2.4356,1.0,6.0,5.0
614,ethchlorvynol,1,CCC(O)(\C=C\Cl)C#C,144.601,20.23,1.5131999999999999,1.0,1.0,2.0
615,ethinamate,1,NC(=O)OC1(CCCCC1)C#C,167.208,52.32000000000001,1.4178,1.0,2.0,1.0
617,5-66,1,c1cc(CCNC)ncc1,136.198,24.92,0.8434999999999999,1.0,2.0,3.0
618,5-67,1,c1cc(CCN(C)C)ncc1,150.22500000000002,16.130000000000003,1.1857,0.0,2.0,3.0
619,5-68,1,s1c(ncc1)CCN,128.2,38.91,0.6443000000000001,1.0,3.0,2.0
620,5-69,1,c1nc(C2CCN(CC2)C(NC2CCCCC2)=S)c[nH]1,292.45199999999994,43.95,2.7963000000000005,2.0,2.0,2.0
621,7-K06,1,c1ccc2Oc3c(cc(cc3)Cl)[C@@H]3[C@@H](c2c1)C[N@](CC3)C,299.8010000000001,12.47,4.648600000000004,0.0,2.0,0.0
622,7-K08,1,c1c(Cl)nc(N2CCN(CCCCN3C(CCC3)=O)CC2)cc1C(F)(F)F,404.8640000000001,39.68000000000001,3.278400000000002,0.0,4.0,6.0
623,7-K10,1,c1ccc2Oc3c(cc(cc3)Cl)[C@@H]3[C@@H](c2c1)CNCC3,285.77400000000006,21.259999999999998,4.306400000000003,1.0,2.0,0.0
624,SB205605,0,c1(ccc(c(c1)Cl)Cl)CC(N1[C@H](C[N@@]2C[C@@H](CC2)O)c2c(CC1)[nH]cn2)=O,409.3170000000002,72.46000000000001,2.4516,2.0,4.0,4.0
625,skb_a,1,c1ccc2nc(c(c(C(N[C@@H](CC)c3ccccc3)=O)c2c1)O)c1ccccc1,382.4630000000001,62.22,5.4885000000000055,2.0,3.0,5.0
626,skb_c,1,c1cc2c(C(N[C@@H](CC)c3ccccc3)=O)c(c(nc2cc1)c1ccccc1)OCCCN(C)C,467.6130000000003,54.46,6.113400000000008,1.0,4.0,10.0
627,skb-d,0,c1cc2c(C(N[C@@H](CC)c3ccccc3)=O)c(c(nc2cc1)c1ccccc1)OCC(O)=O,440.4990000000002,88.52000000000001,5.246300000000006,2.0,4.0,8.0
628,skb-e,0,c1cc2c(C(N[C@@H](CC)c3ccccc3)=O)c(c(c3ccccc3)nc2cc1)OCCCC(O)=O,468.5530000000002,88.52000000000001,6.026500000000007,2.0,4.0,10.0
629,skb-f,0,c1ccc2c(c(C(N[C@@H](CC)c3ccccc3)=O)c(OCCNC(Cc3c(cccc3)C(=O)O)=O)c(c3ccccc3)n2)c1,587.6760000000004,117.62000000000002,6.218800000000004,3.0,5.0,12.0
630,skb-g,0,c1cc2c(c(OCCNC(Cc3ncccc3)=O)c(c3ccccc3)nc2cc1)C(N[C@@H](CC)c1ccccc1)=O,544.6550000000002,93.21000000000001,5.915600000000005,2.0,5.0,11.0
631,skb-h,0,c1cc2c(c(c(c3ccccc3)nc2cc1)OCCNC([C@@H]1CCCN1)=O)C(=O)N[C@@H](CC)c1ccccc1,522.6490000000002,92.35,5.029900000000004,3.0,5.0,10.0
632,skb-i,0,c1cc2c(C(N[C@@H](CC)c3ccccc3)=O)c(c(nc2cc1)c1ccccc1)Cn1cncc1,446.55400000000014,59.81,6.027700000000006,1.0,3.0,7.0
633,sparfloxacin,0,C[C@H]1CN(C[C@@H](C)N1)c2c(F)c(N)c3C(=O)C(=CN(C4CC4)c3c2F)C(O)=O,392.4060000000001,100.59,2.0816,3.0,5.0,3.0
634,ethosuximide,1,CCC1(C)CC(=O)NC1=O,141.17,46.17,0.4491999999999999,1.0,2.0,1.0
635,etymemazine,1,CCc1ccc2Sc3ccccc3N(CC(C)CN(C)C)c2c1,326.50900000000007,6.48,5.049400000000005,0.0,3.0,5.0
636,flupentixol,1,OCCN1CCN(CC\C=C/2c3ccccc3Sc4ccc(cc24)C(F)(F)F)CC1,434.52700000000016,26.71,4.601700000000005,1.0,4.0,5.0
637,fluphenazine,1,OCCN1CCN(CCCN2c3ccccc3Sc4ccc(cc24)C(F)(F)F)CC1,437.5310000000002,29.950000000000003,4.308100000000003,1.0,5.0,6.0
638,flurazepam,1,CCN(CC)CCN1C(=O)CN=C(c2ccccc2F)c3cc(Cl)ccc13,387.88600000000014,35.91,4.004900000000003,0.0,3.0,6.0
639,glaziovine,1,COc1cc2CCN(C)C3CC4(C=CC(=O)C=C4)c(c1O)c23,297.3540000000001,49.769999999999996,2.2664000000000004,1.0,4.0,1.0
640,glutethimide,1,CCC1(CCC(=O)NC1=O)c2ccccc2,217.268,46.17,1.771,1.0,2.0,2.0
641,haloperidol,1,OC1(CCN(CCCC(=O)c2ccc(F)cc2)CC1)c3ccc(Cl)cc3,375.8710000000001,40.54,4.425600000000004,1.0,3.0,6.0
642,harmalol,1,CC1=C2NC3=CC(=O)C=CC3=C2C=CN1,198.225,48.65,2.3178199999999993,2.0,1.0,0.0
643,harman,1,Cc1nccc2c1[nH]c3ccccc23,182.226,28.68,3.0245200000000008,1.0,1.0,0.0
645,14,1,c1cc(ncc1)CSCCNc1c(cc[nH]1)[N+](=O)[O-],278.33700000000005,83.85,2.6632,2.0,5.0,7.0
646,15,1,c1(cc(nc(c1C)C)C(SC(CNc1c(cc[nH]1)[N+](=O)[O-])(C)C)(C)C)C,376.5260000000002,83.85,5.102160000000004,2.0,5.0,7.0
652,22,1,c1(c(oc(c1C)C(N(C(C)(N)C)C(N)(C)C)(C)C)C)C.C[NH+]O.[OH-],345.50800000000004,134.25,1.3093600000000016,4.0,7.0,4.0
653,23,1,[NH]C(CC(C)C([N@@](C(C)(C)C)C(N)(C)N)(C)C)c1c(c(c[nH+][o+]1)C)[O-],353.5110000000001,127.58,1.5772200000000005,2.0,4.0,6.0
654,tamitinol,1,CCNCc1c(O)c(C)ncc1CSC,226.34499999999997,45.15,2.06812,2.0,4.0,5.0
655,tenoxicam,0,CN1C(=C(\O)Nc2ccccn2)/C(=O)c3sccc3[S]1(=O)=O,337.38200000000006,99.6,1.7991000000000001,2.0,7.0,2.0
656,terfenadine,0,CC(C)(C)c1ccc(cc1)C(O)CCCN2CCC(CC2)C(O)(c3ccccc3)c4ccccc4,471.6850000000001,43.7,6.445800000000007,2.0,3.0,8.0
657,U50488,1,CN(C1CCCC[C@H]1N2CCCC2)C(=O)Cc3ccc(Cl)c(Cl)c3,369.336,23.55,4.4013000000000035,0.0,2.0,4.0
658,heroin,1,CN1CC[C@]23[C@H]4Oc5c(OC(C)=O)ccc(C[C@@H]1[C@@H]2C=C[C@@H]4OC(C)=O)c35,369.4170000000001,65.07,1.9886,0.0,6.0,2.0
659,hexapropymate,1,NC(=O)OC1(CCCCC1)CC#C,181.23499999999999,52.32000000000001,1.8079,1.0,2.0,2.0
660,homophenazine,1,[H+].[H+].[Cl-].[Cl-].OCCN1CCCN(CCCN2c3ccccc3Sc4cc(ccc24)C(F)(F)F)CC1,524.48,29.950000000000003,-1.0687999999999915,1.0,5.0,6.0
661,hydrocodone,1,COc1ccc2C[C@@H]3[C@@H]4CCC(=O)[C@@H]5Oc1c2[C@]45CCN3C,299.37,38.77,1.9333,0.0,4.0,1.0
662,hydroxyphenamate,1,CCC(O)(COC(N)=O)c1ccccc1,209.24500000000003,72.55000000000001,1.3795000000000002,2.0,3.0,4.0
663,hydroxyzine,1,OCCOCCN1CCN(CC1)C(c2ccccc2)c3ccc(Cl)cc3,374.91200000000003,35.940000000000005,3.055900000000001,1.0,4.0,8.0
664,imipramine,1,CN(C)CCCN1c2ccccc2CCc3ccccc13,280.415,6.48,3.8750000000000027,0.0,2.0,4.0
665,ketamine,1,CNC1(CCCCC1=O)c2ccccc2Cl,237.73000000000002,29.1,2.897800000000001,1.0,2.0,2.0
666,kynurenic acid,1,OC(=O)C1=CC(=O)c2ccccc2N1,189.17000000000002,70.16,1.2262999999999997,2.0,2.0,1.0
667,24,1,C1CN(CCC1)Cc1cccc(c1)OCCCNC(=O)C,290.40700000000004,41.57,2.5775000000000006,1.0,3.0,7.0
668,25,1,C1CN(CCC1)Cc1cccc(c1)OCCCNC(=O)c1ccccc1,352.47800000000007,41.57,3.871400000000002,1.0,3.0,8.0
669,26,1,C1CN(CCC1)Cc1cccc(c1)OCCCO,249.35399999999996,32.7,2.4337000000000004,1.0,3.0,6.0
670,27,1,C1CN(CCC1)Cc1cccc(c1)OCCCNc1ncccc1,325.456,37.39,3.948500000000003,1.0,4.0,8.0
671,28,1,C1CN(CCC1)Cc1cccc(c1)OCCCNc1nccs1,331.485,37.39,4.0100000000000025,1.0,5.0,8.0
672,30,1,C1CN(CCC1)Cc1cccc(c1)OCCCNc1nc2c(o1)cccc2,365.4770000000001,50.53,4.694700000000004,1.0,5.0,8.0
673,4,0,c1c(oc(c1)CN(C)C)CSCCNc1nc(c(c[nH]1)Cc1cc2c(cc1)cccc2)=O,448.59200000000016,74.16,4.513800000000003,2.0,6.0,10.0
674,8-5,0,CN(C)Cc1oc(cc1)CSCCNC=1NC=C(CN1)Cc1cnc(cc1)C,399.5640000000002,65.69,2.953220000000001,2.0,7.0,9.0
675,BBcpd10,0,c1(nccc(c1)c1nc([nH]n1)N)N(C)C,204.237,83.72,0.5148999999999998,2.0,5.0,2.0
676,9-C1,1,n1(c(c2nc[nH]c2n(c1=O)C)=O)C,180.16699999999997,72.68,-1.0397000000000005,1.0,3.0,0.0
677,lenperone,1,Fc1ccc(cc1)C(=O)CCCN2CCC(CC2)C(=O)c3ccc(F)cc3,371.427,37.38,4.522600000000004,0.0,3.0,7.0
678,levorphanol,1,CN1CC[C@]23CCCC[C@H]2[C@H]1Cc4ccc(O)cc34,257.377,23.47,3.080400000000002,1.0,2.0,0.0
679,lidocaine,1,CCN(CC)CC(=O)Nc1c(C)cccc1C,234.343,32.34,2.5837400000000006,1.0,2.0,5.0
680,lorazepam,1,OC1N=C(c2ccccc2Cl)c3cc(Cl)ccc3NC1=O,321.163,61.690000000000005,3.101300000000001,2.0,3.0,1.0
681,lorcainide,1,CC(C)N1CCC(CC1)N(C(=O)Cc2ccccc2)c3ccc(Cl)cc3,370.9240000000001,23.55,4.788500000000004,0.0,2.0,5.0
682,meclofenoxate,1,CN(C)CCOC(=O)COc1ccc(Cl)cc1,257.717,38.769999999999996,1.8235999999999999,0.0,4.0,6.0
683,mecloqualone,1,CC1=Nc2ccccc2C(=O)N1c3ccccc3Cl,270.71899999999994,34.89,3.347520000000002,0.0,2.0,1.0
684,medazepam,1,CN1CCN=C(c2ccccc2)c3cc(Cl)ccc13,270.76300000000003,15.6,3.627200000000003,0.0,2.0,1.0
685,meprobamate,1,CCCC(C)(COC(N)=O)COC(N)=O,218.25299999999996,104.63999999999999,0.9834000000000005,2.0,4.0,6.0
686,9-C15,1,c1c2CCOc2c(cc1OC)CN[C@@H]1CCCN[C@H]1c1ccccc1,338.451,42.52,3.213000000000002,2.0,4.0,5.0
688,9-C7,1,c1(c(cc2n(ncc2c1)CCN)Cl)Cl,230.09799999999996,43.84,2.3018,1.0,2.0,2.0
689,Abacavir,1,Nc1nc(NC2CC2)c3ncn([C@@H]4C[C@H](CO)C=C4)c3n1,286.339,101.88,1.0922999999999998,3.0,6.0,4.0
690,Acebutolol,1,CCCC(=O)Nc1ccc(OCC(O)CNC(C)C)c(c1)C(C)=O,336.4320000000001,87.66,2.3655,3.0,5.0,10.0
691,Aciclovir,1,NC1=NC(=O)c2ncn(COCCO)c2N1,225.20799999999997,119.05000000000001,-1.3318000000000003,3.0,6.0,4.0
692,Albendazole,1,CCCSc1ccc2nc(NC(=O)OC)[nH]c2c1,265.33799999999997,67.00999999999999,3.2433000000000005,2.0,4.0,4.0
693,Amifostine,0,NCCCNCCS[P](O)(O)=O,214.22699999999998,95.58000000000001,-0.2492999999999999,4.0,4.0,7.0
694,mescaline,1,COc1cc(CCN)cc(OC)c1OC,211.261,53.71000000000001,1.2136000000000002,1.0,4.0,5.0
695,mesoridazine,1,CN1CCCCC1CCN2c3ccccc3Sc4ccc(cc24)[S](C)=O,386.5860000000001,23.55,4.901100000000005,0.0,4.0,4.0
696,methamphetamine,1,CN[C@@H](C)Cc1ccccc1,149.237,12.03,1.837,1.0,1.0,3.0
697,methaqualone,1,Cc1ccccc1N2C(=Nc3ccccc3C2=O)C,250.301,34.89,3.0025400000000015,0.0,2.0,1.0
698,methocarbamol,1,COc1ccccc1OCC(O)COC(N)=O,241.24299999999994,91.00999999999999,0.5302000000000002,2.0,5.0,6.0
699,methopromazine,1,COc1ccc2Sc3ccccc3N(CCCN(C)C)c2c1,314.45400000000006,15.71,4.249600000000004,0.0,4.0,5.0
700,methotrimeprazine,1,COc1ccc2Sc3ccccc3N(C[C@H](C)CN(C)C)c2c1,328.4810000000001,15.71,4.495600000000004,0.0,4.0,5.0
701,methylpentynol,1,CCC(C)(O)C#C,98.14499999999997,20.23,0.7806,1.0,1.0,1.0
702,methylphenidate,1,COC(=O)C(C1CCCCN1)c2ccccc2,233.31100000000004,38.33,2.0853,1.0,3.0,3.0
703,methyprylon,1,CCC1(CC)C(=O)NCC(C)C1=O,183.25099999999998,46.17,1.1278,1.0,2.0,2.0
704,Amikacin,1,NCC[C@H](O)C(=O)N[C@@H]1C[C@H](N)[C@@H](O[C@H]2O[C@H](CN)[C@@H](O)[C@H](O)[C@H]2O)[C@H](O)[C@H]1O[C@H]3O[C@H](CO)[C@@H](O)[C@H](N)[C@H]3O,585.6080000000002,331.93999999999994,-8.424200000000015,13.0,17.0,10.0
705,Aminosalicylicacid,0,Nc1ccc(C(O)=O)c(O)c1,153.137,83.55,0.6726000000000001,3.0,3.0,1.0
706,Cytarabine,1,NC1=NC(=O)N(C=C1)[C@@H]2O[C@H](CO)[C@@H](O)[C@@H]2O,243.219,130.83,-2.5629999999999993,4.0,7.0,2.0
707,Dacarbazine,1,CN(C)N\N=C/1N=CN=C1C(N)=O,182.18699999999998,95.44,-1.6656999999999993,2.0,5.0,3.0
708,Daunorubicin,0,COc1cccc2C(=O)c3c(O)c4C[C@](O)(C[C@H](O[C@H]5C[C@H](N)[C@H](O)[C@H](C)O5)c4c(O)c3C(=O)c12)C(C)=O,527.5260000000003,185.83999999999997,1.0288999999999997,5.0,11.0,4.0
709,Demeclocycline,0,CN(C)[C@H]1[C@@H]2C[C@@H]3[C@H](O)c4c(Cl)ccc(O)c4C(=C3C(=O)[C@]2(O)C(=O)\C(=C(N)/O)C1=O)O,464.8580000000003,181.61999999999998,0.10829999999999979,6.0,10.0,1.0
710,Desmethylclobazam,1,Clc1ccc2NC(=O)CC(=O)N(c3ccccc3)c2c1,286.718,49.410000000000004,3.3469000000000015,1.0,2.0,1.0
711,Desmonomethylpromazine,1,CNCCCN1c2ccccc2Sc3ccccc13,270.401,15.27,3.898800000000003,1.0,3.0,4.0
712,Dexrazoxane,0,C[C@@H](CN1CC(=O)NC(=O)C1)N2CC(=O)NC(=O)C2,268.27299999999997,98.82,-2.708299999999996,2.0,6.0,3.0
713,midazolam maleate,1,Cc1ncc2CN=C(c3ccccc3F)c4cc(Cl)ccc4n12.OC(=O)\C=C/C(O)=O,441.8460000000002,104.78,4.036020000000002,2.0,4.0,3.0
714,moperone,1,Cc1ccc(cc1)C2(O)CCN(CCCC(=O)c3ccc(F)cc3)CC2,355.45300000000003,40.54,4.080620000000003,1.0,3.0,6.0
715,morphine,1,CN1CC[C@]23[C@H]4Oc5c(O)ccc(C[C@@H]1[C@@H]2C=CC4O)c35,285.343,52.93000000000001,1.1981,2.0,4.0,0.0
716,MPTP,1,CN1CCC(=CC1)c2ccccc2,173.25900000000001,3.24,2.405500000000001,0.0,1.0,1.0
717,naloxone,1,Oc1ccc2C[C@H]3N(CC[C@@]45[C@@H](Oc1c24)C(=O)CC[C@@]35O)CC=C,327.3800000000001,70.0,1.3014,2.0,5.0,2.0
718,nicotine,1,CN1CCC[C@H]1c2cccnc2,162.236,16.130000000000003,1.8483,0.0,2.0,1.0
719,nitrazepam,1,[O-][N+](=O)c1ccc2NC(=O)CN=C(c3ccccc3)c2c1,281.271,84.60000000000001,2.3843000000000005,1.0,4.0,2.0
720,nordazepam,1,Clc1ccc2NC(=O)CN=C(c3ccccc3)c2c1,270.719,41.46,3.129500000000001,1.0,2.0,1.0
721,nortriptyline,1,CNCCC=C1c2ccccc2CCc3ccccc13,263.38399999999996,12.03,3.826400000000003,1.0,1.0,3.0
722,orphenadrine,1,CN(C)CCOC(c1ccccc1)c2ccccc2C,269.38800000000003,12.47,3.662620000000003,0.0,2.0,6.0
723,Dextromethorphan,1,COc1ccc2C[C@H]3[C@H]4CCCC[C@@]4(CCN3C)c2c1,271.40399999999994,12.47,3.3834000000000026,0.0,2.0,1.0
724,Dihydroergotamine,0,CN1C[C@@H](C[C@H]2[C@H]1Cc3c[nH]c4cccc2c34)C(=O)N[C@]5(C)O[C@@]6(O)[C@@H]7CCCN7C(=O)[C@H](Cc8ccccc8)N6C5=O,583.6890000000003,118.21000000000001,2.0811,3.0,6.0,4.0
725,Disulfiram,1,CCN(CC)C(=S)SSC(=S)N(CC)CC,296.5520000000001,6.48,3.6212000000000026,0.0,4.0,4.0
726,Efavirenz,0,FC(F)(F)[C@]1(OC(=O)Nc2ccc(Cl)cc12)C#CC3CC3,315.6780000000001,38.33,4.073100000000002,1.0,2.0,0.0
727,Enalapril,0,CCOC(=O)[C@H](CCc1ccccc1)N[C@@H](C)C(=O)N2CCC[C@H]2C(O)=O,376.45300000000026,95.94,1.6046,2.0,5.0,9.0
728,Ethambutol,0,CC[C@@H](CO)NCCN[C@@H](CC)CO,204.314,64.52,-0.292599999999999,4.0,4.0,9.0
729,aclarubicin,0,CC[C@@]1(O)C[C@H](OC2CC(C(OC3CC(O)C(OC4CCC(=O)C(C)O4)C(C)O3)C(C)O2)N(C)C)c5c(O)c6C(=O)c7c(O)cccc7C(=O)c6cc5[C@H]1C(=O)OC,811.8780000000003,217.04999999999995,3.157700000000002,4.0,16.0,9.0
730,adicillin,0,CC1(C)S[C@@H]2[C@H](NC(=O)CCC[C@@H](N)C(O)=O)C(=O)N2[C@H]1C(O)=O,359.40400000000005,150.03,-0.7996999999999965,4.0,6.0,7.0
731,adrenaline,0,CNCC(O)c1ccc(O)c(O)c1,183.207,72.72,0.35060000000000013,4.0,4.0,3.0
732,adriamycinol-aglycone,0,COc1cccc2C(=O)c3c(O)c4CC(O)(CC(O)c4c(O)c3C(=O)c12)C(=O)CO,414.3660000000002,161.59,0.15389999999999987,5.0,9.0,3.0
733,almecillin,0,[Na+].CC1(C)SC2C(NC(=O)CSCC=C)C(=O)N2C1C([O-])=O,352.41300000000007,89.53999999999999,-3.7933999999999948,1.0,6.0,6.0
734,amantocillin,0,CC1(C)S[C@@H]2[C@H](NC(=O)C34C[C@H]5C[C@H](CC(N)(C5)C3)C4)C(=O)N2[C@H]1C(O)=O,393.5090000000002,112.72999999999999,0.9158000000000006,3.0,5.0,3.0
735,amdinocillinpivoxil,0,CC(C)(C)C(=O)OCOC(=O)C1N2[C@H](SC1(C)C)[C@H](N=CN3CCCCCC3)C2=O,439.5780000000003,88.50999999999999,2.4116,0.0,7.0,5.0
736,amicycline,0,CN(C)[C@H]1[C@@H]2C[C@@H]3Cc4ccc(N)c(O)c4C(=C3C(=O)[C@]2(O)C(=O)\C(=C(N)/O)C1=O)O,429.4290000000002,187.41,-0.4537999999999989,6.0,10.0,1.0
737,amrubicin,0,[Cl-].CC(=O)[C@@]1(N)C[C@H](O[C@H]2C[C@H](O)[C@H](O)CO2)c3c(O)c4C(=O)c5ccccc5C(=O)c4c(O)c3C1.[H+],519.9340000000003,176.61,-2.251699999999995,5.0,10.0,3.0
738,apalcillin,0,CC1(C)S[C@@H]2C(NC(=O)[C@H](NC(=O)C3=CNc4cccnc4C3=O)c5ccccc5)C(=O)N2[C@H]1C(O)=O,521.5550000000002,161.56,1.025899999999999,4.0,7.0,6.0
739,apicycline,0,CN(C)[C@H]1[C@@H]2C[C@H]3C(=C(O)c4c(O)cccc4[C@@]3(C)O)C(=O)[C@]2(O)C(=O)\C(=C(/O)NC(N5CCN(CCO)CC5)C(O)=O)C1=O,630.6510000000003,231.64,-1.719499999999992,8.0,14.0,7.0
740,apramycin,0,CN[C@H]1[C@@H](O)[C@H]2O[C@@H](O[C@@H]3[C@@H](N)C[C@@H](N)[C@H](O)[C@H]3O)[C@H](N)C[C@@H]2O[C@@H]1O[C@H]4O[C@H](CO)[C@@H](N)[C@H](O)[C@H]4O,539.5830000000003,283.64,-6.949300000000005,11.0,16.0,6.0
741,arbekacin,0,NCC[C@H](O)C(=O)N[C@@H]1C[C@H](N)[C@@H](O[C@H]2O[C@H](CN)CC[C@H]2N)[C@H](O)[C@H]1O[C@H]3O[C@H](CO)[C@@H](O)[C@H](N)[C@H]3O,552.6260000000003,297.27,-6.3994000000000035,11.0,15.0,10.0
742,aspoxicillin,0,CNC(=O)C[C@@H](N)C(=O)N[C@@H](C(=O)N[C@H]1[C@H]2SC(C)(C)[C@@H](N2C1=O)C(O)=O)c3ccc(O)cc3,493.5420000000003,191.15999999999997,-1.3553999999999948,6.0,8.0,8.0
743,astromicin,0,CO[C@H]1[C@@H](O)[C@H](N)[C@@H](O[C@H]2O[C@@H](CC[C@H]2N)C(C)N)[C@H](O)[C@@H]1N(C)C(=O)CN,405.4960000000002,192.54000000000002,-3.585399999999993,6.0,10.0,6.0
744,aztreonam,0,C[C@H]1[C@H](NC(=O)C(=N/OC(C)(C)C(O)=O)\c2csc([NH3+])n2)C(=O)N1[S]([O-])(=O)=O,435.44000000000017,206.03,-2.2238999999999978,3.0,10.0,7.0
745,bacmecillinam,0,CCOC(=O)OC(C)OC(=O)[C@@H]1N2[C@H](SC1(C)C)[C@H](N=CN3CCCCCC3)C2=O,441.55000000000035,97.74000000000001,2.3839000000000006,0.0,8.0,6.0
746,bekanamycin,0,NCC1OC(OC2C(N)CC(N)C(OC3OC(CO)C(O)C(N)C3O)C2O)C(N)C(O)C1O,483.5190000000001,288.40000000000003,-7.325000000000001,11.0,15.0,6.0
747,benserazide,0,NC(CO)C(=O)NNCc1ccc(O)c(O)c1O,257.246,148.07,-1.7562,7.0,7.0,5.0
748,bepridil,0,CC(C)COCC(CN(Cc1ccccc1)c2ccccc2)N3CCCC3,366.5490000000002,15.71,4.830200000000005,0.0,3.0,10.0
749,berythromycin,0,CC[C@H]1OC(=O)[C@H](C)[C@@H](OC2CC(C)(OC)C(O)C(C)O2)C(C)[C@@H](OC3OC(C)CC(C3O)N(C)C)[C@](C)(O)C[C@@H](C)C(=O)[C@H](C)[C@@H](O)[C@H]1C,717.9380000000001,173.68,2.6707000000000036,4.0,13.0,7.0
750,butikacin,0,NCCC(O)CNC1CC(N)C(OC2OC(CN)C(O)C(O)C2O)C(O)C1OC3OC(CO)C(O)C(N)C3O,571.6250000000001,314.86999999999995,-7.950800000000014,13.0,17.0,11.0
751,carbuterol,0,CC(C)(C)NCC(O)c1ccc(O)c(NC(N)=O)c1,267.329,107.60999999999999,1.3043,5.0,4.0,4.0
752,carfecillin,0,CC1(C)S[C@@H]2[C@H](NC(=O)C(C(=O)Oc3ccccc3)c4ccccc4)C(=O)N2[C@H]1C(O)=O,454.50400000000013,113.00999999999999,2.0075,2.0,6.0,6.0
753,carindacillin,0,CC1(C)S[C@@H]2[C@H](NC(=O)C(C(=O)Oc3ccc4CCCc4c3)c5ccccc5)C(=O)N2[C@H]1C(O)=O,494.5690000000003,113.00999999999999,2.4962,2.0,6.0,6.0
754,carubicin,0,CC1OC(CC(N)C1O)OC2C[C@@](O)(Cc3c(O)c4C(=O)c5cccc(O)c5C(=O)c4c(O)c23)C(C)=O,513.4990000000003,196.83999999999997,0.7258999999999995,6.0,11.0,3.0
755,carumonam,0,NC(=O)OCC1[C@H](NC(=O)C(=N/OCC(O)=O)\c2csc(N)n2)C(=O)N1[S](O)(=O)=O,466.41000000000014,253.9,-2.8756999999999975,5.0,12.0,9.0
756,cefaclor,0,N[C@@H](C(=O)N[C@H]1[C@H]2SCC(=C(N2C1=O)C(O)=O)Cl)c3ccccc3,367.814,112.73000000000002,0.6213000000000004,3.0,5.0,4.0
757,cefadroxil,0,CC1=C(N2[C@H](SC1)[C@H](NC(=O)[C@H](N)c3ccc(O)cc3)C2=O)C(O)=O,363.3950000000001,132.96,0.15049999999999925,4.0,6.0,4.0
758,cefalexin,0,CC1=C(N2[C@H](SC1)[C@H](NC(=O)[C@H](N)c3ccccc3)C2=O)C(O)=O,347.39600000000013,112.73000000000002,0.44489999999999896,3.0,5.0,4.0
759,cefaloram,0,CC(=O)OCC1=C(N2[C@H](SC1)[C@H](NC(=O)Cc3ccccc3)C2=O)C(O)=O,390.4170000000001,113.01000000000002,0.5307999999999997,2.0,6.0,6.0
760,cefaparole,0,Cc1sc(SCC2=C(N3[C@H](SC2)[C@H](NC(=O)C(N)c4ccc(O)cc4)C3=O)C(O)=O)nn1,493.59200000000027,158.74,1.0828199999999997,4.0,10.0,7.0
761,cefatrizine,0,NC(C(=O)N[C@H]1[C@H]2SCC(=C(N2C1=O)C(O)=O)CSc3cn[nH]n3)c4ccc(O)cc4,462.5130000000001,174.53,0.04100000000000048,5.0,9.0,7.0
762,cefazaflur,0,[Na+].Cn1nnnc1SCC2=C(N3[C@H](SC2)[C@H](NC(=O)CSC(F)(F)F)C3=O)C([O-])=O,492.46200000000016,133.14,-4.036899999999995,1.0,10.0,7.0
763,cefazedone,0,Cc1sc(SCC2=C(N3[C@H](SC2)[C@H](NC(=O)CN4C=C(Cl)C(=O)C(=C4)Cl)C3=O)C(O)=O)nn1,548.4550000000002,134.49,1.8459199999999998,2.0,9.0,7.0
764,cefcanel,0,Cc1sc(SCC2=C(N3[C@H](SC2)[C@H](NC(=O)[C@H](O)c4ccccc4)C3=O)C(O)=O)nn1,478.5770000000002,132.72000000000003,1.4108199999999997,3.0,9.0,7.0
765,cefcanel-daloxate,0,CC(N)C(=O)OC(C(=O)NC1C2SCC(=C(N2C1=O)C(=O)OCC3=C(C)OC(=O)O3)CSc4sc(C)nn4)c5ccccc5,661.7400000000002,197.15999999999997,1.8223399999999996,2.0,15.0,11.0
766,cefcapene,0,CC/C=C(C(=O)N[C@H]1[C@H]2SCC(=C(N2C1=O)C(O)=O)COC(N)=O)/c3csc(N)n3,453.5020000000002,177.94,0.3526000000000009,4.0,9.0,7.0
767,cefdaloxime,0,COCC1=C(N2[C@H](SC1)[C@H](NC(=O)C(=N\O)/c3csc(N)n3)C2=O)C(O)=O,413.4370000000001,167.43999999999997,-0.7113999999999989,4.0,10.0,6.0
768,cefdinir,0,Nc1scc(n1)\C(=N\O)C(=O)N[C@H]2[C@H]3SCC(=C(N3C2=O)C(O)=O)C=C,395.42200000000025,158.20999999999998,-0.17179999999999973,4.0,9.0,5.0
769,cefditoren,0,CO\N=C(C(=O)NC1[C@H]2SCC(=C(N2C1=O)C(O)=O)\C=C/c3scnc3C)\c4csc(N)n4,506.5910000000001,160.10000000000002,1.2927199999999996,3.0,11.0,7.0
770,cefedrolor,0,CC1=C(N2[C@H](SC1)[C@H](NC(=O)[C@H](N)c3ccc(O)c(Cl)c3)C2=O)C(O)=O,397.8400000000001,132.96,0.8038999999999996,4.0,6.0,4.0
771,cefetamet,0,CO/N=C(C(=O)N[C@H]1[C@H]2SCC(=C(N2C1=O)C(O)=O)C)/c3csc(N)n3,397.43800000000005,147.21000000000004,-0.16569999999999918,3.0,9.0,5.0
772,cefetrizole,0,OC(=O)C1=C(CS[C@@H]2[C@H](NC(=O)Cc3sccc3)C(=O)N12)CSc4[nH]ncn4,437.52800000000013,128.28,0.9396,3.0,8.0,7.0
773,cefivitril,0,Cn1nnnc1SCC2=C(N3[C@H](SC2)[C@H](NC(=O)CS\C=C/C#N)C3=O)C(O)=O,453.53100000000023,154.09999999999997,-0.18871999999999983,2.0,10.0,8.0
774,cefixime,0,Nc1scc(n1)\C(=N\OCC(O)=O)C(=O)N[C@H]2[C@H]3SCC(=C(N3C2=O)C(O)=O)C=C,453.45800000000025,184.51,-0.5447999999999993,4.0,10.0,8.0
775,cefmenoxime,0,CO/N=C(C(=O)N[C@H]1[C@H]2SCC(=C(N2C1=O)C(O)=O)CSc3nnnn3C)/c4csc(N)n4,511.57100000000014,190.81000000000006,-0.8697999999999984,3.0,13.0,8.0
776,cefmetazole,0,CO[C@]1(NC(=O)CSCC#N)[C@H]2SCC(=C(N2C1=O)C(O)=O)CSc3nnnn3C,471.54600000000016,163.32999999999998,-0.7283199999999992,2.0,11.0,9.0
777,cefminox,0,CO[C@]1(NC(=O)CSC[C@@H](N)C(O)=O)[C@H]2SCC(=C(N2C1=O)C(O)=O)CSc3nnnn3C,519.5870000000002,202.85999999999996,-1.8399999999999967,4.0,12.0,11.0
778,cefodizime,0,CO\N=C(C(=O)N[C@H]1[C@H]2SCC(=C(N2C1=O)C(O)=O)CSc3sc(CC(O)=O)c(C)n3)/c4csc(N)n4,584.683,197.40000000000003,0.9987200000000007,4.0,13.0,10.0
779,cefonicid,0,OC(C(=O)N[C@H]1[C@H]2SCC(=C(N2C1=O)C(O)=O)CSc3nnnn3C[S](O)(=O)=O)c4ccccc4,542.5770000000002,204.91,-0.9172999999999989,4.0,11.0,9.0
780,ceforanide,0,NCc1ccccc1CC(=O)N[C@H]2[C@H]3SCC(=C(N3C2=O)C(O)=O)CSc4nnnn4CC(O)=O,519.5650000000003,193.63000000000002,-0.7101999999999982,4.0,10.0,10.0
781,cefotetan,0,CO[C@]1(NC(=O)C2S\C(S2)=C(\C(N)=O)C(O)=O)[C@H]3SCC(=C(N3C1=O)C(O)=O)CSc4nnnn4C,575.6320000000001,219.92999999999995,-1.3974999999999984,4.0,13.0,9.0
782,cefotiam,0,CN(C)CCn1nnnc1SCC2=C(N3[C@H](SC2)[C@H](NC(=O)Cc4csc(N)n4)C3=O)C(O)=O,525.6420000000003,172.45999999999998,-0.6531999999999973,3.0,12.0,10.0
783,cefoxazole,0,CC(=O)OCC1=C(N2[C@H](SC1)[C@H](NC(=O)c3c(C)onc3c4ccccc4Cl)C2=O)C(O)=O,491.9090000000003,139.04000000000002,2.21872,2.0,8.0,6.0
784,cefpiramide,0,Cn1nnnc1SCC2=C(N3[C@H](SC2)C(NC(=O)[C@H](NC(=O)C4=CNC(=CC4=O)C)c5ccc(O)cc5)C3=O)C(O)=O,612.6500000000003,212.49999999999994,-0.08557999999999871,5.0,11.0,9.0
785,cefpodoxime,0,[Na+].COCC1=C(N2[C@H](SC1)[C@H](NC(=O)C(=N/OC)\c3csc(N)n3)C2=O)C([O-])=O,449.44600000000025,159.26999999999998,-4.869899999999993,2.0,11.0,7.0
786,cefprozil,0,O.C/C=C/C1=C(N2[C@H](SC1)[C@H](NC(=O)[C@H](N)c3ccc(O)cc3)C2=O)C(O)=O,407.44800000000015,164.45999999999998,-0.11800000000000038,4.0,6.0,5.0
787,cefrotil,0,CC1=C(N2[C@H](SC1)[C@H](NC(=O)Cc3ccc(cc3)C4=NCCCN4)C2=O)C(O)=O,414.48700000000025,111.10000000000002,0.7274999999999998,3.0,6.0,5.0
788,cefroxadine,0,COC1=C(N3C(SC1)C(NC(=O)C(N)C2C=CCC=C2)C3=O)C(O)=O,365.4110000000002,121.96000000000001,-0.2114999999999992,3.0,6.0,5.0
789,cefsumide,0,CC1=C(N2[C@H](SC1)[C@H](NC(=O)[C@H](N)c3cccc(N[S](C)(=O)=O)c3)C2=O)C(O)=O,440.5030000000002,158.89999999999998,-0.18359999999999937,4.0,7.0,6.0
790,cefteram,0,CO/N=C(C(=O)N[C@H]1[C@H]2SCC(=C(N2C1=O)C(O)=O)Cn3nnc(C)n3)/c4csc(N)n4,479.50400000000013,190.81000000000006,-1.1904799999999982,3.0,12.0,7.0
791,ceftezole,0,OC(=O)C1=C(CS[C@@H]2[C@H](NC(=O)Cn3cnnn3)C(=O)N12)CSc4scnn4,440.4920000000002,156.09000000000003,-0.9445000000000003,2.0,11.0,7.0
792,ceftibuten,0,O.O.Nc1scc(n1)\C(=C\CC(O)=O)C(=O)N[C@H]2[C@H]3SCC=C(N3C2=O)C(O)=O,446.46300000000014,225.92,-1.697599999999998,4.0,8.0,6.0
793,ceftiofur,0,CO/N=C(C(=O)N[C@H]1[C@H]2SCC(=C(N2C1=O)C(O)=O)CSC(=O)c3occc3)/c4csc(N)n4,523.5740000000002,177.42000000000002,0.9809999999999992,3.0,12.0,8.0
794,ceftiolene,0,CO/N=C(C(=O)N[C@H]1[C@H]2SCC(=C(N2C1=O)C(O)=O)\C=C\SC3=NNC(=O)C(=O)N3CC=O)/c4csc(N)n4,594.613,232.03000000000003,-1.4356999999999966,4.0,14.0,10.0
795,ceftioxide,0,CO/N=C(C(=O)N[C@H]1[C@@H]2N(C1=O)C(=C(COC(C)=O)C[S]2=O)C(O)=O)/c3csc(N)n3,471.4730000000001,190.57999999999998,-1.6069999999999958,3.0,11.0,7.0
796,ceftizoxime,0,CO/N=C(C(=O)N[C@H]1[C@H]2SCC=C(N2C1=O)C(O)=O)/c3csc(N)n3,383.41100000000006,147.21000000000004,-0.5557999999999992,3.0,9.0,5.0
797,cefuracetime,0,CO/N=C(C(=O)N[C@H]1[C@H]2SCC(=C(N2C1=O)C(O)=O)COC(C)=O)/c3occc3,423.40300000000013,147.74,-0.06819999999999826,2.0,9.0,7.0
798,cefuroxime-axetil,0,CO/N=C(C(=O)N[C@H]1[C@H]2SCC(=C(N2C1=O)C(=O)OC(C)OC(C)=O)COC(N)=O)/c3occc3,510.4810000000003,189.06,-0.16829999999999856,2.0,12.0,9.0
799,cefuroxime-pivoxetil,0,COCCCC(=O)OC(C)OC(=O)C1=C(COC(N)=O)CS[C@@H]2[C@H](NC(=O)C(=N/OC)\c3occc3)C(=O)N12,568.5610000000001,198.29000000000002,0.2384000000000029,2.0,13.0,13.0
800,cefuzonam,0,CO/N=C(C(=O)N[C@H]1[C@H]2SCC(=C(N2C1=O)C(O)=O)CSc3snnc3)/c4csc(N)n4,513.6080000000001,172.99,0.4582,3.0,13.0,8.0
801,cephacetrile,0,[Na+].CC(=O)OCC1=C(N2[C@@H](SC1)[C@@H](NC(=O)CC#N)C2=O)C([O-])=O,361.31100000000015,139.63,-5.128919999999996,1.0,8.0,5.0
802,cephaloglycin,0,O.O.CC(=O)OCC1=C(N2[C@H](SC1)[C@H](NC(=O)[C@H](N)c3ccccc3)C2=O)C(O)=O,441.4620000000002,202.02999999999997,-1.6612999999999956,3.0,7.0,6.0
803,cephalosporin-c,0,CC(=O)OCC1=C(N2[C@H](SC1)[C@H](NC(=O)CCC[C@@H](N)C(O)=O)C2=O)C(O)=O,415.4240000000002,176.32999999999998,-1.129699999999997,4.0,8.0,9.0
804,cephalothin,0,CC(=O)OCC1=C(N2[C@H](SC1)[C@H](NC(=O)Cc3sccc3)C2=O)C(O)=O,396.4460000000001,113.01000000000002,0.5922999999999998,2.0,7.0,6.0
805,cetocycline,0,CC(=O)C1=C(O)[C@]2(O)[C@@H](Cc3c(C)c4ccc(C)c(O)c4c(O)c3C2=O)[C@@H](N)C1=O,411.41000000000014,158.15,1.26504,5.0,8.0,1.0
806,clarithromycin,0,CC[C@H]1OC(=O)[C@H](C)[C@@H](O[C@H]2C[C@@](C)(OC)[C@@H](O)[C@H](C)O2)[C@H](C)[C@@H](O[C@@H]3O[C@H](C)C[C@@H]([C@H]3O)N(C)C)[C@@](C)(C[C@@H](C)C(=O)[C@H](C)[C@@H](O)[C@]1(C)O)OC,747.964,182.91,2.4397000000000046,4.0,14.0,8.0
807,clindamycin,0,CCC[C@@H]1C[C@H](N(C)C1)C(=O)NC(C(C)Cl)[C@H]2O[C@H](SC)[C@H](O)[C@@H](O)[C@H]2O,424.9910000000001,102.26000000000002,0.38950000000000023,4.0,7.0,7.0
808,clindamycin-phosphate,0,CCC[C@@H]1C[C@H](N(C)C1)C(=O)NC(C(C)Cl)[C@H]2O[C@H](SC)[C@H](O[P](O)(O)=O)[C@@H](O)[C@H]2O,504.97000000000014,148.79,0.5064999999999991,5.0,8.0,9.0
809,clometocillin,0,COC(C(=O)N[C@H]1[C@H]2SC(C)(C)[C@@H](N2C1=O)C(O)=O)c3ccc(Cl)c(Cl)c3,433.3130000000001,95.94,2.3126000000000007,2.0,5.0,5.0
810,clomocycline,0,CN(C)[C@H]1[C@@H]2C[C@H]3C(=C(O)c4c(O)ccc(Cl)c4[C@@]3(C)O)C(=O)[C@]2(O)C(=O)\C(=C(/O)NCO)C1=O,508.91100000000034,187.85999999999999,-0.13689999999999963,7.0,11.0,3.0
811,cyclacillin,0,CC1(C)S[C@@H]2[C@H](NC(=O)C3(N)CCCCC3)C(=O)N2[C@H]1C(O)=O,341.433,112.72999999999999,0.2797000000000011,3.0,5.0,3.0
812,cyclosporina,0,CCC1C(=O)N(CC(=O)N(C(C(=O)NC(C(=O)N(C(C(=O)NC(C(=O)NC(C(=O)N(C(C(=O)N(C(C(=O)N(C(C(=O)N(C(C(=O)N1)C(C(C)CC=CC)O)C)C(C)C)C)CC(C)C)C)CC(C)C)C)C)C)CC(C)C)C)C(C)C)CC(C)C)C)C,1202.6349999999982,278.8,3.2690000000000063,5.0,12.0,15.0
813,dactinomycin,0,CC(C)C1NC(=O)C(NC(=O)c2ccc(C)c3OC4=C(C)C(=O)C(=C(C(=O)NC5C(C)OC(=O)C(C(C)C)N(C)C(=O)CN(C)C(=O)C6CCCN6C(=O)C(NC5=O)C(C)C)C4=Nc23)N)C(C)OC(=O)C(C(C)C)N(C)C(=O)CN(C)C(=O)C7CCCN7C1=O,1255.4379999999994,359.98,0.7256400000000023,5.0,18.0,8.0
814,demecycline,0,CN(C)[C@H]1[C@@H]2C[C@@H]3[C@H](O)c4cccc(O)c4C(=C3C(=O)[C@]2(O)C(=O)\C(=C(N)/O)C1=O)O,430.4130000000002,181.61999999999998,-0.5450999999999999,6.0,10.0,1.0
815,detorubicin,0,CCOC(OCC)C(=O)OCC(=O)C1(O)CC(OC2CC(N)C(O)C(C)O2)c3c(O)c4C(=O)c5c(OC)cccc5C(=O)c4c(O)c3C1,673.6680000000001,230.59999999999994,0.9513000000000023,5.0,15.0,11.0
816,dibekacin,0,NCC1CCC(N)C(O1)OC2C(N)CC(N)C(OC3OC(CO)C(O)C(N)C3O)C2O,451.52100000000013,247.93999999999994,-5.266599999999998,9.0,13.0,6.0
817,dicloxacillin,0,Cc1onc(c1C(=O)N[C@H]2[C@H]3SC(C)(C)[C@@H](N3C2=O)C(O)=O)c4c(Cl)cccc4Cl,470.3340000000002,112.74000000000001,3.2021200000000016,2.0,6.0,4.0
818,dihydrostreptomycin,0,CN[C@H]1[C@H](O)[C@@H](O)[C@H](CO)O[C@H]1O[C@H]2[C@@H](O[C@@H](C)[C@]2(O)CO)O[C@@H]3[C@@H](O)[C@H](O)[C@@H](N=C(N)N)[C@H](O)[C@H]3N=C(N)N,583.596,339.59,-8.367700000000012,13.0,15.0,9.0
819,diosmin,0,COc1ccc(cc1O)C2=CC(=O)c3c(O)cc(O[C@@H]4O[C@H](CO[C@@H]5O[C@@H](C)[C@H](O)[C@@H](O)[C@H]5O)[C@@H](O)[C@H](O)[C@H]4O)cc3O2,608.5490000000003,238.2,-1.0897000000000006,8.0,15.0,7.0
820,dipivefrin,0,CNCC(O)c1ccc(OC(=O)C(C)(C)C)c(OC(=O)C(C)(C)C)c1,351.4430000000001,84.85999999999999,2.8424000000000014,2.0,6.0,5.0
821,diproleandomycin,0,CCC(=O)O[C@H]1[C@@H](C)[C@@H](C)OC(=O)C(C)[C@@H](O[C@H]2C[C@H](OC)[C@@H](OC(=O)CC)[C@H](C)O2)[C@H](C)[C@@H](O[C@@H]3O[C@H](C)C[C@@H]([C@H]3O)N(C)C)C(C)C[C@@]4(CO4)C(=O)[C@@H]1C,799.996,178.12000000000003,3.8303000000000065,1.0,15.0,10.0
822,dipyridamole,0,OCCN(CCO)c1nc(N2CCCCC2)c3nc(nc(N4CCCCC4)c3n1)N(CCO)CCO,504.6360000000004,145.44,-0.017599999999997284,4.0,12.0,12.0
823,dirithromycin,0,CC[C@H]1OC(=O)[C@H](C)[C@@H](O[C@H]2C[C@@](C)(OC)[C@@H](O)[C@H](C)O2)[C@H](C)[C@@H](O[C@@H]3O[C@H](C)C[C@@H]([C@H]3O)N(C)C)[C@](C)(O)C[C@@H](C)[C@@H]4N[C@@H](COCCOC)O[C@H]([C@H]4C)[C@]1(C)O,835.0859999999999,196.32999999999998,2.201700000000009,5.0,16.0,12.0
824,docetaxel,0,CC(=O)O[C@@]12CO[C@@H]1C[C@H](O)[C@]3(C)[C@@H]2[C@H](OC(=O)c4ccccc4)[C@]5(O)C[C@H](OC(=O)[C@H](O)[C@@H](NC(=O)OC(C)(C)C)c6ccccc6)C(=C([C@@H](O)C3=O)C5(C)C)C,807.89,224.44999999999996,3.2596000000000007,5.0,14.0,8.0
825,efrotomycin,0,CCC(C(=O)NC\C=C\C=C(/C)C(OC)C(C)C1OC(\C=C\C=C\C=C(/C)C(=O)C2=C(O)N(C)C=CC2=O)C(O)C1O)C3(O)OC(\C=C\C=C\C)C(C)(C)C(OC4OC(C)C(OC5OC(C)C(OC)C(O)C5OC)C(OC)C4O)C3O,1145.3470000000002,302.0799999999999,2.7511000000000077,8.0,20.0,24.0
826,emetine,0,[Cl].CC[C@H]1CN2CCc3cc(OC)c(OC)cc3[C@@H]2C[C@@H]1C[C@H]4NCCc5cc(OC)c(OC)cc45,516.1020000000003,52.19000000000001,5.632900000000006,1.0,6.0,7.0
827,epicillin,0,CC1(C)S[C@@H]2[C@H](NC(=O)[C@H](N)C3=CCC=CC3)C(=O)N2[C@H]1C(O)=O,351.42800000000005,112.72999999999999,0.22180000000000105,3.0,5.0,4.0
828,eqvalan,0,CCC(C)[C@H]1O[C@]2(CC[C@@H]1C)CC3C[C@@H](C\C=C(C)\[C@@H](O[C@H]4C[C@H](OC)[C@@H](OC5C[C@H](OC)[C@@H](O)[C@H](C)O5)[C@H](C)O4)[C@@H](C)/C=C/C=C/6CO[C@@H]7[C@H](O)C(=C[C@@H](C(=O)O3)[C@]67O)C)O2.CO[C@H]8CC(O[C@@H](C)[C@@H]8O)O[C@H]9[C@H](C)O[C@H](C[C@@H]9OC)O[C@H]/%10[C@@H](C)/C=C/C=C/%11CO[C@@H]%12[C@H](O)C(=C[C@@H](C(=O)OC%13C[C@@H](C\C=C%10C)O[C@@]%14(CC[C@H](C)[C@H](O%14)C(C)C)C%13)[C@]%11%12O)C,1736.1849999999995,340.12,10.812700000000005,6.0,28.0,15.0
829,esorubicin,0,COc1cccc2C(=O)c3c(O)c4C[C@@](O)(C[C@@H](OC5CC(N)CC(C)O5)c4c(O)c3C(=O)c12)C(=O)CO,527.5260000000004,185.83999999999997,1.0305,5.0,11.0,5.0
830,etamocycline,0,CN(C)[C@H]1[C@@H]2C[C@H]3C(=C(O)c4c(O)cccc4[C@@]3(C)O)C(=O)[C@]2(O)C(=O)\C(=C(/O)NCN(C)CCN(C)CNC(/O)=C/5C(=O)[C@H]([C@@H]6C[C@H]7C(=C(O)c8c(O)cccc8[C@@]7(C)O)C(=O)[C@]6(O)C5=O)N(C)C)C1=O,1001.056,341.74,-0.6879999999999875,12.0,22.0,11.0
831,etilefrine,0,CCNCC(O)c1cccc(O)c1,181.23499999999999,52.489999999999995,1.0351,3.0,3.0,4.0
832,felodipine,0,CCOC(=O)C1=C(C)NC(=C(C1c2cccc(Cl)c2Cl)C(=O)OC)C,384.2590000000002,64.63,3.9643000000000033,1.0,5.0,4.0
833,fenbenicillin,0,CC1(C)S[C@@H]2[C@H](NC(=O)C(Oc3ccccc3)c4ccccc4)C(=O)N2[C@H]1C(O)=O,426.49400000000014,95.94,2.4383999999999997,2.0,5.0,6.0
834,fenoxazoline,0,CC(C)c1ccccc1OCC2=NCCN2,218.29999999999993,33.62,2.1904999999999997,1.0,3.0,4.0
835,fexofenadine,0,CC(C)(C(O)=O)c1ccc(cc1)C(O)CCCN2CCC(CC2)C(O)(c3ccccc3)c4ccccc4,501.66700000000026,81.0,5.510500000000007,3.0,4.0,10.0
836,fibracillin,0,CC1(C)S[C@@H]2[C@H](NC(=O)[C@H](NC(=O)C(C)(C)Oc3ccc(Cl)cc3)c4ccccc4)C(=O)N2[C@H]1C(O)=O,546.0450000000003,125.03999999999999,2.9866,3.0,6.0,8.0
837,flomoxef,0,[Na].CO[C@]1(NC(=O)CSC(F)(F)F)[C@H]2OCC(=C(N2C1=O)C(O)=O)CSc3nnnn3CCO,537.4540000000003,169.00000000000003,-1.3741999999999983,3.0,11.0,10.0
838,flurithromycin,0,CC[C@H]1OC(=O)[C@H](C)[C@@H](O[C@H]2C[C@@](C)(OC)[C@@H](O)[C@H](C)O2)[C@H](C)[C@@H](O[C@@H]3O[C@H](C)C[C@@H]([C@H]3O)N(C)C)[C@](C)(O)C[C@](C)(F)C(=O)[C@H](C)[C@@H](O)[C@]1(C)O,751.9270000000001,193.91,1.877700000000003,5.0,14.0,7.0
839,fropenem,0,C[C@@H](O)[C@@H]1[C@H]2SC(=C(N2C1=O)C(O)=O)[C@H]3CCCO3,285.321,87.07000000000001,0.37369999999999987,2.0,5.0,3.0
840,fumoxicillin,0,CC1(C)S[C@@H]2[C@H](NC(=O)[C@@H](N=Cc3occc3)c4ccc(O)cc4)C(=O)N2[C@H]1C(O)=O,443.48100000000017,132.44,1.7770999999999997,3.0,7.0,6.0
841,furbucillin,0,CC(C)CC(OC(=O)c1occc1)C(=O)N[C@H]2[C@H]3SC(C)(C)[C@@H](N3C2=O)C(O)=O,424.4750000000002,126.15,1.4827999999999997,2.0,7.0,7.0
842,fusidic-acid,0,C[C@@H]1[C@H](O)CC[C@@]2(C)[C@H]1CC[C@@]3(C)[C@H]2[C@H](O)C[C@H]4\C([C@H](C[C@]34C)OC(C)=O)=C(/CCC=C(C)C)C(O)=O,516.7190000000004,104.06,5.6661000000000055,3.0,5.0,5.0
843,gentamicin,0,CNC(C)C1CCC(N)C(O1)OC2C(N)CC(N)C(OC3OCC(C)(O)C(NC)C3O)C2O,477.6030000000002,199.73,-3.327499999999993,8.0,12.0,7.0
844,gloximonam,0,CO/N=C(C(=O)N[C@H]1[C@H](C)N(OCC(=O)OCC(=O)OC(C)(C)C)C1=O)/c2csc(N)n2,471.4920000000002,171.74,-0.3921999999999976,2.0,12.0,9.0
845,gramicidin-s-2,0,CC(C)CC1C(=O)NC(C(=O)N2CCCC2C(=O)NC(C(=O)NC(C(=O)NC(C(=O)NC(C(=O)N3CCCC3C(=O)NC(C(=O)NC(C(=O)N1)CCCN)C(C)C)CC4=CC=CC=C4)CC(C)C)CCCN)C(C)C)CC5=CC=CC=C5,1141.469999999999,325.4599999999999,1.2277999999999862,10.0,12.0,16.0
846,grepafloxacin,0,CC1CN(CCN1)c2cc3N(C=C(C(O)=O)C(=O)c3c(C)c2F)C4CC4,359.4010000000001,74.57,2.28022,2.0,4.0,3.0
847,guamecycline,0,CN(C)C1C2CC3C(=C(O)c4c(O)cccc4C3(C)O)C(=O)C2(O)C(=O)\C(=C(/O)NCN5CCN(CC5)C(=N)N=C(N)N)C1=O,626.671,262.36,-1.956829999999992,9.0,12.0,4.0
848,hetacillin,0,CC1(C)N[C@@H](C(=O)N1[C@H]2[C@H]3SC(C)(C)[C@@H](N3C2=O)C(O)=O)c4ccccc4,389.4770000000001,89.95000000000002,1.4111,2.0,5.0,3.0
849,hydroxyamphetamine,0,CC(Cc1ccccc1)NO,151.20899999999997,32.26,1.5963999999999998,2.0,2.0,3.0
850,hydroxyephedrine,0,CNC(C)C(O)c1ccc(O)cc1,181.23499999999999,52.489999999999995,1.0334999999999996,3.0,3.0,3.0
851,hymecromone,0,CC1=CC(=O)Oc2cc(O)ccc12,176.171,50.44,1.8070199999999998,1.0,3.0,0.0
852,idarubicin,0,C[C@@H]1O[C@H](C[C@H](N)[C@@H]1O)O[C@H]2C[C@@](O)(Cc3c(O)c4C(=O)c5ccccc5C(=O)c4c(O)c23)C(C)=O,497.5000000000003,176.60999999999999,1.020299999999999,5.0,10.0,3.0
853,imipenem,0,O.C[C@H](O)[C@@H]1[C@H]2CC(=C(N2C1=O)C(O)=O)SCCN=CN,317.3670000000001,147.72,-1.210399999999998,3.0,5.0,6.0
854,isepamicin,0,CNC1C(O)C(OCC1(C)O)OC2C(O)C(OC3OC(CN)C(O)C(O)C3O)C(N)CC2NC(=O)C(O)CN,569.6090000000002,297.71999999999997,-7.524400000000013,12.0,16.0,9.0
855,isopropicillin,0,CC1(C)S[C@@H]2[C@H](NC(=O)C(C)(C)Oc3ccccc3)C(=O)N2[C@H]1C(O)=O,378.4500000000001,95.94,1.4756999999999998,2.0,5.0,5.0
856,josamycin,0,CO[C@H]1[C@@H](CC(=O)O[C@H](C)C/C=C/C=C/[C@H](O)[C@H](C)C[C@H](CC=O)[C@@H]1O[C@@H]2O[C@H](C)[C@@H](O[C@H]3C[C@@](C)(O)[C@@H](OC(=O)CC(C)C)[C@H](C)O3)[C@@H]([C@H]2O)N(C)C)OC(C)=O,828.0060000000002,206.04999999999998,3.013400000000006,3.0,16.0,12.0
857,lenampicillin,0,CC1=C(COC(=O)[C@@H]2N3[C@H](SC2(C)C)[C@H](NC(=O)[C@H](N)c4ccccc4)C3=O)OC(=O)O1,461.49600000000027,145.07999999999998,0.83152,2.0,9.0,6.0
858,lenapenem,0,CNCC[C@@H](O)[C@@H]1C[C@@H](CN1)SC2=C(N3[C@H]([C@H]2C)[C@@H]([C@@H](C)O)C3=O)C(O)=O,399.51300000000015,122.13000000000002,-0.42579999999999735,5.0,7.0,8.0
859,leurubicin,0,COc1cccc2C(=O)c3c(O)c4C[C@](O)(C[C@H](O[C@H]5C[C@H](NC(=O)[C@@H](N)CC(C)C)[C@H](O)[C@H](C)O5)c4c(O)c3C(=O)c12)C(=O)CO,656.6850000000002,235.16999999999996,0.5322000000000005,7.0,13.0,9.0
860,lexithromycin,0,CC[C@H]1OC(=O)[C@H](C)[C@@H](OC2CC(C)(OC)C(O)C(C)O2)C(C)[C@@H](OC3OC(C)CC(C3O)N(C)C)[C@](C)(O)C[C@@H](C)\C(=N/OC)[C@H](C)[C@@H](O)[C@]1(C)O,762.979,198.42999999999998,2.2189000000000045,5.0,15.0,8.0
861,lincomycin,0,CCCC1CC(N(C)C1)C(=O)NC(C(C)O)C2OC(SC)C(O)C(O)C2O,406.54500000000013,122.49000000000002,-0.8569999999999969,5.0,8.0,7.0
862,loracarbef,0,O.N[C@@H](C(=O)NC1C2CCC(=C(N2C1=O)C(O)=O)Cl)c3ccccc3,367.789,144.23000000000002,-0.11389999999999922,3.0,4.0,4.0
863,losartan,0,CCCCc1nc(Cl)c(CO)n1Cc2ccc(cc2)c3ccccc3c4n[nH]nn4,422.9200000000001,92.51,4.2668000000000035,2.0,5.0,8.0
864,lymecycline,0,[Cl-].CN(C)[C@H]1[C@@H]2C[C@H]3C(=C(O)c4c(O)ccc(Cl)c4[C@@]3(C)O)C(=O)[C@]2(O)C(=O)\C(=C(N)\O)C1=O.[H+],515.3460000000003,181.62,-2.6010999999999953,6.0,10.0,1.0
865,mecillinam,0,CC1(C)S[C@@H]2[C@H](N=CN3CCCCCC3)C(=O)N2[C@H]1C(O)=O,325.4339999999999,73.21000000000001,1.4062000000000001,1.0,4.0,3.0
866,mecloxamine,0,CC(CN(C)C)OC(C)(c1ccccc1)c2ccc(Cl)cc2,317.86,12.47,4.570200000000004,0.0,2.0,6.0
867,medorubicin,0,CC1OC(CC(N)C1O)OC2CC(O)(Cc3c(O)c4C(=O)c5ccccc5C(=O)c4c(O)c23)C(=O)CO,513.4990000000004,196.83999999999997,-0.007300000000000806,6.0,11.0,4.0
868,meropenem,0,O.O.O.C[C@H](O)C1C2[C@@H](C)C(=C(N2C1=O)C(O)=O)S[C@@H]3CN[C@@H](C3)C(=O)N(C)C,437.51500000000016,204.67999999999998,-2.7820999999999927,3.0,6.0,5.0
869,metampicillin,0,CC1(C)SC2C(NC(=O)C(N=C)c3ccccc3)C(=O)N2C1C(O)=O,361.4230000000001,99.07,1.0599999999999998,2.0,5.0,5.0
870,methacycline,0,CN(C)[C@H]1[C@@H]2[C@@H](O)[C@@H]3C(=C)c4cccc(O)c4C(=C3C(=O)[C@]2(O)C(=O)\C(=C(N)/O)C1=O)O,442.4240000000002,181.61999999999998,-0.5944999999999991,6.0,10.0,1.0
871,methoxyphedrine,0,CNC(C)C(=O)c1ccc(OC)cc1,193.24599999999998,38.33,1.4857999999999998,1.0,3.0,4.0
872,meticillin,0,COc1cccc(OC)c1C(=O)N[C@H]2[C@H]3SC(C)(C)[C@@H](N3C2=O)C(O)=O,380.42200000000014,105.17000000000002,0.9490999999999996,2.0,6.0,5.0
873,mezlocillin,0,CC1(C)S[C@@H]2[C@H](NC(=O)[C@H](NC(=O)N3CCN(C3=O)[S](C)(=O)=O)c4ccccc4)C(=O)N2[C@H]1C(O)=O,539.5920000000003,173.49999999999997,-0.23379999999999784,3.0,8.0,6.0
874,mibefradil,0,COCC(=O)O[C@]1(CCN(C)CCCc2[nH]c3ccccc3n2)CCc4cc(F)ccc4[C@@H]1C(C)C,495.63900000000024,67.45,5.270900000000005,1.0,5.0,11.0
875,midecamycin,0,CCC(=O)OC1CC(=O)OC(C)C\C=C\C=C/C(O)C(C)CC(CC=O)C(O[C@@H]2O[C@H](C)[C@@H](O[C@H]3C[C@@](C)(O)[C@H](OC(=O)CC)[C@@H](C)O3)[C@@H]([C@H]2O)N(C)C)C1OC,813.9790000000002,206.04999999999998,2.7674000000000056,3.0,16.0,12.0
876,mikamycin,0,CCC1NC(=O)C(NC(=O)c2ncccc2O)C(C)OC(=O)C(NC(=O)C3CC(=O)CCN3C(=O)C(Cc4ccc(cc4)N(C)C)N(C)C(=O)C5CCCN5C1=O)c6ccccc6,866.9729999999998,227.96,1.2700000000000078,4.0,12.0,7.0
877,mirincamycin,0,CCCCCC1CNC(C1)C(=O)NC(C(C)Cl)C2OC(SC)C(O)C(O)C2O,439.0180000000001,111.05000000000001,0.8275000000000003,5.0,7.0,9.0
878,mitomycin,0,CO[C@@]12[C@H](COC(N)=O)C3=C(N1C[C@@H]4N[C@H]24)C(=O)C(=C(N)C3=O)C,334.33200000000016,146.89000000000001,-1.6511999999999964,3.0,8.0,3.0
879,moxalactam,0,CO[C@]1(NC(=O)C(C(O)=O)c2ccc(O)cc2)[C@H]3OCC(=C(N3C1=O)C(O)=O)CSc4nnnn4C,520.4800000000002,206.29999999999995,-1.1276999999999984,4.0,11.0,9.0
880,neamine,0,NC[C@H]1O[C@H](O[C@@H]2[C@@H](N)C[C@@H](N)[C@H](O)[C@H]2O)[C@H](N)[C@@H](O)[C@@H]1O,322.362,203.45999999999998,-5.115599999999994,8.0,10.0,3.0
881,netilmicin,0,CCN[C@@H]1C[C@H](N)[C@@H](O[C@H]2OC(=CC[C@H]2N)CN)[C@H](O)[C@H]1O[C@H]3OC[C@](C)(O)[C@H](NC)[C@H]3O,475.58700000000016,199.72999999999996,-3.200699999999992,8.0,12.0,8.0
882,nicardipine,0,COC(=O)C1=C(C)NC(=C(C1c2cccc(c2)[N+]([O-])=O)C(=O)OCCN(C)Cc3ccccc3)C,479.53300000000036,111.00999999999999,3.677800000000003,1.0,8.0,9.0
883,nifedipine,0,COC(=O)C1=C(C)NC(=C(C1c2ccccc2[N+]([O-])=O)C(=O)OC)C,346.33900000000017,107.77,2.1756,1.0,7.0,4.0
884,nitrendipine,0,CCOC(=O)C1=C(C)NC(=C(C1c2cccc(c2)[N+]([O-])=O)C(=O)OC)C,360.36600000000016,107.77,2.5657000000000005,1.0,7.0,5.0
885,nitrocycline,0,CN(C)[C@H]1[C@@H]2C[C@@H]3Cc4c(ccc(O)c4C(=C3C(=O)[C@]2(O)C(=O)\C(=C(N)/O)C1=O)O)[N+]([O-])=O,459.41100000000023,204.52999999999997,-0.1277999999999998,5.0,11.0,2.0
886,novobiocin,0,CO[C@@H]1[C@@H](OC(N)=O)[C@@H](O)[C@H](Oc2ccc3C(=O)C(=C(O)Oc3c2C)NC(=O)c4ccc(O)c(CC=C(C)C)c4)OC1(C)C,612.6320000000003,200.00999999999996,3.6271200000000023,5.0,11.0,8.0
887,oleandomycin,0,COC1CC(OC(C)C1O)O[C@H]2[C@H](C)[C@@H](OC3OC(C)CC(C3O)N(C)C)[C@@H](C)C[C@]4(CO4)C(=O)[C@H](C)[C@@H](O)[C@@H](C)[C@@H](C)OC(=O)[C@@H]2C,687.8680000000004,165.98,1.9085000000000043,3.0,13.0,6.0
888,oxetacillin,0,CC1(C)NC(C(=O)[NH+]1[C@H]2[C@H]3SC(C)(C)[C@@H](N3C2=O)C(O)=O)c4ccc(O)cc4,406.48400000000015,111.38000000000001,-0.3003999999999978,4.0,6.0,3.0
889,oximonam,0,CO\N=C(C(=O)NC1[C@H](C)N(OCC(O)=O)C1=O)\c2csc(N)n2,357.34800000000007,156.44,-1.1924999999999983,3.0,9.0,7.0
890,paclitaxel,0,CC(=O)O[C@H]1C(=O)[C@]2(C)[C@@H](O)C[C@H]3OC[C@@]3(OC(C)=O)C2[C@H](OC(=O)c4ccccc4)[C@]5(O)C[C@H](OC(=O)[C@H](O)[C@@H](NC(=O)c6ccccc6)c7ccccc7)C(=C1C5(C)C)C,853.9180000000001,221.29,3.735700000000003,4.0,14.0,10.0
891,pecocycline,0,CN(C)[C@H]1[C@@H]2C[C@H]3C(=C(O)c4c(O)cccc4[C@@]3(C)O)C(=O)[C@]2(O)C(=O)\C(=C(/O)NCN5CCCC(C5)C(O)=O)C1=O,585.6100000000004,208.17,0.01400000000000129,7.0,12.0,5.0
892,penamecillin,0,CC(=O)OCOC(=O)C1N2C(SC1(C)C)C(NC(=O)Cc3ccccc3)C2=O,406.4600000000002,102.00999999999999,0.8399999999999996,1.0,7.0,6.0
893,penicillin,0,[Na].CC1(C)SC2C(NC(=O)Cc3ccccc3)C(=O)N2C1C(O)=O,357.3870000000001,86.71000000000001,0.4799999999999999,2.0,4.0,4.0
894,penimocycline,0,CN(C)[C@H]1[C@@H]2C[C@H]3C(=C(O)c4c(O)cccc4[C@@]3(C)O)C(=O)[C@]2(O)C(=O)\C(=C(/O)NCNC(C(=O)NC5C6SC(C)(C)C(N6C5=O)C(O)=O)c7ccccc7)C1=O,805.8630000000002,266.37,0.18000000000000632,9.0,15.0,9.0
895,phenethicillin,0,CC(Oc1ccccc1)C(=O)NC2C3SC(C)(C)C(N3C2=O)C(O)=O,364.4230000000001,95.94,1.0856,2.0,5.0,5.0
896,pipacycline,0,CN(C)C1C2CC3C(=C(O)c4c(O)cccc4C3(C)O)C(=O)C2(O)C(=O)\C(=C(/O)NCN5CCN(CCO)CC5)C1=O,586.6420000000003,194.34,-1.1726999999999952,7.0,13.0,6.0
897,pirarubicin,0,COc1cccc2C(=O)c3c(O)c4C[C@](O)(C[C@H](O[C@H]5C[C@H](N)[C@H](O[C@H]6CCCCO6)[C@H](C)O5)c4c(O)c3C(=O)c12)C(=O)CO,627.6430000000004,204.29999999999998,1.5521999999999996,5.0,13.0,7.0
898,pirbenicillin,0,CC1(C)SC2C(N([C@H](C(=O)NC(=O)CN)c3ccccc3)C(=N)c4ccncc4)C(=O)N2C1C(O)=O,510.57600000000014,169.78,0.5672700000000015,4.0,8.0,7.0
899,piridicillin,0,[Na+].CC1(C)S[C@@H]2[C@H](NC(=O)[C@H](NC(=O)C3=CC=C(NC3=O)c4ccc(cc4)[S](=O)(=O)N(CCO)CCO)c5ccc(O)cc5)C(=O)N2[C@H]1C([O-])=O,751.7720000000002,249.56999999999996,-4.505099999999988,6.0,12.0,13.0
900,piroxicillin,0,CC1(C)S[C@@H]2[C@H](NC(=O)[C@H](NC(=O)NC3=CN=C(NC3=O)Nc4ccc(cc4)[S](N)(=O)=O)c5ccc(O)cc5)C(=O)N2[C@H]1C(O)=O,672.7020000000003,266.01,0.36100000000000165,8.0,11.0,9.0
901,pivampicillin,0,CC(C)(C)C(=O)OCOC(=O)[C@@H]1N2[C@H](SC1(C)C)[C@H](NC(=O)[C@H](N)c3ccccc3)C2=O,463.55600000000015,128.03,1.3235000000000017,2.0,8.0,6.0
902,pivenfrine,0,CNCC(O)c1cccc(OC(=O)C(C)(C)C)c1,251.32599999999994,58.559999999999995,1.8909,2.0,4.0,4.0
903,prazocillin,0,Cc1cnn(c1C(=O)N[C@H]2[C@H]3SC(C)(C)[C@@H](N3C2=O)C(O)=O)c4c(Cl)cccc4Cl,469.35000000000025,104.53,2.7328200000000002,2.0,5.0,4.0
904,pristinamycin-ic,0,CC1OC(=O)C(NC(=O)C2CC(=O)CCN2C(=O)C(Cc3ccc(cc3)N(C)C)N(C)C(=O)C4CCCN4C(=O)C(C)NC(=O)C1NC(=O)c5ncccc5O)c6ccccc6,852.9460000000001,227.95999999999995,0.879900000000009,4.0,12.0,6.0
905,propafenone,0,CCCNCC(O)COc1ccccc1C(=O)CCc2ccccc2,341.4510000000001,58.559999999999995,3.2414000000000023,2.0,4.0,11.0
906,propicillin,0,CCC(Oc1ccccc1)C(=O)NC2C3SC(C)(C)C(N3C2=O)C(O)=O,378.45000000000016,95.94,1.4756999999999998,2.0,5.0,6.0
907,propikacin,0,NCC1OC(OC2C(N)CC(NC(CO)CO)C(OC3OC(CO)C(O)C(N)C3O)C2O)C(N)C(O)C1O,557.5980000000003,314.87,-8.340900000000014,13.0,17.0,10.0
908,quinacillin,0,CC1(C)S[C@@H]2[C@H](NC(=O)c3nc4ccccc4nc3C(O)=O)C(=O)N2[C@H]1C(O)=O,416.4150000000002,149.79,0.5732999999999998,3.0,7.0,4.0
909,rifabutin,0,CO[C@H]1/C=C/O[C@@]2(C)Oc3c(C)c(O)c4C(=O)C(=C5NC6(CCN(CC6)CC(C)C)N=C5c4c3C2=O)NC(=O)C(=C\C=C\[C@H](C)[C@H](O)[C@@H](C)[C@@H](O)[C@@H](C)[C@H](OC(C)=O)[C@@H]1C)/C,847.0190000000003,205.54999999999995,4.615720000000004,5.0,14.0,4.0
910,rifametane,0,CCN(CC)C(C)=NN=Cc1c(O)c2c3C(=O)C4(C)OC=CC(OC)C(C)C(OC(C)=O)C(C)C(O)C(C)C(O)C(C)C=CC=C(C)C(=O)Nc1c(O)c2c(O)c(C)c3O4,836.9800000000001,229.26999999999995,5.848220000000009,6.0,14.0,6.0
911,rifamexil,0,CCN(CC)c1sc2c3NC(=O)C(=C\C=C\[C@H](C)[C@H](O)[C@@H](C)[C@@H](O)[C@@H](C)[C@H](OC(C)=O)[C@H](C)[C@@H](OC)/C=C/O[C@@]4(C)Oc5c(C)c(O)c(c3O)c(c2n1)c5C4=O)/C,809.979,197.21000000000004,6.5044200000000085,5.0,14.0,5.0
912,rifamide,0,CCN(CC)C(=O)COc1cc2NC(=O)C(=C\C=C\[C@H](C)[C@H](O)[C@@H](C)[C@@H](O)[C@@H](C)[C@H](OC(C)=O)[C@H](C)[C@@H](OC)/C=C/O[C@@]3(C)Oc4c(C)c(O)c(c2O)c1c4C3=O)/C,810.9380000000001,210.61999999999995,5.295720000000007,5.0,13.0,7.0
913,rifampin,0,COC1C=COC5(C)Oc4c(C)c(O)c3c(O)c(NC(=O)C(=CC=CC(C)C(O)C(C)C(O)C(C)C(OC(C)=O)C1C)C)c(C=NN2CCN(C)CC2)c(O)c3c4C5=O,822.9529999999995,220.15,4.3354200000000045,6.0,15.0,4.0
914,rifamycin,0,CO[C@H]1/C=C/O[C@@]2(C)Oc3c(C)c(O)c4c(O)c(NC(=O)C(=C\C=C\[C@H](C)[C@H](O)[C@@H](C)[C@@H](O)[C@@H](C)[C@H](OC(C)=O)[C@@H]1C)/C)cc(O)c4c3C2=O,697.778,201.30999999999997,4.754120000000006,6.0,12.0,2.0
915,rifapentine,0,CO[C@H]1\C=C\O[C@@]2(C)Oc3c(C)c(O)c4C(=C(NC(=O)C(=C/C=C/[C@H](C)[C@H](O)[C@@H](C)[C@@H](O)[C@@H](C)[C@H](OC(C)=O)[C@@H]1C)\C)C(=C/NN5CCN(CC5)C6CCCC6)\C(=O)c4c3C2=O)O,877.0449999999994,216.66000000000003,4.7390200000000045,6.0,15.0,5.0
916,rifaximin,0,CO[C@H]1/C=C/O[C@@]2(C)Oc3c(C)c(O)c4c(O)c(NC(=O)C(=C\C=C\[C@H](C)[C@H](O)[C@@H](C)[C@@H](O)[C@@H](C)[C@H](OC(C)=O)[C@@H]1C)/C)c5n6ccc(C)cc6nc5c4c3C2=O,785.8909999999997,198.38,6.157840000000007,5.0,12.0,2.0
917,ritipenem,0,[Na+].C[C@@H](O)[C@@H]1[C@H]2SC(=C(N2C1=O)C([O-])=O)COC(N)=O,310.26300000000003,132.98999999999998,-5.040699999999997,2.0,7.0,4.0
918,rodorubicin,0,CC[C@@]1(O)C[C@H](O[C@H]2C[C@@H]([C@H](O[C@H]3C[C@@H]4O[C@H]5CC(=O)[C@H](C)O[C@H]5O[C@@H]4[C@H](C)O3)[C@H](C)O2)N(C)C)c6c(O)c7C(=O)c8c(O)cccc8C(=O)c7c(O)c6[C@H]1O[C@H]9C[C@@H]([C@H](O)[C@H](C)O9)N(C)C,941.0370000000001,241.90999999999997,3.1068000000000024,5.0,19.0,9.0
919,rotamicillin,0,CC1(C)S[C@@H]2[C@H](NC(=O)[C@H](NC(=O)Cc3ccc(cc3)C4=NCCCN4)c5ccccc5)C(=O)N2[C@H]1C(O)=O,549.6530000000004,140.2,1.4582000000000004,4.0,7.0,8.0
920,roxithromycin,0,CC[C@H]1OC(=O)[C@H](C)[C@@H](O[C@H]2C[C@@](C)(OC)[C@@H](O)[C@H](C)O2)[C@H](C)[C@@H](O[C@@H]3O[C@H](C)C[C@@H]([C@H]3O)N(C)C)[C@](C)(O)C[C@@H](C)\C(=N\OCOCCOC)[C@H](C)[C@@H](O)[C@]1(C)O,837.0579999999999,216.88999999999996,2.2096000000000076,5.0,17.0,13.0
921,sanfetrinem,0,COC1CCCC2C3C(C(C)O)C(=O)N3C(=C12)C([O-])=O,280.3,89.9,-0.973099999999999,1.0,5.0,3.0
922,sarmoxicillin,0,COCOC(=O)C1N2C(SC1(C)C)C(N3C(=O)C(NC3(C)C)c4ccc(O)cc4)C2=O,449.5290000000002,108.41,1.1791999999999998,2.0,8.0,5.0
923,sarpicillin,0,COCOC(=O)[C@@H]1N2[C@H](SC1(C)C)[C@H](N3C(=O)C(NC3(C)C)c4ccccc4)C2=O,433.5300000000002,88.18,1.4735999999999996,1.0,7.0,5.0
924,sedecamycin,0,CC1C2CC(OC(C)=O)\C=C\C(=C\CC(O)/C=C/C(=C/C(NC(=O)C(C)=O)C(C)(C(=O)O2)C1=O)C)C,501.57600000000036,136.07,2.2885,2.0,8.0,3.0
925,sisomicin,0,CN[C@@H]1[C@@H](O)[C@H](OC[C@]1(C)O)O[C@H]2[C@H](N)C[C@H](N)[C@@H](O[C@H]3OC(=CC[C@H]3N)CN)[C@@H]2O,447.53300000000024,213.72,-3.851499999999992,8.0,12.0,6.0
926,spiramycin,0,COC1C(O)CC(=O)OC(C)C\C=C\C=C\C(OC2CCC(C(C)O2)N(C)C)C(C)CC(CC=O)C1OC3OC(C)C(OC4CC(C)(O)C(O)C(C)O4)C(C3O)N(C)C,843.0650000000004,195.38,2.325100000000007,4.0,16.0,11.0
927,sulbenicillin,0,CC1(C)S[C@@H]2[C@H](NC(=O)C(c3ccccc3)[S](O)(=O)=O)C(=O)N2[C@H]1C(O)=O,414.4610000000002,141.07999999999998,0.2472000000000002,3.0,6.0,5.0
928,sulopenem,0,C[C@@H](O)[C@@H]1[C@H]2SC(=C(N2C1=O)C(O)=O)SC3CC[S](=O)C3,349.45500000000015,94.91,0.40640000000000004,2.0,6.0,4.0
929,sultamicillin,0,CC1(C)S[C@@H]2[C@H](NC(=O)[C@H](N)c3ccccc3)C(=O)N2[C@H]1C(O)=O.CC4(C)[C@@H](N5[C@@H](CC5=O)[S]4(=O)=O)C(O)=O,582.6570000000004,204.47999999999996,-0.4768999999999957,4.0,9.0,5.0
930,suncillin,0,[Na+].[Na+].CC1(C)S[C@@H]2[C@H](NC(=O)[C@H](N[S]([O-])(=O)=O)c3ccccc3)C(=O)N2[C@H]1C([O-])=O,473.4400000000003,158.76999999999995,-7.917500000000008,2.0,8.0,6.0
931,tacrolimus,0,CO[C@@H]1C[C@@H](CC[C@H]1O)/C=C(C)/[C@H]2OC(=O)[C@@H]3CCCCN3C(=O)C(=O)[C@]4(O)O[C@H]([C@H](C[C@@H](C)CC(=C/[C@@H](CC=C)C(=O)C[C@H](O)[C@H]2C)/C)OC)[C@H](C[C@H]4C)OC,804.0310000000002,178.35999999999996,4.639000000000005,3.0,12.0,7.0
932,talampicillin,0,CC1(C)S[C@@H]2[C@H](NC(=O)[C@H](N)c3ccccc3)C(=O)N2[C@H]1C(=O)OC4OC(=O)c5ccccc45,481.53000000000026,128.03,1.6458999999999995,2.0,8.0,5.0
933,tazobactam,0,C[C@]1(Cn2ccnn2)[C@@H](N3[C@@H](CC3=O)[S]1(=O)=O)C(O)=O,300.296,122.46000000000001,-1.5231999999999979,1.0,6.0,3.0
934,teicoplanin,0,CCCCCCCCCC(=O)N[C@@H]1[C@@H](O)[C@H](O)[C@@H](CO)O[C@H]1Oc2c3Oc4ccc(C[C@H]5NC(=O)[C@H](N)c6ccc(O)c(Oc7cc(O)cc(c7)[C@H](NC5=O)C(=O)N[C@H]8C(=O)N[C@H]9C(=O)N[C@@H]([C@H](O[C@@H]%10O[C@H](CO)[C@@H](O)[C@H](O)[C@H]%10NC(C)=O)c%11ccc(Oc2cc8c3)c(Cl)c%11)C(=O)N[C@@H](C(O)=O)c%12cc(O)cc(O[C@H]%13O[C@H](CO)[C@@H](O)[C@H](O)[C@@H]%13O)c%12c%14cc9ccc%14O)c6)cc4Cl,1879.6800000000005,662.4100000000001,1.1636000000000069,24.0,33.0,20.0
935,temocillin,0,CO[C@]1(NC(=O)C(C(O)=O)c2cscc2)[C@H]3SC(C)(C)[C@@H](N3C1=O)C(O)=O,414.4610000000002,133.24,0.5221000000000005,3.0,7.0,6.0
936,theodrenaline,0,CN1C(=O)N(C)c2ncn(CCNCC(O)c3ccc(O)c(O)c3)c2C1=O,375.3850000000001,134.54000000000002,-0.8319000000000003,4.0,7.0,6.0
937,thiphencillin,0,CC1(C)SC2C(NC(=O)CSc3ccccc3)C(=O)N2C1C(O)=O,366.4640000000001,86.71000000000001,1.4103999999999999,2.0,5.0,5.0
938,tigemonam,0,CC1(C)[C@H](NC(=O)C(=N\OCC(O)=O)/c2csc(N)n2)C(=O)N1O[S](O)(=O)=O,437.41200000000015,210.80999999999997,-1.6293999999999977,4.0,11.0,8.0
939,tobicillin,0,CC(C)C(=O)OCc1cccc(OC(=O)[C@@H]2N3[C@H](SC2(C)C)[C@H](NC(=O)Cc4ccccc4)C3=O)c1,510.61200000000025,102.00999999999999,3.0810000000000013,1.0,7.0,8.0
940,tobramycin,0,NC[C@H]1O[C@H](O[C@@H]2[C@@H](N)C[C@@H](N)[C@H](O[C@H]3O[C@H](CO)[C@@H](O)[C@H](N)[C@H]3O)[C@H]2O)[C@H](N)C[C@@H]1O,467.52000000000015,268.17,-6.295799999999999,10.0,14.0,6.0
941,tolcapone,0,Cc1ccc(cc1)C(=O)c2cc(O)c(O)c(c2)[N+]([O-])=O,273.244,100.66999999999999,2.545420000000002,2.0,5.0,3.0
942,troleandomycin,0,CO[C@H]1C[C@@H](O[C@@H](C)[C@@H]1OC(C)=O)O[C@H]2[C@H](C)[C@@H](O[C@@H]3O[C@H](C)C[C@@H]([C@H]3OC(C)=O)N(C)C)[C@@H](C)C[C@@]4(CO4)C(=O)[C@H](C)[C@@H](OC(C)=O)[C@@H](C)[C@@H](C)OC(=O)[C@@H]2C,813.979,184.19,3.6209000000000087,0.0,16.0,9.0
943,trospectomycin,0,CCCC[C@@H]1CC(=O)[C@]2(O)O[C@@H]3[C@@H](NC)[C@@H](O)[C@@H](NC)[C@H](O)[C@H]3O[C@@H]2O1,374.4340000000001,129.51000000000002,-1.7552999999999952,5.0,9.0,5.0
944,tymazoline,0,CC(C)c1ccc(C)cc1OCC2=NCCN2,232.32699999999994,33.62,2.49892,1.0,3.0,4.0
945,vindesine,0,CC[C@]1(O)C[C@H]2CN(CCc3c([nH]c4ccccc34)[C@@](C2)(C(=O)OC)c5cc6c(cc5OC)N(C)[C@H]7[C@](O)([C@H](O)[C@]8(CC)C=CCN9CC[C@]67[C@H]89)C(N)=O)C1,753.9409999999999,164.82,2.732400000000002,5.0,10.0,6.0
946,virginiamycin-factor-m1,0,CC(C)C1OC(=O)C2=CCCN2C(=O)c3coc(CC(=O)CC(O)\C=C(C)/C=C\CNC(=O)\C=C/C1C)n3,525.6020000000002,139.04000000000002,2.6594000000000007,2.0,8.0,1.0
947,xantocillin,0,Oc1ccc(cc1)/C=C([N+]#[C-])/C(=C/c2ccc(O)cc2)[N+]#[C-],288.306,49.18,4.318380000000003,2.0,2.0,3.0
948,zorubicin,0,[Cl-].COc1cccc2C(=O)c3c(O)c4C[C@](O)(C[C@H](O[C@H]5C[C@H](N)[C@H](O)[C@H](C)O5)c4c(O)c3C(=O)c12)/C(C)=N/NC(=O)c6ccccc6.[H+],682.1260000000002,210.23,-0.6376999999999953,6.0,12.0,6.0
949,cryofluorane,1,ClC(C(F)(F)Cl)(F)F,170.92,0.0,2.6496,0.0,0.0,1.0
950,gacyclidine,1,[C@@]3(C1=CC=CS1)(N2CCCCC2)[C@H](CCCC3)C,263.44999999999993,3.24,4.639400000000005,0.0,2.0,2.0
951,fenetylline,1,[H+].C1=NC3=C([N]1CCNC(CC2=CC=CC=C2)C)C(=O)N(C(=O)N3C)C.[Cl-],377.8760000000001,73.85,-2.2289999999999957,1.0,4.0,6.0
952,acaprazine,1,C1=C(Cl)C=CC(=C1N2CCN(CCCNC(C)=O)CC2)Cl,330.259,35.58,2.6416000000000004,1.0,3.0,5.0
953,acebrochol,1,[C@]34([C@H]([C@H]2[C@@H]([C@@]1(C([C@@H](C(CC1)OC(C)=O)Br)[C@@H](C2)Br)C)CC3)CC[C@@H]4[C@@H](CCCC(C)C)C)C,588.5090000000001,26.3,8.786200000000003,0.0,2.0,6.0
954,acecarbromal,1,C(C(C(NC(NC(C)=O)=O)=O)(CC)Br)C,279.13399999999996,75.27,1.3123999999999998,2.0,3.0,3.0
955,acefurtiamine,1,C2=C(CN(C(=C(SC(=O)C1=CC=CO1)\CCOC(=O)COC(=O)C)/C)C=O)C(=NC(=N2)C)N,476.5110000000003,154.92000000000002,2.2201199999999996,1.0,11.0,11.0
956,aceglutamide,1,C(C(NC(C)=O)C(O)=O)CC(N)=O,188.18299999999996,109.49000000000001,-1.158799999999999,3.0,3.0,5.0
957,aceperone,1,C1=CC=CC=C1C3(CCN(CCCC(C2=CC=C(F)C=C2)=O)CC3)CNC(C)=O,396.50600000000014,49.410000000000004,3.9585000000000026,1.0,3.0,8.0
958,acetaminosalol,1,C2=C(C(OC1=CC=C(C=C1)NC(C)=O)=O)C(=CC=C2)O,271.272,75.63,2.5698000000000003,2.0,4.0,3.0
959,acetazolamide,1,CC(NC1=NN=C(S1)[S](N)(=O)=O)=O,222.251,115.03999999999999,-0.8561000000000003,2.0,6.0,2.0
960,acetiamine,1,C1=NC(=NC(=C1CN(C(=C(\CCOC(C)=O)SC(C)=O)/C)C=O)N)C,366.4430000000001,115.48,1.7900199999999997,1.0,8.0,8.0
961,acetorphan/racecadotril/ecadotril,1,C2=C(CC(C(NCC(OCC1=CC=CC=C1)=O)=O)CSC(C)=O)C=CC=C2,385.4850000000001,72.47,2.9846000000000013,1.0,5.0,9.0
962,acetorphine,1,[C@H]23OC1=C(OC(=O)C)C=CC6=C1C25C4(C[C@@H](C3(OC)C=C4)[C@](O)(CCC)C)C(N(CC5)C)C6,453.5790000000003,68.23,3.383300000000002,1.0,6.0,5.0
963,acetylmethadol/levacetylmethadol/alphacetylmethadol/betacetylmethadol,1,C2=C(C(C1=CC=CC=C1)(C(OC(=O)C)CC)CC(N(C)C)C)C=CC=C2,353.50600000000003,29.54,4.654600000000005,0.0,3.0,8.0
964,acevaltrate,1,[C@]12(OC1)[C@@H]3C(=C[C@@H]2OC(=O)CC(OC(=O)C)(C)C)C(=CO[C@H]3OC(=O)CC(C)C)COC(=O)C,480.5100000000003,126.96000000000001,2.3478000000000003,0.0,10.0,9.0
965,acrocinonide,1,[C@]12(OC(O[C@@H]1CC3C2(CC(O)C4(F)C3CCC5=CC(=O)C=CC45C)C)C=C)C(=O)CO,432.4880000000002,93.06,2.1948000000000003,2.0,6.0,3.0
966,acyclovir/aciclovir,1,C1=NC2=C([N]1COCCO)NC(=NC2=O)N,225.208,119.05,-1.3317999999999997,3.0,6.0,4.0
967,adafenoxate,1,C1=CC(=CC=C1OCC(OCCNC23CC4CC(C2)CC(C3)C4)=O)Cl,363.8850000000001,47.56,3.820400000000003,1.0,4.0,7.0
968,adatanserin,1,C1=NC(=NC=C1)N5CCN(CCNC(C23CC4CC(C2)CC(C3)C4)=O)CC5,369.5130000000002,61.36000000000001,1.9311999999999991,1.0,5.0,5.0
969,alaproclate,1,C1=CC(=CC=C1CC(OC(C(C)N)=O)(C)C)Cl,255.74499999999998,52.32,2.5515000000000008,1.0,3.0,4.0
970,alclometasone-dipropionate,1,[C@@]4([C@@]3([C@H]([C@H]2[C@@H]([C@@]1(C(=CC(=O)C=C1)C[C@H]2Cl)C)[C@H](C3)O)C[C@H]4C)C)(C(COC(CC)=O)=O)OC(CC)=O,521.0500000000005,106.97,3.942700000000003,1.0,7.0,6.0
971,alentemol,1,C1=C3C2=C(C=C1O)C=CC=C2CC(C3)N(CCC)CCC,283.41499999999996,23.47,4.1346000000000025,1.0,2.0,5.0
972,alfadolone,1,[C@@H]12C4([C@@H](CCC1[C@H]3C(CC2=O)(C(CC3)C(=O)CO)C)C[C@H](O)CC4)C,348.4830000000001,74.60000000000001,2.746600000000001,2.0,4.0,2.0
973,alfaxalone/renanolone,1,[C@@H]23[C@H]([C@H]1[C@]([C@@H](C(C)=O)CC1)(C)CC2=O)CC[C@@H]4[C@@]3(CC[C@H](C4)O)C,332.4840000000001,54.370000000000005,3.774200000000003,1.0,3.0,1.0
974,algestone-acetonide,1,CC14C5(C(CC1C3C(C2(C(=CC(=O)CC2)CC3)C)CC4)OC(O5)(C)C)C(C)=O,386.53200000000015,52.6,4.607500000000004,0.0,4.0,1.0
975,aliflurane,1,COC1(C(F)(F)C1(F)Cl)F,178.512,9.23,1.8521000000000003,0.0,1.0,1.0
976,alletorphine,1,[C@@](O)(C5C6(OC)C2OC1=C(O)C=CC4=C1C23C(C(N(CC3)CC=C)C4)(C5)C=C6)(CCC)C,437.5800000000004,62.160000000000004,3.719800000000003,2.0,5.0,6.0
977,allomethadione,1,C(N1C(C(C)OC1=O)=O)C=C,155.153,46.61,0.5396999999999998,0.0,3.0,2.0
978,almoxatone,1,[C@H]3(CN(C2=CC=C(OCC1=CC=CC(=C1)Cl)C=C2)C(O3)=O)CNC,346.81400000000014,50.800000000000004,3.4636000000000022,1.0,4.0,6.0
979,alnespirone,1,[H+].C4=C3OCC(N(CCCCN1C(=O)CC2(CC1=O)CCCC2)CCC)CC3=C(OC)C=C4.[Cl-],479.0610000000004,59.08,1.3168000000000017,0.0,5.0,9.0
980,alonimid,1,C1=CC=CC3=C1C2(C(NC(=O)CC2)=O)CCC3=O,243.26199999999992,63.24,1.3375,1.0,3.0,0.0
981,aloracetam,1,C1=C([N](C(=C1C=O)C)CCNC(C)=O)C,208.26099999999997,51.1,1.05354,1.0,2.0,4.0
982,alozafone,1,C1=C(C(=CC=C1Cl)N(C(CN(C(CC#N)C)C)=O)C)C(C2=C(C=CC=C2)F)=O,401.86900000000014,64.41,3.9068800000000037,0.0,4.0,7.0
983,alphameprodine/betameprodine,1,[C@]2(C1=CC=CC=C1)([C@H](CN(C)CC2)CC)OC(CC)=O,275.39199999999994,29.54,3.1968000000000023,0.0,3.0,4.0
984,alphamethadol,1,[C@H](C(C1=CC=CC=C1)(C2=CC=CC=C2)C[C@H](N(C)C)C)(CC)O,311.46900000000005,23.47,4.083800000000004,1.0,2.0,7.0
985,alpiropride,1,C1=C(C(=CC(=C1[S](NC)(=O)=O)N)OC)C(NCC2N(CCC2)CC=C)=O,382.4860000000003,113.75999999999999,0.5657000000000012,3.0,6.0,8.0
986,alrestatin,1,C1=CC=C3C2=C1C(N(CC(O)=O)C(C2=CC=C3)=O)=O,255.22899999999998,74.68,1.5204,1.0,3.0,2.0
987,amcinafal,1,[C@H]23C([C@@]1(OC(O[C@@H]1C2)(CC)CC)C(=O)CO)(C[C@H](O)[C@@]4(F)C3CCC5=CC(=O)C=CC45C)C,462.5580000000002,93.06,3.1990000000000016,2.0,6.0,4.0
988,amcinafide,1,[C@H]24C([C@@]1(O[C@@](O[C@@H]1C2)(C3=CC=CC=C3)C)C(=O)CO)(C[C@H](O)[C@@]5(F)C4CCC6=CC(=O)C=CC56C)C,496.57500000000033,93.06,3.555600000000002,2.0,6.0,3.0
989,amcinonide,1,[C@@]45([C@@]3([C@H]([C@H]2[C@]([C@@]1(C(=CC(=O)C=C1)CC2)C)(F)[C@H](C3)O)C[C@H]4OC6(O5)CCCC6)C)C(COC(C)=O)=O,502.57900000000046,99.13,3.5238000000000023,1.0,7.0,3.0
990,amelometasone,1,[C@H]12[C@@]([C@](OC(=O)CC)([C@H](C1)C)C(=O)COC)(C[C@H](O)[C@@]3(F)[C@H]2CCC4=CC(=O)C=C[C@]34C)C,462.5580000000002,89.9,3.5107000000000026,1.0,6.0,5.0
991,ameltolide,1,C1=C(C(=C(C=C1)C)NC(C2=CC=C(N)C=C2)=O)C,240.30599999999998,55.12,3.1379400000000013,2.0,2.0,2.0
992,amesergide,1,[C@H]4(CC3C2=C1C(=C[N](C1=CC=C2)C(C)C)CC3N(C4)C)C(NC5CCCCC5)=O,393.5750000000003,37.269999999999996,4.6311000000000035,1.0,2.0,3.0
993,amfetaminil,1,C2=C(C(NC(CC1=CC=CC=C1)C)C#N)C=CC=C2,250.34500000000003,35.82,3.472080000000002,1.0,2.0,5.0
994,amineptine,1,C3=C2C([NH2+]CCCCCCC(O)=O)C1=CC=CC=C1CCC2=CC=C3.[Cl-],373.9240000000002,53.910000000000004,0.4771000000000005,2.0,1.0,8.0
995,amisulpride,1,C1=C([S](CC)(=O)=O)C(=CC(=C1C(NCC2N(CCC2)CC)=O)OC)N,369.4870000000002,101.73,1.2851000000000004,2.0,6.0,7.0
996,amitriptylinoxide,1,C1=CC=CC2=C1C(C3=C(CC2)C=CC=C3)=CCC[N+](C)(C)[O-],293.41,23.06,4.181200000000003,0.0,1.0,3.0
997,amixetrine,1,C1=CC=CC=C1C(CN2CCCC2)OCCC(C)C,261.40899999999993,12.47,3.886200000000003,0.0,2.0,7.0
998,amperozide,1,C3=C(C(C1=CC=C(C=C1)F)CCCN2CCN(C(NCC)=O)CC2)C=CC(=C3)F,401.5010000000001,35.58,4.224000000000003,1.0,2.0,7.0
999,amphenidone,1,C1=C(C=CC=C1N2C(C=CC=C2)=O)N,186.214,48.019999999999996,1.4197000000000002,1.0,2.0,1.0
1000,ampyzine,1,CN(C)c1cnccn1,123.15899999999998,29.020000000000003,0.5425999999999999,0.0,3.0,1.0
1001,amylene-hydrate,1,C(C(C)(C)O)C,88.14999999999998,20.23,1.1673,1.0,1.0,1.0
1002,anileridine,1,C3=C(CCN1CCC(CC1)(C2=CC=CC=C2)C(OCC)=O)C=CC(=C3)N,352.47800000000007,55.56,3.4082000000000017,1.0,4.0,6.0
1003,aniracetam,1,C1=CC(=CC=C1C(N2C(CCC2)=O)=O)OC,219.23999999999992,46.61,1.4577999999999995,0.0,3.0,2.0
1004,anseculin,1,COc2cc1oc(=O)c(C)c(C)c1cc2OCCCN3CCN(CC3)c4ccccc4OC,452.5510000000003,64.38000000000001,4.018140000000003,0.0,7.0,8.0
1005,apadoline,1,[C@H](N1C3=C(SC2=C1C=CC=C2)C=CC(=C3)C(=O)NCCC)(CN4CCCC4)C,395.57200000000034,35.580000000000005,4.913400000000004,1.0,4.0,6.0
1006,aprobarbital,1,C(C1(C(NC(=O)NC1=O)=O)C(C)C)C=C,210.23299999999998,75.27000000000001,0.5708999999999995,2.0,3.0,3.0
1007,aripiprazole,1,C1=C4C(=CC=C1OCCCCN3CCN(C2=CC=CC(=C2Cl)Cl)CC3)CCC(N4)=O,448.3940000000002,44.81,4.859300000000004,1.0,4.0,7.0
1008,ascorbic-acid,1,C(O)C(O)C1OC(=C(O)C1=O)O,176.124,107.22000000000001,-1.4074,4.0,6.0,2.0
1009,aspirin,1,C1=CC=CC(=C1C(O)=O)OC(C)=O,180.15899999999996,63.6,1.3101,1.0,3.0,2.0
1010,atolide,1,C1=CC=CC(=C1C(NC2=C(C=C(N(CC)CC)C=C2)C)=O)N,297.40200000000004,58.36,3.675720000000002,2.0,3.0,5.0
1011,atromepine,1,C1=CC=CC=C1C(C(OC2CC3N(C)C(C2)CC3)=O)(CO)C,303.40200000000004,49.769999999999996,2.1050000000000004,1.0,4.0,4.0
1012,atropine-oxide,1,C1=CC=CC=C1C(C(OC2CC3[N+](C(C2)CC3)(C)[O-])=O)CO,305.374,69.59,1.9434999999999998,1.0,4.0,4.0
1013,avizafone,1,[C@@H](C(NCC(N(C1=CC=C(C=C1C(C2=CC=CC=C2)=O)Cl)C)=O)=O)(CCCCN)N,430.9360000000003,118.52,2.1063,3.0,5.0,10.0
1014,axamozide,1,C1=CC(=CC5=C1N(C4CCN(CC3OC2=C(C=CC=C2)OC3)CC4)C(N5)=O)Cl,399.87800000000016,59.49,3.459900000000001,1.0,4.0,3.0
1015,azabon,1,C1=CC(=CC=C1[S](N2CC3CCC(C2)CC3)(=O)=O)N,280.393,63.400000000000006,2.0795000000000003,1.0,3.0,2.0
1016,azabuperone,1,C1=CC(=CC=C1C(CCCN2CC3N(CC2)CCC3)=O)F,290.3819999999999,23.55,2.568600000000001,0.0,3.0,5.0
1017,azacyclonol,1,C3=C(C(O)(C1=CC=CC=C1)C2CCNCC2)C=CC=C3,267.37199999999996,32.26,2.9221000000000013,2.0,2.0,3.0
1018,azaloxan,1,O=C1NCCN1C4CCN(CCC3COc2ccccc2O3)CC4,331.4160000000001,54.040000000000006,1.7060999999999997,1.0,4.0,4.0
1019,azaquinzole,1,C1=CC=CC2=C1C3N(CC2)CCNC3,188.27399999999997,15.27,1.189,1.0,2.0,0.0
1020,azepindole,1,C1=CC=CC2=C1[N]3C(=C2)CNCCC3,186.25799999999995,16.96,2.1346,1.0,1.0,0.0
1021,azipramine,1,CN(CCc2cc3cccc4CCc1ccccc1n2c34)Cc5ccccc5,366.5080000000001,8.17,5.403600000000005,0.0,1.0,5.0
1022,balaperidone,1,[C@H]13[C@H](C[C@@H]1C2=CC=C(F)C=C2)CN(C3)CCN4C(=O)C5=C(NC4=O)C=CC=C5,379.43500000000006,58.1,2.564400000000001,1.0,3.0,4.0
1023,bamifylline,1,C1=CC=CC=C1CC2=NC3=C([N]2CCN(CCO)CC)C(N(C)C(N3C)=O)=O,385.46800000000013,85.28999999999999,0.3387000000000002,1.0,5.0,8.0
1024,barbital,1,C(C1(C(NC(=O)NC1=O)=O)CC)C,184.19499999999996,75.27000000000001,0.15879999999999939,2.0,3.0,2.0
1025,batelapine,1,C1=CC=CC3=C1N=C([N]2C(=NC(=N2)C)C3)N4CCN(C)CC4,296.3780000000001,49.550000000000004,1.27392,0.0,5.0,0.0
1026,beclamide,1,C1=CC=CC=C1CNC(CCCl)=O,197.66499999999996,29.1,1.9317,1.0,1.0,4.0
1027,beclomethasone/beclometasone,1,[C@]23([C@H]([C@H]1[C@]([C@](C(CO)=O)(O)[C@H](C1)C)(C)C[C@@H]2O)CCC4=CC(=O)C=C[C@]34C)Cl,408.92200000000014,94.83000000000001,2.164999999999999,3.0,5.0,2.0
1028,befloxatone,1,[C@@H]2(CN(C1=CC=C(C=C1)OCC[C@H](C(F)(F)F)O)C(O2)=O)COC,349.30500000000006,68.23,2.3503000000000007,1.0,5.0,7.0
1029,bemegride,1,C(C1(CC(NC(C1)=O)=O)C)C,155.19699999999997,46.17,0.8392999999999999,1.0,2.0,1.0
1030,benfotiamine,1,C2=C(CN(C(=C(SC(=O)C1=CC=CC=C1)/CCO[P](=O)(O)O)/C)C=O)C(=NC(=N2)C)N,466.4560000000002,155.94000000000003,2.63012,3.0,8.0,10.0
1031,benorilate,1,C1=CC=CC(=C1C(OC2=CC=C(NC(C)=O)C=C2)=O)OC(C)=O,313.3090000000001,81.69999999999999,2.7895000000000003,1.0,5.0,4.0
1032,bentazepam,1,C4=C(C2=C1C3=C(SC1=NC(=O)CN2)CCCC3)C=CC=C4,296.3949999999999,41.46,1.5327999999999997,1.0,3.0,1.0
1033,bentiamine,1,C3=C(C(SC(/CCOC(C1=CC=CC=C1)=O)=C(N(CC2=C(N=C(N=C2)C)N)C=O)/C)=O)C=CC=C3,490.58500000000026,115.47999999999999,4.3778200000000025,1.0,8.0,10.0
1034,benzaprinoxide,1,C1=CC=C(Cl)C3=C1\C(C2=CC=CC=C2C=C3)=C/CC[N+]([O-])(C)C,325.8390000000001,23.06,5.2198000000000055,0.0,1.0,3.0
1035,benzindopyrine,1,[Cl].C1=CC=CC2=C1[N](C=C2CCC3=CC=NC=C3)CC4=CC=CC=C4,347.8690000000001,17.82,5.559300000000005,0.0,1.0,5.0
1036,benzyl-alcohol,1,C(C1=CC=CC=C1)O,108.13999999999997,20.23,1.1788999999999998,1.0,1.0,1.0
1037,berupipam,1,[C@@H]4(C1=C2C(=CC(=C1)Br)CCO2)C3=C(C=C(Cl)C(=C3)O)CCN(C4)C,408.7230000000002,32.7,4.362800000000004,1.0,3.0,1.0
1038,bervastatin,1,[C@H](O)(/C=C/C1=C(C3=C(OC12CCCC2)C=CC=C3)C4=CC=C(F)C=C4)C[C@H](O)CC(OCC)=O,466.5490000000002,75.99000000000001,4.954100000000006,2.0,5.0,8.0
1039,betamethasone-acibutate,1,[C@]4([C@@]3([C@H]([C@H]2[C@]([C@@]1(C(=CC(=O)C=C1)CC2)C)(F)[C@H](C3)O)C[C@@H]4C)C)(OC(C5=CC=CC=C5)=O)C(CO)=O,496.5750000000003,100.9,3.7604000000000037,2.0,6.0,4.0
1040,betamethasone-benzoate,1,[C@]14([C@@]([C@@H](C)C[C@H]1[C@H]3[C@]([C@@]2(C(=CC(=O)C=C2)CC3)C)(F)[C@H](C4)O)(OC(CCCC)=O)C(CO)=O)C,476.5850000000004,100.9,3.6368000000000027,2.0,6.0,6.0
1041,binospirone,1,O=C2CC1(CCCC1)CC(=O)N2CCNCC4COc3ccccc3O4,358.4380000000001,67.87,2.125399999999999,1.0,5.0,5.0
1042,biotin,1,C(C2C1C(NC(N1)=O)CS2)CCCC(O)=O,244.31599999999995,78.43,0.7967999999999995,3.0,3.0,5.0
1043,bipenamol,1,S1[C@H]4N(CC1(C2CN3[C@H](S2)CC3=O)O)C(C4)=O,272.351,60.85,-0.34599999999999986,1.0,5.0,1.0
1044,biriperone,1,C1=CC=CC2=C1C4=C([NH]2)CN3CCN(CC3C4)CCCC(C5=CC=C(C=C5)F)=O,391.49000000000007,39.34,4.012400000000003,1.0,3.0,5.0
1045,bisbentiamine,1,C1=NC(=NC(=C1CN(C(=C(SSC(=C(\C)N(C=O)CC2=C(N)N=C(C)N=C2)/CCOC(=O)C3=CC=CC=C3)/CCOC(=O)C4=CC=CC=C4)\C)C=O)N)C,770.9380000000002,196.82,6.003440000000006,2.0,14.0,19.0
1046,bisorcic,1,[C@H](CCCNC(C)=O)(C(O)=O)NC(C)=O,216.237,95.5,-0.5079999999999989,3.0,3.0,6.0
1047,blonanserin,1,C1=C(C3=C(N=C1N2CCN(CC)CC2)CCCCCC3)C4=CC=C(F)C=C4,367.51200000000006,19.370000000000005,4.6886000000000045,0.0,3.0,3.0
1048,bremazocine,1,[C@@]23(C([C@H](N(CC1(CC1)O)CC2)CC4=C3C=C(C=C4)O)(C)C)CC,315.45700000000005,43.7,3.2215000000000016,2.0,3.0,3.0
1049,brofoxine,1,C1=CC(=CC2=C1NC(=O)OC2(C)C)Br,256.09899999999993,38.33,3.2463000000000015,1.0,2.0,0.0
1050,bromisoval,1,CC(C(C(NC(N)=O)=O)Br)C,223.07,72.19,0.6008000000000007,2.0,2.0,2.0
1051,bromoform,1,C(Br)(Br)Br,252.731,0.0,2.4547,0.0,0.0,0.0
1052,brosotamide,1,C1=C(C(=C(C=C1Br)C)O)C(N)=O,230.06099999999998,63.32,1.56202,2.0,2.0,1.0
1053,brosuximide,1,C2=C(C1C(NC(C1)=O)=O)C=CC=C2Br,254.083,46.17,1.5792,1.0,2.0,1.0
1054,brotizolam,1,C1=C(Br)SC2=C1C(=NCC3=NN=C([N]23)C)C4=C(C=CC=C4)Cl,393.6970000000001,43.07,4.404120000000003,0.0,4.0,1.0
1055,buciclovir,1,[C@@H](CC[N]2C1=C(C(N=C(N1)N)=O)N=C2)(CO)O,239.23499999999999,130.04999999999998,-1.5548999999999988,4.0,6.0,4.0
1056,butacetin,1,C1=C(C=CC(=C1)NC(C)=O)OC(C)(C)C,207.27299999999997,38.33,2.822300000000001,1.0,2.0,2.0
1057,butaclamol,1,[C@]1(O)(C[C@@H]4N(CC1)C[C@@H]2C5=C(CCC3=CC=CC=C23)C=CC=C45)C(C)(C)C.[H+].[Cl-],397.9900000000001,23.47,1.9612999999999998,1.0,2.0,0.0
1058,butaperazine,1,C1=C(C(CCC)=O)C=CC3=C1N(C2=C(C=CC=C2)S3)CCCN4CCN(C)CC4,409.59900000000033,26.790000000000006,4.9096000000000055,0.0,5.0,7.0
1059,butoctamide,1,C(C(CCCC)CC)NC(CC(C)O)=O,215.337,49.33,2.0899000000000005,2.0,2.0,8.0
1060,butorphanol,1,[C@]235[C@]([C@H](N(CC1CCC1)CC2)CC4=C3C=C(O)C=C4)(CCCC5)O,327.46800000000013,43.7,3.365600000000003,2.0,3.0,2.0
1061,cabergoline,1,[C@@H]34C1=CC=CC2=C1C(=C[NH]2)C[C@H]3N(C[C@@H](C4)C(N(C(NCC)=O)CCCN(C)C)=O)CC=C,451.61500000000035,71.68,3.193900000000002,2.0,4.0,8.0
1062,cafedrine,1,C1=NC3=C([N]1CCNC(C(C2=CC=CC=C2)O)C)C(N(C)C(N3C)=O)=O,357.41400000000016,94.07999999999998,0.14539999999999953,2.0,5.0,6.0
1063,camazepam,1,C1=C(Cl)C=CC2=C1C(=NC(OC(N(C)C)=O)C(N2C)=O)C3=CC=CC=C3,371.82400000000007,62.21,3.1781000000000015,0.0,4.0,2.0
1064,camphor,1,CC12C(C(CC1=O)CC2)(C)C,152.237,17.07,2.401700000000001,0.0,1.0,0.0
1065,caproxamine,1,C1=C(C(=CC=C1C(/CCCCC)=N\OCCN)C)N,263.38499999999993,73.63,2.83692,2.0,4.0,8.0
1066,captodiame,1,C1=CC(=CC=C1C(C2=CC=CC=C2)SCCN(C)C)SCCCC,359.60400000000016,3.24,5.963000000000005,0.0,3.0,10.0
1067,carbubarb,1,C(C1(C(NC(=O)NC1=O)=O)CCCC)COC(N)=O,271.2729999999999,127.59,0.014399999999999635,3.0,5.0,6.0
1068,carburazepam,1,C1=C(Cl)C=CC2=C1C(N(CC(=O)N2C)C(N)=O)C3=CC=CC=C3,329.787,66.64000000000001,2.786500000000001,1.0,2.0,1.0
1069,carfimate,1,C1=C(C(OC(N)=O)C#C)C=CC=C1,175.187,52.32,1.4562,1.0,2.0,2.0
1070,carmantadine,1,O=C(C4N(C12CC3CC(C1)CC(C2)C3)CC4)O,235.3269999999999,40.540000000000006,2.1141,1.0,2.0,2.0
1071,caroxazone,1,C1=CC=CC2=C1CN(CC(N)=O)C(O2)=O,206.201,72.63,0.48630000000000007,1.0,3.0,2.0
1072,carperone,1,C2=C(C(CCCN1CCC(OC(NC(C)C)=O)CC1)=O)C=CC(=C2)F,350.4340000000001,58.64,3.3876000000000026,1.0,4.0,7.0
1073,carphenazine/carfenazine,1,C1=C(C=CC3=C1N(CCCN2CCN(CC2)CCO)C4=C(S3)C=CC=C4)C(CC)=O,425.5980000000001,47.02,3.8820000000000032,1.0,6.0,8.0
1074,carzenide,1,C1=C(C=CC(=C1)[S](N)(=O)=O)C(O)=O,201.203,97.46000000000001,0.032200000000000284,2.0,3.0,2.0
1075,cathinone,1,[C@@H](C(C1=CC=CC=C1)=O)(C)N,149.19299999999998,43.09,1.2165,1.0,2.0,2.0
1076,cebaracetam,1,C1=CC(=CC=C1C3CN(CC(N2CC(NCC2)=O)=O)C(C3)=O)Cl,335.79100000000005,69.72,0.6142999999999996,1.0,3.0,3.0
1077,celucloral,1,OC1OC(COCCOC(O)C(Cl)(Cl)Cl)C(OC2OC(COCCOCCOC(O)C(Cl)(Cl)Cl)CC(OC(O)C(Cl)(Cl)Cl)C2O)C(OCCOCCOC(O)C(Cl)(Cl)Cl)C1O,1136.1150000000002,252.36999999999995,2.5666000000000015,7.0,19.0,27.0
1078,cerivastatin,1,[C@@H](/C=C/C1=C(N=C(C(=C1C2=CC=C(C=C2)F)COC)C(C)C)C(C)C)(C[C@H](CC(O)=O)O)O,459.5580000000002,99.88000000000001,4.880700000000005,3.0,5.0,11.0
1079,cetohexazine,1,CC1=CC(=NNC1=O)C,124.143,45.75,0.3867399999999999,1.0,2.0,0.0
1080,cetophenicol/cetofenicol,1,C1=C(C(O)C(CO)NC(C(Cl)Cl)=O)C=CC(=C1)C(=O)C,320.1720000000001,86.63,1.2034,3.0,4.0,6.0
1081,cetotiamine,1,C1=C(CN(C(=C(SC(OCC)=O)/CCOC(OCC)=O)/C)C=O)C(=NC(=N1)C)N,426.4950000000002,133.94,3.01002,1.0,10.0,10.0
1082,chloralose,1,[C@@H]2(OC1O[C@@H](O[C@@H]1[C@H]2O)C(Cl)(Cl)Cl)[C@H](O)CO,309.52900000000005,88.38000000000001,-0.46290000000000003,3.0,6.0,2.0
1083,chlorhexadol/chloralodol,1,C(C(OC(C(Cl)(Cl)Cl)O)C)C(C)(C)O,265.56399999999996,49.69,2.2411000000000008,2.0,3.0,4.0
1084,chlormezanone,1,C1=CC(=CC=C1C2[S](CCC(N2C)=O)(=O)=O)Cl,273.74099999999993,54.45,1.6155,0.0,3.0,1.0
1085,chloroform,1,C(Cl)(Cl)Cl,119.37800000000001,0.0,1.9864,0.0,0.0,0.0
1087,chromocarb,1,C1=C2C(=CC=C1)C(C=C(O2)C(O)=O)=O,190.15399999999997,67.51,1.4911999999999999,1.0,3.0,1.0
1088,ciclesonide,1,[C@@]45([C@@]3([C@H]([C@H]2[C@@H]([C@@]1(C(=CC(=O)C=C1)CC2)C)[C@H](C3)O)C[C@H]4O[C@H](O5)C6CCCCC6)C)C(COC(C(C)C)=O)=O,540.6970000000005,99.13,4.703900000000004,1.0,7.0,5.0
1089,ciclotizolam,1,C1=C(SC2=C1C(=NCC3=NN=C([N]23)C4CCCCC4)C5=CC=CC=C5Cl)Br,461.81600000000003,43.07,6.143400000000004,0.0,4.0,2.0
1090,cicortonide,1,[C@H]23C([C@@]1(OC(O[C@@H]1C2)(C)C)C(=O)COC(=O)C)(CC(O)[C@@]4(F)C3CC(=C5C4(CCC(=C5)OCCCl)C)C#N)C,566.0660000000001,115.08000000000001,4.287480000000003,1.0,8.0,6.0
1091,cilobamine,1,[C@@]1([C@H](C2CCC1CC2)NC(C)C)(C3=CC(=C(C=C3)Cl)Cl)O,328.28299999999996,32.26,4.367600000000004,2.0,2.0,3.0
1092,cimemoxin,1,C(C1CCCCC1)NN,128.219,38.05,1.03,2.0,2.0,2.0
1093,cimepanol,1,CC(C(C1CCCCC1)O)C,156.26900000000003,20.23,2.5836000000000006,1.0,1.0,2.0
1094,cimoxatone,1,C1=CC(=CC=C1N2CC(COC)OC2=O)OCC3=CC(=CC=C3)C#N,338.363,71.78999999999999,3.108880000000002,0.0,5.0,6.0
1095,cinoctramide,1,C1=C(C(=C(C=C1\C=C\C(N2CCCCCCC2)=O)OC)OC)OC,333.428,48.0,3.5183000000000018,0.0,4.0,5.0
1096,cinolazepam,1,C1=C(Cl)C=CC2=C1C(=NC(O)C(N2CCC#N)=O)C3=CC=CC=C3F,357.77200000000005,76.69,2.8951800000000008,1.0,4.0,3.0
1097,ciprazafone,1,C1=C(Cl)C=CC(=C1C(C2=C(C=CC=C2)Cl)=O)N(C(CNC3CC3)=O)C,377.2710000000002,49.410000000000004,3.939200000000003,1.0,3.0,6.0
1098,ciprocinonide,1,[C@]34([C@H](C2[C@@](F)([C@@]1(C(=CC(=O)C=C1)[C@@H](F)C2)C)[C@@H](O)C3)C[C@H]5OC(O[C@@]45C(=O)COC(=O)C6CC6)(C)C)C,520.5690000000004,99.13000000000002,3.327700000000002,1.0,7.0,4.0
1099,citatepine,1,C1=C(C#N)C=CC3=C1C4=C(C2=C(C=CC=C2)S3)CCN(CC4)C,318.4450000000001,27.03,4.659280000000004,0.0,3.0,0.0
1100,clebopride,1,C1=C(C(=CC(=C1Cl)N)OC)C(NC3CCN(CC2=CC=CC=C2)CC3)=O,373.8840000000001,67.59,3.3252000000000015,2.0,4.0,5.0
1101,clidafidine,1,C1=C(C(=C(C=C1)Cl)NC2=NCCO2)Cl,231.08199999999997,33.620000000000005,2.7915,1.0,3.0,1.0
1102,clobetasone,1,[C@@]23(F)[C@H]([C@H]1[C@@]([C@@]([C@H](C1)C)(O)C(=O)CCl)(CC2=O)C)CCC4=CC(=O)C=C[C@]34C,408.8970000000002,71.44,3.3504000000000023,1.0,4.0,2.0
1103,clobetasone-butyrate,1,[C@]4([C@@]3([C@H]([C@H]2[C@]([C@@]1(C(=CC(=O)C=C1)CC2)C)(F)C(C3)=O)C[C@@H]4C)C)(OC(CCC)=O)C(CCl)=O,478.9880000000003,77.51,4.701400000000005,0.0,5.0,5.0
1104,clocapramine,1,C1=C(Cl)C=CC4=C1N(CCCN3CCC(N2CCCCC2)(CC3)C(N)=O)C5=C(CC4)C=CC=C5,481.0840000000004,52.81,4.772600000000004,1.0,4.0,6.0
1105,clocortolone,1,[C@@]24(Cl)C1(C(=CC(=O)C=C1)[C@@H](F)CC2C3C(C([C@@H](C3)C)C(=O)CO)(CC4O)C)C,410.91300000000024,74.60000000000001,2.9981000000000018,2.0,4.0,2.0
1106,clocortolone-acetate,1,[C@H]2(C1=CC(C=C[C@@]1(C4([C@@H](C2)[C@@H]3C[C@H]([C@H](C(COC(=O)C)=O)[C@@]3(C)C[C@@H]4O)C)Cl)C)=O)F,452.95000000000016,80.67000000000002,3.568900000000002,1.0,5.0,3.0
1107,clocortolone-pivalate,1,[C@@]24(Cl)C1(C(=CC(=O)C=C1)[C@@H](F)CC2C3C(C([C@@H](C3)C)C(=O)COC(=O)C(C)(C)C)(CC4O)C)C,495.0310000000004,80.67,4.595100000000004,1.0,5.0,3.0
1108,clodazon,1,C1=C(Cl)C=CC3=C1N(C2=CC=CC=C2)C(=O)N3CCCN(C)C,329.83100000000013,30.17,3.397300000000002,0.0,2.0,5.0
1109,clofenciclan,1,C2=C(C1(OCCN(CC)CC)CCCCC1)C=CC(=C2)Cl,309.881,12.47,4.8578000000000054,0.0,2.0,7.0
1110,clofluperol,1,C1=C(C(=CC=C1C3(CCN(CCCC(C2=CC=C(F)C=C2)=O)CC3)O)Cl)C(F)(F)F,443.86800000000005,40.540000000000006,5.444400000000004,1.0,3.0,6.0
1111,clopenthixol/zuclopenthixol,1,C1=C(Cl)C=CC3=C1\C(C2=C(C=CC=C2)S3)=C/CCN4CCN(CCO)CC4,400.9750000000003,26.71,4.236300000000004,1.0,4.0,5.0
1112,cloperidone,1,C1=CC=CC4=C1C(N(CCCN3CCN(C2=CC(=CC=C2)Cl)CC3)C(N4)=O)=O,398.89400000000006,61.339999999999996,2.5555000000000003,1.0,4.0,5.0
1113,cloprednol,1,[C@H]24[C@H]1[C@@]([C@](C(CO)=O)(O)CC1)(C[C@@H]([C@@H]2[C@@]3(C(=CC(=O)C=C3)C(=C4)Cl)C)O)C,392.8790000000001,94.83,1.9001,3.0,5.0,2.0
1114,clorethate/cloretate,1,C(C(Cl)(Cl)Cl)OC(OCC(Cl)(Cl)Cl)=O,324.802,35.53,3.880000000000001,0.0,3.0,2.0
1115,clorgiline,1,C1=C(C(=CC(=C1)Cl)Cl)OCCCN(CC#C)C,272.17499999999995,12.47,3.327300000000001,0.0,2.0,6.0
1116,cloroperone,1,C3=C(C(C2CCN(CCCC(C1=CC=C(F)C=C1)=O)CC2)=O)C=CC(=C3)Cl,387.8820000000002,37.38,5.036900000000005,0.0,3.0,7.0
1117,clorotepine,1,C1=C(Cl)C=CC4=C1C(N2CCN(C)CC2)CC3=C(C=CC=C3)S4,344.91099999999994,6.48,4.335800000000003,0.0,3.0,1.0
1118,clotiazepam,1,C1=C(CC)SC2=C1C(=NCC(N2C)=O)C3=CC=CC=C3Cl,318.82899999999995,32.67,3.777700000000003,0.0,3.0,2.0
1119,cloticasone(cloticasone-propionate),1,[C@]34([C@H](C2[C@@](F)([C@@]1(C(=CC(=O)C=C1)[C@@H](F)C2)C)[C@@H](O)C3)C[C@H]([C@]4(OC(=O)CC)C(SCCl)=O)C)C,517.0340000000003,80.67,4.6993000000000045,1.0,6.0,4.0
1120,clotixamide(clotixamide),1,CNC(=O)CCN1CCN(CCC=C2c3ccccc3Sc3ccc(cc23)Cl)CC1,442.02800000000025,35.580000000000005,4.380100000000004,1.0,4.0,6.0
1121,cogazocine,1,C1=C(O)C=CC4=C1C3(C(C(N(CC2CCC2)CC3)C4)(C)C)CC,313.485,23.47,4.496700000000004,1.0,2.0,3.0
1122,conorphone(conorfone),1,[C@H]12C5CC4=C3[C@]1([C@H](C(C[C@@H]2CC)=O)OC3=C(C=C4)OC)CCN5CC6CC6,367.4890000000002,38.77,3.3496000000000024,0.0,4.0,4.0
1123,cormetasone,1,CC1CC2C3CC(F)(F)C4=CC(=O)C=C[C@]4(C)C3(F)C(O)CC2(C)C1(O)C(=O)CO,428.44700000000023,94.83,2.1409,3.0,5.0,2.0
1124,cortexolone(cortodoxonecortifen),1,C(O)C(=O)C4(O)C3(C(C2C(C1(C(=CC(=O)CC1)CC2)C)CC3)CC4)C,346.4670000000002,74.6,2.8108000000000013,2.0,4.0,2.0
1125,cortisone-acetate,1,[C@]34([C@H]([C@H]2[C@@H]([C@@]1(C(=CC(=O)CC1)CC2)C)C(C3)=O)CC[C@@]4(C(COC(C)=O)=O)O)C,402.48700000000014,97.74000000000001,2.560600000000001,1.0,6.0,3.0
1126,cortisuzol,1,[C@H]37[C@H]2[C@@]([C@](C(COC(C1=CC(=CC=C1)[S](O)(=O)=O)=O)=O)(O)[C@@H](C2)C)(C[C@@H]([C@@H]3[C@@]4(C(=CC5=C(C4)C=N[N]5C6=CC=CC=C6)C(=C7)C)C)O)C,672.8000000000003,156.02,4.841200000000006,3.0,8.0,6.0
1127,cortivazol,1,[C@H]26[C@H]1[C@@]([C@](C(COC(C)=O)=O)(O)[C@@H](C1)C)(C[C@@H]([C@@H]2[C@@]3(C(=CC4=C(C3)C=N[N]4C5=CC=CC=C5)C(=C6)C)C)O)C,530.6650000000002,101.65000000000002,4.300600000000004,2.0,6.0,4.0
1128,cotinine,1,C1=CC=NC=C1C2N(C(=O)CC2)C,176.21899999999994,33.2,1.3749,0.0,2.0,1.0
1129,cotriptyline,1,C1=CC=CC2=C1C(C3=C(CC2)C=CC=C3)=CC(CN(C)C)=O,291.39400000000006,20.310000000000002,3.3476000000000017,0.0,2.0,3.0
1130,crilvastatin,1,CC2(CC(OC(C1NC(=O)CC1)=O)CC(C2)C)C,253.34199999999993,55.4,2.0229999999999997,1.0,3.0,2.0
1131,crotetamide,1,C(C(N(C(\C=C\C)=O)CC)C(N(C)C)=O)C,226.31999999999996,40.620000000000005,1.2778,0.0,2.0,5.0
1132,cyclarbamate,1,C1=CC=CC=C1NC(OCC3(COC(NC2=CC=CC=C2)=O)CCCC3)=O,368.4330000000002,76.66,5.0442000000000045,2.0,4.0,6.0
1133,cyclindole(ciclindole),1,C1=CC=CC2=C1C3=C([NH]2)CCC(C3)N(C)C,214.31199999999995,19.03,2.5868,1.0,1.0,1.0
1134,cyclobarbital,1,C(C2(C1=CCCCC1)C(NC(=O)NC2=O)=O)C,236.271,75.27000000000001,1.2491999999999999,2.0,3.0,2.0
1135,cyclobenzaprine,1,C1=CC=CC2=C1C(C3=C(C=C2)C=CC=C3)=CCCN(C)C,275.39500000000004,3.24,4.553800000000005,0.0,1.0,3.0
1136,cyclopregnol,1,[C@]23(C1(C(C1)CC2)[C@H](O)C[C@@H]4[C@@H]3CC[C@]5([C@H]4CC[C@@H]5C(=O)C)C)C,316.48500000000007,37.3,4.205100000000003,1.0,2.0,1.0
1137,cycotiamine,1,C1=NC(=NC(=C1CN(C(/C)=C2\CCOC(=O)S2)C=O)N)C,308.363,98.41,1.8306199999999997,1.0,7.0,4.0
1138,cyheptamide,1,C1=CC=CC3=C1C(C2=C(C=CC=C2)CC3)C(N)=O,237.30199999999996,43.09,2.4023999999999996,1.0,1.0,1.0
1139,cyprenorphine,1,[C@@]135C67[C@@H](N(CC1)CC2CC2)CC4=CC=C(O)C(=C34)O[C@@H]5C(OC)(C(C6)C(O)(C)C)C=C7,423.55300000000017,62.16000000000001,3.1636000000000015,2.0,5.0,4.0
1140,cyprodenate,1,C(C1CCCCC1)CC(OCCN(C)C)=O,227.34799999999996,29.54,2.4517000000000007,0.0,3.0,6.0
1141,cyprolidol,1,C4=C(C(C2C(C1=CC=NC=C1)C2)(C3=CC=CC=C3)O)C=CC=C4,301.389,33.120000000000005,4.121200000000003,1.0,2.0,4.0
1142,cyproximide(ciproximide),1,C1=CC(=CC=C1C23C(C(=O)NC2=O)C3)Cl,221.64299999999997,46.17,1.2540999999999998,1.0,2.0,1.0
1143,dacemazine,1,C1=CC=CC3=C1N(C2=C(C=CC=C2)S3)C(CN(C)C)=O,284.384,23.55,3.377500000000002,0.0,3.0,2.0
1144,dazadrol,1,C1=CC(=CC=C1C(C2=NCCN2)(C3=NC=CC=C3)O)Cl,287.75,57.510000000000005,1.9725999999999995,2.0,4.0,3.0
1145,decimemide,1,C1=C(C(N)=O)C=C(C(=C1OC)OCCCCCCCCCC)OC,337.4600000000001,70.78000000000002,4.322200000000004,1.0,4.0,13.0
1146,delfaprazine,1,C1=C(C(=CC=C1C)CC2=CC=CC=C2)N3CCNCC3,266.38800000000003,15.27,2.995420000000001,1.0,2.0,3.0
1147,demoxepam,1,C3=C(C1=C2C(=NC(=O)CN1O)C=CC(=C2)Cl)C=CC=C3,286.718,52.900000000000006,1.3474999999999997,1.0,3.0,1.0
1148,denbufylline,1,C1=NC2=C([N]1CC(C)=O)C(N(CCCC)C(N2CCCC)=O)=O,320.3930000000001,78.89,1.5488999999999993,0.0,4.0,8.0
1149,deprodone,1,CC(=O)C3(O)CCC4C2CCC1=CC(=O)C=CC1(C)C2C(O)CC34C,344.4510000000001,74.6,2.5852000000000004,2.0,4.0,1.0
1150,desciclovir,1,C1=NC(=NC2=C1N=C[N]2COCCO)N,209.20899999999995,99.08,-0.6251000000000002,2.0,6.0,4.0
1151,descinolone(descinolone-acetonide),1,[C@H]34[C@H]2[C@@](F)([C@@]1(C(=CC(=O)C=C1)CC2)C)[C@@H](O)C[C@@]3([C@](O)([C@H](O)C4)C(=O)C)C,378.4400000000001,94.83000000000001,1.6480999999999997,3.0,5.0,1.0
1152,desonide,1,[C@]12(OC(O[C@@H]1C[C@@H]3C2(CC(O)[C@H]4C3CCC5=CC(=O)C=CC45C)C)(C)C)C(=O)CO,416.51400000000024,93.06,2.326700000000001,2.0,6.0,2.0
1153,desoximetasone,1,[C@H]23[C@@]([C@@]1(C(=CC(=O)C=C1)CC2)C)([C@H](C[C@]4([C@H]3C[C@@H](C)[C@@H]4C(CO)=O)C)O)F,376.468,74.6,2.7808000000000015,2.0,4.0,2.0
1154,detomidine,1,C2=C(CC1=CN=C[NH]1)C(=C(C=C2)C)C,186.25799999999998,28.68,2.6173400000000013,1.0,1.0,2.0
1155,dexamethasone-acefurate,1,[C@]4([C@@]3([C@H]([C@H]2[C@]([C@@]1(C(=CC(=O)C=C1)CC2)C)(F)[C@H](C3)O)C[C@H]4C)C)(OC(C5=CC=CO5)=O)C(COC(C)=O)=O,528.5730000000003,120.11000000000001,3.9242000000000035,1.0,8.0,5.0
1156,dexamisole,1,[C@@H]3(C1=CC=CC=C1)CN2CCSC2=N3,204.29799999999997,15.6,2.1460999999999997,0.0,3.0,1.0
1157,deximafen(imafen),1,C3=C(C1N2C(=NC1)NCC2)C=CC=C3,187.246,27.63,1.0025,1.0,3.0,1.0
1158,dexoxadrol(dioxadrolandlevoxadrol),1,[C@@H]1(NCCCC1)[C@@H]2OC(OC2)(C3=CC=CC=C3)C4=CC=CC=C4,309.409,30.49,3.4452000000000025,1.0,3.0,3.0
1159,dichlorisone,1,[C@@]23(Cl)C(C1C([C@](O)(CC1)C(=O)CO)(CC2Cl)C)CCC4=CC(=O)C=CC34C,413.3410000000002,74.6,3.1655000000000015,2.0,4.0,2.0
1160,dichlorisone-acetate,1,[C@@]23(Cl)C(C1C([C@](O)(CC1)C(=O)COC(=O)C)(CC2Cl)C)CCC4=CC(=O)C=CC34C,455.3780000000002,80.67,3.7363000000000026,1.0,5.0,3.0
1162,diclometide,1,C1=C(Cl)C=C(C(=C1C(NCCN(CC)CC)=O)OC)Cl,319.23199999999997,41.57000000000001,3.0736000000000017,1.0,3.0,7.0
1163,didrovaltrate,1,[C@]23([C@@H]1[C@@H](C(=CO[C@H]1OC(=O)CC(C)C)COC(=O)CC(C)C)C[C@@H]2OC(=O)C)OC3,424.49000000000024,100.66,2.742000000000001,0.0,8.0,8.0
1164,difebarbamate,1,C2=C(C1(C(N(C(=O)N(C1=O)CC(COCCCC)OC(N)=O)CC(COCCCC)OC(N)=O)=O)CC)C=CC=C2,578.6630000000005,180.79000000000002,2.686400000000001,2.0,9.0,18.0
1165,difluanine(difluanazine),1,C4=C(C(C1=CC=C(C=C1)F)CCCN3CCN(CCNC2=CC=CC=C2)CC3)C=CC(=C4)F,449.5890000000001,18.509999999999998,5.606600000000006,1.0,3.0,10.0
1166,diflucortolone,1,[C@@]24(F)C1(C(=CC(=O)C=C1)[C@@H](F)CC2C3C(C([C@@H](C3)C)C(=O)CO)(CC4O)C)C,394.45800000000014,74.60000000000001,2.7288000000000014,2.0,4.0,2.0
1167,diflucortolone-pivalate,1,[C@H]23[C@@]([C@@]1(C(=CC(=O)C=C1)[C@H](C2)F)C)([C@H](C[C@]4([C@H]3C[C@@H](C)[C@@H]4C(COC(C(C)(C)C)=O)=O)C)O)F,478.57600000000025,80.67,4.3258000000000045,1.0,5.0,3.0
1168,dimelazine,1,C1=CC=CC3=C1N(C2=C(C=CC=C2)S3)CC4(CN(C)CC4)C,310.4660000000001,6.48,4.631100000000004,0.0,3.0,2.0
1169,dimethadione,1,CC1(C(NC(O1)=O)=O)C,129.11499999999998,55.4,0.03140000000000004,1.0,3.0,0.0
1170,dimethazan,1,C1=NC2=C([N]1CCN(C)C)C(N(C)C(N2C)=O)=O,251.29,65.06,-1.004699999999999,0.0,4.0,3.0
1171,dimethylamphetamine(dimethamphetamine),1,CN(C(C)CC1=CC=CC=C1)C,163.26399999999998,3.24,2.1792,0.0,1.0,3.0
1172,dimiracetam,1,O=C2N1C(NC(=O)C1)CC2,140.14199999999997,49.410000000000004,-0.9353000000000005,1.0,2.0,0.0
1173,dioxamate,1,C(C1(OC(COC(N)=O)CO1)C)CCCCCCCC,287.40000000000003,70.78,3.354000000000002,1.0,4.0,10.0
1174,diphoxazide,1,C2=C(C(C1=CC=CC=C1)(CC(NNC(C)=O)=O)O)C=CC=C2,298.342,78.42999999999999,1.4799,3.0,3.0,4.0
1175,diprenorphine,1,[C@]235[C@@]67[C@H](N(CC1CC1)CC2)CC4=C3C(=C(C=C4)O)O[C@H]5[C@](OC)([C@H](C6)C(C)(C)O)CC7,425.56900000000024,62.16000000000001,3.3876000000000017,2.0,5.0,4.0
1176,divaplon,1,C1=C(N=C2[N]1C(=C(CC)C(=N2)OC)C)C(C3=CC=CC=C3)=O,295.34200000000004,56.49,2.8397200000000016,0.0,4.0,4.0
1177,dizocilpine(MK-801),1,C1=CC=CC2=C1C3(C4=C(CC2N3)C=CC=C4)C,221.30300000000003,12.03,3.150500000000001,1.0,1.0,0.0
1178,domoprednate,1,[C@]4([C@@]3([C@H]([C@H]2[C@@H]([C@@]1(C(=CC(=O)C=C1)CC2)C)[C@H](C3)O)CCC4)C)(OC(CCC)=O)C(C)=O,428.5690000000003,80.67,4.326300000000004,1.0,5.0,4.0
1179,donepezil,1,[H+].C1=C(OC)C(=CC2=C1C(=O)C(C2)CC3CCN(CC3)CC4=CC=CC=C4)OC.[Cl-],415.9610000000001,38.769999999999996,1.4776,0.0,4.0,6.0
1180,dopamantine,1,C4=C(CCNC(C12CC3CC(C1)CC(C2)C3)=O)C=CC(=C4O)O,315.41299999999995,69.56,2.9729000000000028,3.0,3.0,4.0
1181,doxapram,1,C1=CC=CC=C1C2(C(CN(C2=O)CC)CCN3CCOCC3)C4=CC=CC=C4,378.5160000000001,32.78,3.173300000000002,0.0,3.0,6.0
1182,drotebanol,1,[C@@]123C4=C(C[C@H]([C@@]1(CC[C@H](C2)O)O)N(CC3)C)C=CC(=C4OC)OC,333.4280000000001,62.16000000000001,1.4776999999999998,2.0,5.0,2.0
1183,duloxetine,1,C1=CC=C3C(=C1OC(C2=CC=CS2)CCNC)C=CC=C3,297.423,21.259999999999998,4.630900000000003,1.0,3.0,6.0
1184,duoperone,1,C1=C(C(F)(F)F)C=CC3=C1N(C2=C(C=CC=C2)S3)CCCN5CCC(C(C4=CC=C(F)C=C4)=O)CC5,514.5880000000003,23.55,7.432200000000005,0.0,4.0,6.0
1185,dupracetam,1,C(N1C(CCC1)=O)C(NNC(CN2C(CCC2)=O)=O)=O,282.29999999999995,98.82,-1.6213999999999968,2.0,4.0,4.0
1186,eclanamine,1,[C@H]2(N(C1=CC=C(C(=C1)Cl)Cl)C(CC)=O)[C@@H](CCC2)N(C)C,329.2710000000001,23.550000000000004,4.219100000000004,0.0,2.0,4.0
1187,edaravone,1,C2=C(N1N=C(C)CC1=O)C=CC=C2,174.203,32.67,1.7992,0.0,2.0,1.0
1188,efetozole,1,C1=CC=CC=C1C(C)[N]2C=CN=C2C,186.258,17.82,2.8008200000000008,0.0,1.0,2.0
1189,elanzepine,1,C1=CC(=CC3=C1\C(C2=CC=CC=C2N3)=C/CN(CC)CC)Cl,312.84400000000005,15.27,5.170500000000004,1.0,2.0,4.0
1190,elfazepam,1,C1=C(Cl)C=CC2=C1C(=NCC(N2CC[S](CC)(=O)=O)=O)C3=CC=CC=C3F,408.88200000000006,66.81,3.097800000000002,0.0,4.0,5.0
1191,elopiprazole,1,C1=C(C2=C(C=C1)C=CO2)N5CCN(CC3=CC=C([NH]3)C4=CC=C(C=C4)F)CC5,375.44700000000006,35.410000000000004,4.889200000000003,1.0,3.0,4.0
1192,eltoprazine,1,C1=C(C2=C(C=C1)OCCO2)N3CCNCC3,220.27199999999996,33.730000000000004,0.8673999999999995,1.0,4.0,1.0
1193,embutramide,1,C1=C(C=CC=C1C(CNC(CCCO)=O)(CC)CC)OC,293.407,58.56,2.641700000000001,2.0,3.0,9.0
1194,enciprazine,1,C3=C(N2CCN(CC(COC1=CC(=C(OC)C(=C1)OC)OC)O)CC2)C(=CC=C3)OC,432.5170000000003,72.86000000000001,2.2829000000000006,1.0,8.0,10.0
1195,encyprate,1,C1=CC=CC=C1CN(C2CC2)C(OCC)=O,219.28399999999993,29.54,2.807500000000001,0.0,2.0,4.0
1196,endixaprine,1,C3=C(C2=CC=C(N1CCC(O)CC1)N=N2)C(=CC(=C3)Cl)Cl,324.211,49.25,3.411500000000002,1.0,4.0,2.0
1197,endomide,1,[C@@H]1([C@@H]([C@H]2C=C[C@@H]1C2)C(N(CC)CC)=O)C(N(CC)CC)=O,292.423,40.620000000000005,2.1615,0.0,2.0,6.0
1198,endrysone(endrisone),1,CC3CC2C1CCC(C(C)=O)C1(C)CC(O)C2C4(C)C=CC(=O)C=C34,342.4790000000001,54.37,3.716300000000003,1.0,3.0,1.0
1199,enilospirone,1,C3=C(OC2C1(NC(=O)C(O1)C)CCCC2)C=CC=C3Cl,295.76599999999996,47.56,2.8926000000000007,1.0,3.0,2.0
1200,eptastigmine,1,[C@@]12(C3=C(N(C)[C@H]1N(C)CC2)C=CC(=C3)OC(NCCCCCCC)=O)C,359.51400000000024,44.81,4.114500000000003,1.0,4.0,7.0
1201,erizepine,1,C1=CC=CC3=C1C4=C(C2=C(C=CC=C2)N3C)CCN(CC4)C,290.4100000000001,6.48,4.4043000000000045,0.0,2.0,0.0
1202,etacepride,1,C1=C(C(C)=O)C=CC(=C1C(NCC2N(CCC2)CC)=O)OC,304.39,58.64,2.1119,1.0,4.0,6.0
1203,etamiphyllin,1,C1=NC2=C([N]1CCN(CC)CC)C(N(C)C(N2C)=O)=O,279.344,65.06,-0.2244999999999997,0.0,4.0,5.0
1204,etasuline,1,C1=C(Cl)C=CC3=C1C(C2=CC=CC=C2)SC(=N3)NCC,302.83000000000004,24.39,4.773200000000004,1.0,3.0,2.0
1205,etazepine,1,C1=CC=CC2=C1C(C3=C(N(C)C2=O)C=CC=C3)OCC,267.328,29.540000000000003,3.4025000000000016,0.0,2.0,2.0
1206,ethomoxane,1,[H+].C2=C1OCC(OC1=C(C=C2)OCC)CNCCCC.[Cl-],301.81399999999996,39.72,-0.2686999999999984,1.0,4.0,7.0
1207,ethylene(ethene),1,C(C)Cl,64.515,0.0,1.2451,0.0,0.0,0.0
1208,ethyl-loflazepate,1,C=C,28.053999999999995,0.0,0.8022,0.0,0.0,0.0
1209,ethypicone,1,C(C1(C(C(=CNC1=O)C)=O)CC)C,181.23499999999996,46.17,1.3955,1.0,2.0,2.0
1210,eticyclidine,1,C2=C(C1(CCCCC1)NCC)C=CC=C2,203.329,12.03,3.4555000000000025,1.0,1.0,3.0
1211,etifoxine,1,[H+].C2=C1C(OC(=NC1=CC=C2Cl)NCC)(C3=CC=CC=C3)C.[Cl-],337.25,33.62,1.3472,1.0,3.0,2.0
1212,etiracetam(levetiracetam),1,C(C(N1C(CCC1)=O)C(N)=O)C,170.21199999999996,63.4,-0.12730000000000036,1.0,2.0,3.0
1213,etisulergine,1,[C@@H]34C1=CC=CC2=C1C(=C[NH]2)C[C@H]3N(C[C@H](C4)N[S](N(CC)CC)(=O)=O)C,376.5260000000002,68.44,2.0564999999999998,2.0,3.0,5.0
1214,etodroxizine,1,C3=C(C(N1CCN(CC1)CCOCCOCCO)C2=CC=CC=C2)C=CC(=C3)Cl.O=C(O)\C=C\C(O)=O,535.0370000000001,119.77000000000001,2.7843,3.0,7.0,13.0
1215,etoperidone,1,C1=C(C=CC=C1N3CCN(CCCN2C(N(C(=N2)CC)CC)=O)CC3)Cl,377.9200000000002,46.3,2.4928,0.0,4.0,7.0
1216,etorphine,1,C2=CC(=C3OC5C14C6(C(N(CC1)C)CC2=C34)CC(C5(OC)C=C6)C(O)(CCC)C)O,411.5420000000001,62.16000000000001,3.163600000000002,2.0,5.0,4.0
1217,etoxadrol,1,C3=C(C2(OC(C1CCCCN1)CO2)CC)C=CC=C3,261.36499999999995,30.49,2.8069000000000015,1.0,3.0,3.0
1218,famciclovir,1,C1=NC2=C([N]1CCC(COC(C)=O)COC(C)=O)N=C(N)N=C2,321.337,122.22000000000001,0.5409999999999996,1.0,8.0,7.0
1219,fantridone,1,C1=CC=CC2=C1C3=C(C(=O)N2CCCN(C)C)C=CC=C3,280.371,25.240000000000002,3.1064000000000016,0.0,2.0,4.0
1220,fasiplon,1,C1=C(N=C2[N]1C(=C(CC)C(=N2)OC)C)C3=NOC(=N3)C,273.296,78.34,1.9671399999999999,0.0,6.0,3.0
1221,fasoracetam,1,[C@H]1(NC(=O)CC1)C(=O)N2CCCCC2,196.24999999999994,49.410000000000004,0.2774999999999992,1.0,2.0,1.0
1222,febarbamate,1,C2=C(C1(C(N(CC(COCCCC)OC(N)=O)C(=O)NC1=O)=O)CC)C=CC=C2,405.4510000000001,128.02999999999997,1.6934000000000005,2.0,6.0,10.0
1223,felbamate,1,C1=C(C(COC(N)=O)COC(N)=O)C=CC=C1,238.24300000000002,104.63999999999999,0.9607999999999999,2.0,4.0,5.0
1224,femoxetine,1,C3=C(C2C(COC1=CC=C(OC)C=C1)CN(C)CC2)C=CC=C3,311.425,21.700000000000003,3.8095000000000026,0.0,3.0,5.0
1225,fenaperone,1,C1=CC(=CC=C1C(CCCN3CCN(C(OC2CCCCC2)=O)CC3)=O)F,376.47200000000015,49.85,3.8755000000000033,0.0,4.0,6.0
1226,fenbutrazate,1,C3=C(C1C(N(CCO1)CCOC(C(C2=CC=CC=C2)CC)=O)C)C=CC=C3,367.48900000000015,38.77,4.185400000000004,0.0,4.0,7.0
1227,fencamfamin,1,C3=C(C1C(NCC)C2CC1CC2)C=CC=C3,215.34,12.03,3.178200000000002,1.0,1.0,3.0
1228,fengabine,1,C2=C(\C(NCCCC)=C\1C=C(Cl)C=CC1=O)C(=CC=C2)Cl,322.235,29.1,4.702400000000003,1.0,2.0,5.0
1229,fenharmane,1,C4=C3[NH]C1=C(CCNC1CC2=CC=CC=C2)C3=CC=C4,262.356,27.82,3.597400000000002,2.0,1.0,2.0
1230,fenimide,1,C2=C(C1(C(C(=O)NC1=O)CC)C)C=CC=C2,217.268,46.17,1.6268999999999998,1.0,2.0,2.0
1231,fenmetozole,1,C1=C(C(=CC=C1OCC2=NCCN2)Cl)Cl,245.10899999999998,33.62,2.3739,1.0,3.0,3.0
1232,fenmetramide,1,C1=CC=CC=C1C2C(NC(=O)CO2)C,191.22999999999996,38.33,1.2626,1.0,2.0,1.0
1233,fenobam,1,C1=C(C=CC=C1NC(NC2=NC(=O)CN2C)=O)Cl,266.688,73.80000000000001,1.2895000000000003,2.0,3.0,1.0
1234,fenozolone,1,C1=CC=CC=C1C2C(N=C(O2)NCC)=O,204.22899999999998,50.69,1.25,1.0,3.0,2.0
1235,fenpentadiol,1,C1=CC(=CC=C1C(CC(C)(C)O)(C)O)Cl,228.71899999999997,40.46,2.7085000000000012,2.0,2.0,3.0
1236,fepitrizol,1,C3=C(C1=NC(=N[N]1C)C2=CC=CN=C2)C(=CC=C3)CO,266.30400000000003,63.83,2.0364,1.0,4.0,3.0
1237,fipexide,1,C1=C4C(=CC(=C1)CN3CCN(C(COC2=CC=C(Cl)C=C2)=O)CC3)OCO4,388.8510000000002,51.24000000000001,2.7919,0.0,5.0,5.0
1238,flerobuterol,1,C1=C(C(CNC(C)(C)C)O)C(=CC=C1)F,211.28,32.26,2.2472000000000003,2.0,2.0,3.0
1239,florfenicol,1,[C@@H](C1=CC=C(C=C1)[S](C)(=O)=O)([C@H](NC(C(Cl)Cl)=O)CF)O,358.2180000000001,83.47,1.3814999999999997,2.0,4.0,6.0
1240,fluacizine,1,C1=C(C(F)(F)F)C=CC3=C1N(C2=C(C=CC=C2)S3)C(CCN(CC)CC)=O,394.4620000000003,23.55,5.566600000000004,0.0,3.0,5.0
1241,fluazacort,1,[C@@]34(F)C(C2C(C1(N=C(OC1C2)C)C(=O)COC(=O)C)(CC3O)C)CCC5=CC(=O)C=CC45C,459.5140000000003,102.26000000000002,2.6553000000000004,1.0,7.0,3.0
1242,flubanilate,1,CCOC(=O)N(CCN(C)C)c1cccc(c1)C(F)(F)F,304.312,32.78,3.2299000000000015,0.0,3.0,5.0
1243,flubepride,1,C1=C(C(=CC=C1[S](N)(=O)=O)OC)C(NCC3N(CC2=CC=C(F)C=C2)CCC3)=O,421.49400000000026,101.72999999999999,1.8760999999999997,2.0,5.0,7.0
1244,flucloronide(fluclorolone-acetonide),1,[C@@]23(Cl)C1(C(=CC(=O)C=C1)[C@@H](F)CC2C5C(CC3Cl)([C@]4(C(=O)CO)OC(O[C@@H]4C5)(C)C)C)C,487.3950000000003,72.83000000000001,3.8826000000000027,1.0,5.0,2.0
1245,fludrocortisone,1,[C@H]23[C@@]([C@@]1(C(=CC(=O)CC1)CC2)C)([C@H](C[C@]4([C@H]3CC[C@@]4(C(CO)=O)O)C)O)F,380.456,94.83,1.8737,3.0,5.0,2.0
1246,fludrocortisone-acetate,1,[C@H]23[C@@]([C@@]1(C(=CC(=O)CC1)CC2)C)([C@H](C[C@]4([C@H]3CC[C@@]4(C(COC(C)=O)=O)O)C)O)F,422.4930000000001,100.9,2.444500000000001,2.0,6.0,3.0
1247,flumezapine,1,C1=C(F)C=CC2=C1NC(=C3C(=N2)SC(=C3)C)N4CCN(CC4)C,330.4320000000002,30.870000000000005,1.88552,1.0,5.0,1.0
1248,flumoxonide,1,[C@]12(OC(O[C@@H]1CC3C2(CC(O)[C@@]4(F)C3C[C@H](F)C5=CC(=O)C=CC45C)C)(C)C)C(=O)C(OC)OC,496.5470000000003,91.29,2.993400000000001,1.0,7.0,4.0
1249,fluocinonide,1,[C@@]45([C@@]3([C@H]([C@H]2[C@]([C@@]1(C(=CC(=O)C=C1)[C@H](C2)F)C)(F)[C@H](C3)O)C[C@H]4OC(O5)(C)C)C)C(COC(C)=O)=O,494.5310000000004,99.13,2.9376000000000015,1.0,7.0,3.0
1250,fluocortin,1,CCCCOC(=O)C(=O)C3C(C)CC4C2CC(F)C1=CC(=O)C=CC1(C)C2C(O)CC34C,446.55900000000025,80.67,3.987700000000003,1.0,5.0,5.0
1251,fluocortolone-caproate,1,CCCCCC(=O)OCC(=O)C3C(C)CC4C2CC(F)C1=CC(=O)C=CC1(C)C2C(O)CC34C,474.61300000000017,80.67,4.767900000000005,1.0,5.0,7.0
1252,fluoresone,1,C1=CC(=CC=C1[S](CC)(=O)=O)F,188.22299999999998,34.14,1.6193000000000002,0.0,2.0,2.0
1253,fluorometholone-acetate,1,[C@]23([C@H]([C@H]1[C@]([C@@](OC(C)=O)(C(C)=O)CC1)(C)C[C@@H]2O)C[C@H](C)C4=CC(=O)C=C[C@]34C)F,418.5050000000001,80.67000000000002,3.494100000000002,1.0,5.0,2.0
1254,fluotracen,1,[C@@H]1(C3=C([C@H](C2=C1C=CC=C2)C)C=CC(=C3)C(F)(F)F)CCCN(C)C,347.42400000000015,3.24,5.644300000000005,0.0,1.0,4.0
1255,fluoxetine,1,C2=C(C(OC1=CC=C(C=C1)C(F)(F)F)CCNC)C=CC=C2,309.33099999999996,21.259999999999998,4.435000000000003,1.0,2.0,6.0
1256,fluphenazine-enanthate,1,C1=C(C(F)(F)F)C=CC3=C1N(C2=C(C=CC=C2)S3)CCCN4CCN(CCOC(CCCCCC)=O)CC4,549.7030000000004,36.02,6.829400000000008,0.0,6.0,12.0
1257,flupimazine,1,C1=CC=CC3=C1N(CCCN2CCC(OCCO)CC2)C4=C(S3)C=CC(=C4)C(F)(F)F,452.54200000000014,35.94,5.171500000000005,1.0,5.0,7.0
1258,fluprazine,1,C1=C(C=CC=C1N2CCN(CCNC(N)=O)CC2)C(F)(F)F,316.32699999999994,61.6,1.4957000000000003,2.0,3.0,4.0
1259,fluspirilene,1,C1=CC=CC=C1N2C5(C(NC2)=O)CCN(CCCC(C3=CC=C(C=C3)F)C4=CC=C(C=C4)F)CC5,475.58300000000014,35.580000000000005,5.305400000000005,1.0,3.0,7.0
1260,flutazolam,1,C1=C(Cl)C=CC2=C1C3(N(CC(=O)N2CCO)CCO3)C4=CC=CC=C4F,376.81500000000005,53.010000000000005,2.3513,1.0,4.0,3.0
1261,flutemazepam,1,CN2C(=O)C(O)N=C(c1ccccc1F)c3cc(Cl)ccc23,318.73500000000007,52.900000000000006,2.611300000000001,1.0,3.0,1.0
1262,fluticasone,1,CC4CC3C2CC(F)C1=CC(=O)C=CC1(C)C2(F)C(O)CC3(C)C4(O)C(=O)SCF,444.5150000000002,74.6,3.469100000000002,2.0,5.0,2.0
1263,fluticasone-propionate,1,[C@]4([C@@]3([C@H]([C@H]2[C@]([C@@]1(C(=CC(=O)C=C1)[C@H](C2)F)C)(F)[C@H](C3)O)C[C@H]4C)C)(OC(CC)=O)C(SCF)=O,500.57900000000035,80.67,4.430000000000004,1.0,6.0,4.0
1264,flutizenol,1,C1=C(C(F)(F)F)C=CC3=C1N(C2=C(SC=C2)S3)CCCN4CCN(CCO)CC4,443.5600000000004,29.950000000000003,4.369600000000004,1.0,6.0,6.0
1265,flutomidate,1,C1=C(C(OCC)=O)[N](C=N1)C(C)C2=CC=C(C=C2)F,262.284,44.120000000000005,2.808200000000001,0.0,3.0,4.0
1266,flutroline,1,C1=CC(=CC2=C1[N](C4=C2CN(CCCC(C3=CC=C(C=C3)F)O)CC4)C5=CC=C(F)C=C5)F,450.5040000000001,28.4,5.919700000000005,1.0,2.0,6.0
1267,fluvastatin,1,[C@@H](O)(/C=C/C1=C(C2=C([N]1C(C)C)C=CC=C2)C3=CC=C(F)C=C3)C[C@H](O)CC(=O)O,411.4730000000002,82.69,4.628100000000004,3.0,3.0,8.0
1268,fluvoxamine,1,C1=C(C(F)(F)F)C=CC(=C1)C(=N/OCCN)/CCCCOC.O=C(O)\C=C/C(=O)O,434.41100000000023,131.44,2.9133000000000004,3.0,6.0,11.0
1269,fluzinamide,1,C2=C(OC1CN(C(NC)=O)C1)C=CC=C2C(F)(F)F,274.24199999999996,41.57,2.1078,1.0,2.0,2.0
1270,folic-acid,1,[C@H](NC(C3=CC=C(NCC1=NC2=C(N=C1)NC(=NC2=O)N)C=C3)=O)(CCC(O)=O)C(O)=O,441.4040000000003,213.27999999999997,-0.044799999999999174,6.0,9.0,9.0
1271,formocortal,1,[C@]12(OC(O[C@@H]1CC3C2(CC(O)[C@@]4(F)C3CC(=C5C4(CCC(=C5)OCCCl)C)C=O)C)(C)C)C(=O)COC(=O)C,569.0660000000004,108.36000000000001,3.962800000000003,1.0,8.0,7.0
1272,fosazepam,1,C1=CC(=CC2=C1N(C(CN=C2C3=CC=CC=C3)=O)C[P](C)(C)=O)Cl,360.78100000000006,49.74,4.104200000000003,0.0,3.0,3.0
1273,fosenazide,1,C1=CC=CC=C1[P](C2=CC=CC=C2)(CC(NN)=O)=O,274.26000000000005,72.19,0.9903999999999995,2.0,3.0,4.0
1274,fosfomycin,1,[C@@H]1([P](O)(O)=O)[C@H](C)O1,138.05899999999997,70.06,-0.09110000000000018,2.0,2.0,1.0
1275,fosphenytoin,1,C1=CC=CC=C1C3(C2=CC=CC=C2)C(N(CO[P](O)(O)=O)C(N3)=O)=O,362.278,116.16999999999999,1.5487999999999993,3.0,4.0,5.0
1276,ftormetazine,1,C1=C(C(F)(F)F)C=CC3=C1N(C2=C(C=CC=C2)S3)C(CCN4CCN(C)CC4)=O,421.48800000000034,26.79,4.472200000000004,0.0,4.0,3.0
1277,ftorpropazine,1,C1=C(C(F)(F)F)C=CC3=C1N(C2=C(C=CC=C2)S3)C(CCN4CCN(CCO)CC4)=O,451.5140000000004,47.02,3.8347000000000033,1.0,5.0,5.0
1278,furomazine,1,C1=C(Cl)C=CC3=C1N(C2=C(C=CC=C2)S3)CCCN5CCC(C4C(OCC4)=O)(O)CC5,459.0110000000004,53.010000000000005,4.722800000000005,1.0,6.0,5.0
1279,fursultiamine,1,C1=NC(=NC(=C1CN(C(=C(SSCC2CCCO2)\CCO)/C)C=O)N)C,398.5540000000002,101.57000000000001,2.4999199999999995,2.0,8.0,10.0
1280,gaboxadol,1,O=C2C1=C(CNCC1)ON2,140.142,58.03,-0.38640000000000024,2.0,3.0,0.0
1281,ganaxolone,1,[C@H]13[C@@H]([C@@]2([C@@H](CC1)C[C@](O)(CC2)C)C)CC[C@]4([C@H]3CC[C@@H]4C(=O)C)C,332.5280000000001,37.3,4.985300000000005,1.0,2.0,1.0
1282,gedocarnil,1,C1=NC(=C(C2=C1[NH]C3=C2C(=CC=C3)OC4=CC=C(C=C4)Cl)COC)C(OC(C)C)=O,424.88400000000024,73.44,5.873400000000005,1.0,5.0,6.0
1283,gemazocine,1,C1=C(O)C=CC4=C1C3(C(C(N(CC2CC2)CC3)C4)(C)C)CC,299.458,23.47,4.106600000000004,1.0,2.0,3.0
1284,gepirone,1,[H+].C1=CC=NC(=N1)N2CCN(CC2)CCCCN3C(=O)CC(CC3=O)(C)C.[Cl-],395.9350000000002,69.64000000000001,-1.3294999999999955,0.0,6.0,6.0
1285,gevotroline,1,C1=C(F)C=CC2=C1C3=C([NH]2)CCN(C3)CCCC4=CN=CC=C4,309.3879999999999,31.92,3.6929000000000025,1.0,2.0,4.0
1286,girisopam,1,C1=C(OC)C(=CC2=C1C(=NN=C(C2)C)C3=CC=CC(=C3)Cl)OC,328.79900000000004,43.18000000000001,4.126600000000003,0.0,4.0,3.0
1287,halcinonide,1,[C@@]45([C@@]3([C@H]([C@H]2[C@]([C@@]1(C(=CC(=O)CC1)CC2)C)(F)[C@H](C3)O)C[C@H]4OC(O5)(C)C)C)C(CCl)=O,454.96600000000024,72.83000000000001,3.889300000000003,1.0,5.0,2.0
1288,halocortolone,1,[C@H]23C(Cl)([C@@]1(C(=CC(=O)C=C1)[C@@H](F)C2)C)[C@@H](F)C[C@]4([C@H]3C[C@H]([C@@H]4C(=O)CO)C)C,412.9040000000002,54.370000000000005,3.9753000000000034,1.0,3.0,2.0
1289,halopemide,1,C1=CC(=CC4=C1N(C3CCN(CCNC(C2=CC=C(F)C=C2)=O)CC3)C(N4)=O)Cl,416.8840000000001,70.13,3.189000000000001,2.0,3.0,5.0
1290,haloperidol-decanoate,1,C1=CC(=CC=C1C3(CCN(CCCC(C2=CC=C(C=C2)F)=O)CC3)OC(CCCCCCCCC)=O)Cl,530.1240000000005,46.61,8.117200000000008,0.0,4.0,15.0
1291,halopredone(halopredone-acetate),1,[C@]34([C@H]([C@H]2C([C@@]1(C(=CC(C(=C1)Br)=O)[C@@H](C2)F)C)([C@H](C3)O)F)CCC4(C(=O)CO)O)C,475.32600000000025,94.83,2.3203000000000005,3.0,5.0,2.0
1292,haloxazolam,1,C1=C(Br)C=CC3=C1C2(N(CCO2)CC(=O)N3)C4=C(C=CC=C4)F,377.213,41.57,3.0736000000000008,1.0,3.0,1.0
1293,hexapradol,1,C2=C(C(C1=CC=CC=C1)(C(CCCCC)N)O)C=CC=C2,283.4149999999999,46.25,3.8301000000000016,2.0,2.0,7.0
1294,homopipramol,1,C3=C2N(C1=CC=CC=C1C=CC2=CC=C3)CCCN4C=CN(CC=C4)CCO,373.5000000000001,29.950000000000003,4.2934000000000045,1.0,4.0,6.0
1295,homprenorphine,1,C1=CC(=C5C2=C1CC6C34C2(C(C(OC)(C(C3)C(CC)(C)O)C=C4)O5)CCN6CC7CC7)OC,451.60700000000026,51.16,3.8567000000000027,1.0,5.0,6.0
1296,hopantenic-acid,1,[C@H](C(NCCCC(O)=O)=O)(C(CO)(C)C)O,233.26399999999998,106.86000000000001,-0.6532000000000002,4.0,4.0,7.0
1297,hydrocortamate,1,[C@]34([C@H]([C@H]2[C@@H]([C@@]1(C(=CC(=O)CC1)CC2)C)[C@H](C3)O)CC[C@@]4(C(COC(CN(CC)CC)=O)=O)O)C,475.6260000000004,104.14,2.6743000000000006,2.0,7.0,7.0
1298,hydrocortisone-aceponate,1,[C@@]4([C@@]3([C@H]([C@H]2[C@@H]([C@@]1(C(=CC(=O)CC1)CC2)C)[C@H](C3)O)CC4)C)(C(COC(C)=O)=O)OC(CC)=O,460.56700000000035,106.97,3.3133000000000017,1.0,7.0,5.0
1299,hydrocortisonecypionate(hydrocortisone-cipionate),1,[C@]34([C@H]([C@H]2[C@@H]([C@@]1(C(=CC(=O)CC1)CC2)C)[C@@H](O)C3)CC[C@]4(O)C(=O)COC(=O)CCC(O)=O)C.O,480.55400000000037,169.70000000000002,1.3725999999999996,3.0,7.0,6.0
1300,hydrocortisone-hemisuccinate,1,[C@@]4(OC(=O)CCCC)(C3(C(C2C(C1(C(=CC(=O)CC1)CC2)C)C(O)C3)CC4)C)C(=O)CO,446.5840000000004,100.90000000000002,3.5227000000000026,2.0,6.0,6.0
1301,hydrocortisone-valerate,1,CC14CCC(=O)C=C1CCC5C3CCC(O)(C(=O)COC(=O)CCC2CCCC2)C3(C)CC(O)C45,486.64900000000046,100.89999999999999,4.302900000000005,2.0,6.0,6.0
1302,hydromorphinol,1,[C@@]125C3=C4C[C@H]([C@@]1(CC[C@@H]([C@@H]2OC3=C(C=C4)O)O)O)N(C)CC5,303.3580000000001,73.16,0.5369999999999999,3.0,5.0,0.0
1303,hydroxindasol,1,C1=C(O)C=CC2=C1C(=C(C)[N]2CC3=CC=C(OC)C=C3)CCN,310.3970000000001,60.41,3.213420000000001,2.0,3.0,5.0
1304,ibrotamide,1,C(C(C(C)C)(C(N)=O)Br)C,208.099,43.09,1.6714,1.0,1.0,3.0
1305,iclazepam,1,C1=C(Cl)C=CC2=C1C(=NCC(N2CCOCC3CC3)=O)C4=CC=CC=C4,368.8640000000001,41.9,3.950600000000003,0.0,3.0,6.0
1306,ifoxetine,1,[C@@H]2(OC1=C(C(=CC=C1)C)C)[C@@H](CNCC2)O,221.29999999999995,41.489999999999995,1.4050399999999998,2.0,3.0,2.0
1307,ilepcimide,1,C1=C3C(=CC=C1\C=C\C(N2CCCCC2)=O)OCO3,259.3049999999999,38.77,2.441,0.0,3.0,2.0
1308,iloperidone,1,C1=CC(=CC2=C1C(=NO2)C4CCN(CCCOC3=C(C=C(C(C)=O)C=C3)OC)CC4)F,426.48800000000017,64.8,4.826600000000004,0.0,6.0,8.0
1309,imiclopazine,1,C1=C(Cl)C=CC3=C1N(C2=C(C=CC=C2)S3)CCCN5CCN(CCN4C(N(C)CC4)=O)CC5,486.0850000000005,33.27,4.317800000000004,0.0,5.0,7.0
1310,imidoline,1,C2=C(N1C(N(CCN(C)C)CC1)=O)C=CC=C2Cl,267.76,26.79,2.1436,0.0,2.0,4.0
1311,imipraminoxide,1,C1=CC=CC2=C1N(C3=C(CC2)C=CC=C3)CCC[N+](C)(C)[O-],296.41400000000004,26.299999999999997,3.8876000000000026,0.0,2.0,4.0
1312,indatraline,1,[C@@H]2(C1=CC=CC=C1[C@H](NC)C2)C3=CC=C(Cl)C(=C3)Cl.[H+].[Cl-],328.66999999999996,12.03,1.9059999999999997,1.0,1.0,2.0
1313,indeloxazine,1,C2=C(C1=C(C=CC1)C=C2)OCC3CNCCO3,231.29499999999993,30.49,1.6230999999999995,1.0,3.0,3.0
1314,indomethacin(indometacin),1,C1=CC(=CC2=C1[N](C(=C2CC(O)=O)C)C(C3=CC=C(Cl)C=C3)=O)OC,357.79300000000006,68.53,3.9273200000000035,1.0,3.0,4.0
1315,indriline,1,C1=CC=CC3=C1C(C2=CC=CC=C2)(C=C3)CCN(C)C,263.384,3.24,3.9512000000000027,0.0,1.0,4.0
1316,iproclozide,1,C1=CC(=CC=C1OCC(NNC(C)C)=O)Cl,242.706,50.36,1.7479999999999998,2.0,3.0,5.0
1317,iprozilamine,1,CSC1=C(N=C(N=C1N2CCN(C)CC2)NC(C)C)Cl,315.874,44.290000000000006,2.4240000000000004,1.0,6.0,4.0
1318,ipsapirone,1,[H+].C1=CC=CC2=C1[S](=O)(=O)N(C2=O)CCCCN4CCN(C3=NC=CC=N3)CC4.[Cl-],437.9530000000002,86.71000000000001,-1.6599999999999955,0.0,7.0,6.0
1319,isocarboxazid,1,C1=C(C)ON=C1C(NNCC2=CC=CC=C2)=O,231.255,67.16,1.4176199999999997,2.0,4.0,4.0
1320,isoflupredone,1,C(C(C1(CCC2C4C(C(CC12C)O)(F)C3(C=CC(C=C3CC4)=O)C)O)=O)O,378.4400000000001,94.83,1.6496999999999993,3.0,5.0,2.0
1321,isoflupredone-acetate,1,[C@H]23[C@@]([C@@]1(C(=CC(=O)C=C1)CC2)C)([C@H](C[C@]4([C@H]3CC[C@@]4(C(COC(C)=O)=O)O)C)O)F,420.4770000000001,100.9,2.220500000000001,2.0,6.0,3.0
1322,itrocinonide,1,[C@]34([C@H]([C@H]2C(F)([C@@]1(C(=CC(=O)C=C1)[C@@H](F)C2)C)[C@@H](O)C3)C[C@H]5O[C@H](O[C@@]45C(O[C@@H](OC(OCC)=O)C)=O)CCC)C,568.6100000000002,117.59,4.257800000000004,1.0,9.0,6.0
1323,ivoqualine,1,[C@H]3(CCCC1=C2C(=NC=C1)C=CC(=C2)OC)[C@@H](CNCC3)C=C,310.44100000000014,34.15,3.977800000000003,1.0,3.0,6.0
1324,ketazocine,1,[C@H]12N(CC[C@](C1C)(C3=C(C2=O)C=CC(=C3)O)C)CC4CC4,285.38700000000006,40.540000000000006,2.9666000000000015,1.0,3.0,2.0
1325,ketazolam,1,C1=C(Cl)C=CC2=C1C3(N(CC(=O)N2C)C(C=C(O3)C)=O)C4=CC=CC=C4,368.82000000000005,49.85,3.280100000000002,0.0,3.0,1.0
1326,ketobemidone,1,C1=C(C=CC=C1C2(CCN(C)CC2)C(CC)=O)O,247.33799999999994,40.540000000000006,2.334700000000001,1.0,3.0,3.0
1327,lesopitron,1,C1=CC=NC(=N1)N3CCN(CCCC[N]2C=C(Cl)C=N2)CC3,320.82800000000003,50.080000000000005,1.9288999999999998,0.0,5.0,6.0
1328,levophenacylmorphan,1,C5=C(C(CN1C2C4C(CC1)(C3=C(C2)C=CC(=C3)O)CCCC4)=O)C=CC=C5,361.4850000000001,40.54,4.3335000000000035,1.0,3.0,3.0
1329,linopirdine,1,C1=CC=CC2=C1C(C(N2C3=CC=CC=C3)=O)(CC4=CC=NC=C4)CC5=CC=NC=C5,391.4740000000001,46.09,4.878100000000004,0.0,3.0,5.0
1330,lisuride,1,[C@@H]14C(=C[C@H](NC(N(CC)CC)=O)CN1C)C2=CC=CC3=C2C(=C[NH]3)C4,338.4550000000001,51.370000000000005,2.841400000000001,2.0,2.0,3.0
1331,litracen,1,C1=CC=CC3=C1C(C2=C(C=CC=C2)C3(C)C)=CCCNC,277.41099999999994,12.03,4.367100000000003,1.0,1.0,3.0
1332,lofendazam,1,C1=C(Cl)C=CC3=C1N(C2=CC=CC=C2)C(CCN3)=O,272.735,32.34,3.820300000000003,1.0,2.0,1.0
1333,lofentanil,1,[C@]3(N(C1=CC=CC=C1)C(=O)CC)(C(=O)OC)[C@H](CN(CCC2=CC=CC=C2)CC3)C,408.54200000000014,49.85,3.925900000000003,0.0,4.0,7.0
1334,lofepramine,1,[H+].C1=CC=CC2=C1N(C3=C(CC2)C=CC=C3)CCCN(CC(=O)C4=CC=C(Cl)C=C4)C.[Cl-],455.4290000000002,23.55,2.8980000000000006,0.0,3.0,7.0
1335,lometraline,1,C1=C(C2=C(C(=C1)OC)CCCC2N(C)C)Cl,239.74599999999995,12.47,3.287600000000002,0.0,2.0,2.0
1336,lopirazepam,1,C3=C(C1=NC(C(=O)NC2=C1N=C(Cl)C=C2)O)C(=CC=C3)Cl,322.15099999999995,74.58,2.4963000000000006,2.0,4.0,1.0
1337,loprazolam,1,C1=CC(=CC4=C1N2C(=NC(/C2=O)=C\N3CCN(C)CC3)CN=C4C5=C(C=CC=C5)Cl)[N+](=O)[O-],464.9130000000002,94.65,2.9331000000000014,0.0,7.0,3.0
1338,loratadine,1,C1=CC(=CC2=C1C(C3=C(CC2)C=CC=N3)=C4CCN(C(OCC)=O)CC4)Cl,382.8910000000002,42.43000000000001,4.887800000000005,0.0,3.0,1.0
1339,lormetazepam,1,C1=C(Cl)C=CC2=C1C(=NC(O)C(N2C)=O)C3=CC=CC=C3Cl,335.19000000000005,52.900000000000006,3.1256000000000013,1.0,3.0,1.0
1340,lorpiprazole,1,[C@H]23C1=NN=C([N]1C[C@H]2CCC3)CCN4CCN(CC4)C5=CC=CC(=C5)C(F)(F)F,405.468,37.190000000000005,3.558900000000002,0.0,4.0,4.0
1341,lortalamine,1,[C@@]123OC4=C(C(C1CN(CC2)C)CC(=O)N3)C=C(Cl)C=C4,292.76599999999996,41.57,1.9838999999999998,1.0,3.0,0.0
1342,lorzafone,1,C1=CC(=CC(=C1N(C(=O)CNC(=O)CN)C)C(=O)C2=CC=CC=C2Cl)Cl.O,412.2730000000001,124.0,1.4373999999999998,2.0,4.0,6.0
1343,losigamone,1,C2=C(C(C1C(=CC(O1)=O)OC)O)C(=CC=C2)Cl,254.669,55.760000000000005,1.8291,1.0,4.0,3.0
1344,loteprednol(loteprednol-etabonate),1,CCOC(=O)OC3(CCC4C2CCC1=CC(=O)C=CC1(C)C2C(O)CC34C)C(=O)OCCl,466.9580000000002,99.13000000000001,3.9165000000000028,1.0,7.0,4.0
1345,loxapine,1,C1=C(Cl)C=CC2=C1C(=NC3=C(O2)C=CC=C3)N4CCN(CC4)C,327.81500000000017,28.07,3.7714000000000034,0.0,4.0,0.0
1346,lufuradom,1,C1=CC(=CC2=C1C(=NCC(N2C)CNC(C3=COC=C3)=O)C4=CC=CC=C4)F,377.41900000000004,57.839999999999996,3.504500000000002,1.0,4.0,4.0
1347,mazindol,1,C1=CC=CC2=C1C(N3C2=NCC3)(C4=CC=C(C=C4)Cl)O,284.746,35.83,2.6092000000000017,1.0,3.0,1.0
1348,mazipredone,1,[C@]34([C@H]([C@H]2[C@@H]([C@@]1(C(=CC(=O)C=C1)CC2)C)[C@H](C3)O)CC[C@@]4(C(CN5CCN(C)CC5)=O)O)C,442.6000000000003,81.08,1.8126999999999995,2.0,6.0,3.0
1349,mebanazine,1,C1=CC=CC=C1C(NN)C,136.198,38.05,1.2109,2.0,2.0,2.0
1350,mebutamate,1,C(C(C(CC)C)(COC(N)=O)C)OC(N)=O,232.27999999999994,104.63999999999999,1.2294000000000005,2.0,4.0,6.0
1351,meclonazepam,1,[C@H]2(N=C(C1=C(C=CC(=C1)[N+](=O)[O-])NC2=O)C3=CC=CC=C3Cl)C,329.743,84.6,3.4262000000000015,1.0,4.0,2.0
1352,mecloralurea,1,CNC(NC(C(Cl)(Cl)Cl)O)=O,221.471,61.36,0.6040000000000001,3.0,2.0,1.0
1353,meclorisone(meclorisone-dibutyrate),1,[C@@]23(Cl)C(C1C([C@](O)([C@@H](C1)C)C(=O)CO)(CC2Cl)C)CCC4=CC(=O)C=CC34C,427.3680000000002,74.6,3.411500000000002,2.0,4.0,2.0
1354,medrysone,1,[C@@H]23[C@H]([C@H]1[C@]([C@@H](C(C)=O)CC1)(C)C[C@@H]2O)C[C@H](C)C4=CC(=O)CC[C@]34C,344.4950000000001,54.37,3.9403000000000032,1.0,3.0,1.0
1355,mefexamide,1,[H+].C1=C(OCC(=O)NCCN(CC)CC)C=CC(=C1)OC.[Cl-],316.82900000000006,50.8,-1.3514999999999966,1.0,4.0,9.0
1356,melitracen,1,C1=CC=CC3=C1C(C2=C(C=CC=C2)C3(C)C)=CCCN(C)C,291.438,3.24,4.709300000000004,0.0,1.0,3.0
1357,melperone,1,C1=CC(=CC=C1C(CCCN2CCC(C)CC2)=O)F,263.35599999999994,20.310000000000002,3.520500000000003,0.0,2.0,5.0
1358,memantine,1,CC12CC3(CC(C1)(CC(C2)C3)N)C,179.30699999999996,26.02,2.6941000000000006,1.0,1.0,0.0
1359,mephenoxalone,1,C1=C(C(=CC=C1)OC)OCC2CNC(O2)=O,223.22799999999998,56.79,1.1823999999999995,1.0,4.0,4.0
1360,meprotixol,1,C1=C(OC)C=CC3=C1C(C2=C(C=CC=C2)S3)(CCCN(C)C)O,329.46500000000003,32.7,3.737500000000003,1.0,4.0,5.0
1361,mequitazine,1,C1=CC=CC2=C1SC5=C(N2CC3C4CCN(C3)CC4)C=CC=C5,322.47700000000003,6.48,4.631100000000004,0.0,3.0,2.0
1362,mesulergine,1,[C@@H]34C1=CC=CC2=C1C(=C[N]2C)C[C@H]3N(C[C@H](C4)N[S](N(C)C)(=O)=O)C,362.4990000000001,57.58,1.2867,1.0,3.0,3.0
1363,metacetamol,1,C1=C(C=CC=C1O)NC(C)=O,151.165,49.33,1.3505999999999998,2.0,2.0,1.0
1364,metaglycodol,1,C1=C(C(C(C)(C)O)(C)O)C=CC=C1Cl,214.69199999999998,40.46,2.3184000000000005,2.0,2.0,2.0
1365,methapyrilene,1,C2=C(N(CC1=CC=CS1)CCN(C)C)N=CC=C2,261.39399999999995,19.37,2.7113000000000014,0.0,4.0,6.0
1366,metharbital,1,C(C1(C(NC(N(C1=O)C)=O)=O)CC)C,198.22199999999995,66.48,0.5009999999999997,1.0,3.0,2.0
1367,methitural,1,C(C1(C(NC(=S)NC1=O)=O)C(CCC)C)CSC,288.438,58.199999999999996,1.6929999999999996,2.0,4.0,6.0
1368,methyldesorphine,1,C5=C3C1=C(OC4C12C(C(N(CC2)C)C3)CC=C4C)C(=C5)O,283.37099999999987,32.7,2.6174000000000013,1.0,3.0,0.0
1369,methyldihydromorphine,1,[C@@H]25CC1=CC=C(C4=C1[C@@]3([C@H]2CC[C@@H]([C@@H]3O4)OC)CCN5C)O,301.38599999999997,41.93000000000001,2.0761999999999996,1.0,4.0,1.0
1370,methylprednisolone21hemisuccinate(methylprednisolone-hemisuccinate),1,[C@@]4([C@@]3([C@H]([C@H]2[C@@H]([C@@]1(C(=CC(=O)C=C1)[C@H](C2)C)C)[C@H](C3)O)CC4)C)(C(COC(C)=O)=O)OC(CC)=O,472.57800000000043,106.97,3.335300000000002,1.0,7.0,5.0
1371,metiapine,1,C1=C(C)C=CC3=C1C(=NC2=C(C=CC=C2)S3)N4CCN(C)CC4,323.46500000000015,18.84,3.785320000000003,0.0,4.0,0.0
1372,metofenazate,1,C1=C(Cl)C=CC3=C1N(C2=C(C=CC=C2)S3)CCCN5CCN(CCOC(C4=CC(=C(OC)C(=C4)OC)OC)=O)CC5,598.1650000000003,63.71,5.833200000000006,0.0,9.0,11.0
1373,metopimazine,1,C1=C([S](C)(=O)=O)C=CC3=C1N(C2=C(C=CC=C2)S3)CCCN4CCC(C(N)=O)CC4,445.61000000000035,83.71000000000001,3.2802000000000007,1.0,6.0,6.0
1374,metopon,1,[C@@]125C3=C4C[C@H]([C@@H]1CCC([C@@]2(OC3=C(C=C4)O)C)=O)N(C)CC5,299.3700000000001,49.77,2.0204,1.0,4.0,0.0
1375,metoserpate,1,C5=C4C3=C(C2N(CC1CC(OC)C(C(C1C2)C(OC)=O)OC)CC3)[NH]C4=CC(=C5)OC,428.5290000000002,73.02,2.9347000000000003,1.0,6.0,4.0
1376,metoxepin,1,C1=C(OC)C=CC3=C1C(=CC2=C(C=CC=C2)O3)N4CCN(C)CC4,322.40800000000013,24.940000000000005,3.546400000000003,0.0,4.0,2.0
1377,metralindole,1,C1=C(OC)C=CC2=C1C4=C3[N]2CCN(C3=NCC4)C,255.3209999999999,29.759999999999998,1.898,0.0,3.0,1.0
1378,mevastatin,1,[C@@H]23[C@@H](CC[C@@H]1C[C@H](CC(O1)=O)O)[C@H](C=CC2=CCC[C@@H]3OC([C@H](CC)C)=O)C,390.5200000000002,72.83000000000001,3.949500000000003,1.0,5.0,6.0
1379,mexazolam,1,C1=C(Cl)C=CC3=C1C2(N(C(C)CO2)CC(=O)N3)C4=CC=CC=C4Cl,363.244,41.57,3.867300000000003,1.0,3.0,1.0
1380,mezilamine,1,CSC2=C(N1CCN(C)CC1)N=C(NC)N=C2Cl,287.82,44.29,1.6454,1.0,6.0,3.0
1381,miconazole,1,C1=C(C=CC(=C1Cl)COC(C[N]2C=NC=C2)C3=C(C=C(C=C3)Cl)Cl)Cl,416.135,27.05,6.454800000000002,0.0,2.0,6.0
1382,midaflur,1,C1(=NC(NC1(C(F)(F)F)C(F)(F)F)(C(F)(F)F)C(F)(F)F)N,357.09799999999996,50.41,2.6311,2.0,3.0,0.0
1383,milacemide,1,C(NCC(N)=O)CCCC,144.218,55.12,0.2514999999999994,2.0,2.0,6.0
1384,milameline,1,CN1CC(=CCC1)\C=N\OC,154.213,24.83,0.8805,0.0,3.0,2.0
1385,minaprine,1,C1=C(C(=NN=C1C2=CC=CC=C2)NCCN3CCOCC3)C,298.39000000000004,50.28,2.1961199999999996,1.0,5.0,5.0
1386,minaxolone,1,[C@@H]23[C@H]([C@H]1[C@]([C@@H](C(C)=O)CC1)(C)C[C@H]2N(C)C)CC[C@@H]4[C@@]3(C[C@H](OCC)[C@H](C4)O)C,405.62300000000016,49.77,4.150300000000003,1.0,4.0,4.0
1387,mirisetron,1,[C@@H]45N([C@@H](CC(NC(=O)C1=CN(C2=C(C1=O)C=CC=C2)C3CCCCC3)C4)CC5)C,393.53100000000035,54.34,3.8617000000000026,1.0,3.0,3.0
1388,moclobemide,1,C2=C(C(NCCN1CCOCC1)=O)C=CC(=C2)Cl,268.744,41.57,1.4019999999999997,1.0,3.0,4.0
1389,modafinil,1,C2=C(C(C1=CC=CC=C1)[S](CC(N)=O)=O)C=CC=C2,273.35699999999997,60.160000000000004,2.01,1.0,2.0,5.0
1390,mometasone(mometasone-furoate),1,[C@H]34[C@H]2[C@@](Cl)([C@@]1(C(=CC(=O)C=C1)CC2)C)[C@@H](O)C[C@@]3([C@](O)([C@@H](C4)C)C(=O)CCl)C,427.3680000000002,74.6,3.411500000000002,2.0,4.0,2.0
1391,monometacrine,1,C1=CC=CC3=C1N(C2=C(C=CC=C2)C3(C)C)CCCNC,280.41499999999996,15.27,4.073500000000003,1.0,2.0,4.0
1392,morsuximide,1,C3=C(C2(C(N(CN1CCOCC1)C(C2)=O)=O)C)C=CC=C3,288.347,49.85,0.9928999999999992,0.0,4.0,3.0
1393,mosapramine,1,C1=C(Cl)C=CC5=C1N(CCCN4CCC3(N2C(CCCC2)NC3=O)CC4)C6=C(CC5)C=CC=C6,479.0680000000004,38.82,4.743200000000004,1.0,4.0,4.0
1394,motrazepam,1,C1=C([N+](=O)[O-])C=CC2=C1C(=NCC(N2COC)=O)C3=CC=CC=C3,325.32399999999996,85.03999999999999,2.3827000000000007,0.0,5.0,4.0
1395,moxadolen,1,[C@@H]13C=C[C@@H]([C@@]2([C@H]1[C@H](OC2=O)OC(NC)=O)C)C3,237.25499999999997,64.63,1.0536999999999999,1.0,4.0,1.0
1396,moxiraprine,1,C(N1CCOCC1)CNC2=NNC(C=C2C)=C3C=CC(=O)C=C3,314.38900000000007,65.96000000000001,0.7204,2.0,6.0,3.0
1397,myrophine,1,[C@@]126C3=C4C[C@H]([C@@H]1C=C[C@@H]([C@@H]2OC3=C(C=C4)OCC5=CC=CC=C5)OC(CCCCCCCCCCCCC)=O)N(CC6)C,585.8290000000003,48.00000000000001,8.323500000000008,0.0,5.0,16.0
1398,nabazenil,1,C1=C(C(C(CCCCC)C)C)C=C(C2=C1OC(C3=C2CC(C)CC3)(C)C)OC(CCCN4CCCCCC4)=O,537.8290000000005,38.77,9.312700000000001,0.0,4.0,11.0
1399,nabilone,1,[C@H]23C1=C(C=C(C(CCCCCC)(C)C)C=C1O)OC([C@@H]2CCC(C3)=O)(C)C,372.5490000000002,46.53,6.2640000000000065,1.0,3.0,6.0
1400,nafimidone,1,C2=C(C(C[N]1C=CN=C1)=O)C=CC3=CC=CC=C23,236.274,34.89,2.919200000000002,0.0,2.0,3.0
1401,naflocort,1,[C@]14([C@H]([C@H]3[C@](F)([C@@H](O)C1)[C@@]2(C(=CC(=O)C=C2)CC3)C)C[C@@H]6[C@]4(CC5=CC=CC=C5C6)C(=O)CO)C.O,482.5920000000003,106.1,3.1052000000000026,2.0,4.0,2.0
1402,nalbuphine,1,OC1CCC2(O)C3Cc5ccc(O)c6OC1C2(CCN3CC4CCC4)c56,357.4500000000002,73.16,1.7073000000000003,3.0,5.0,2.0
1403,nalmefene,1,[C@@]126C3=C4C[C@H]([C@@]1(CCC([C@@H]2OC3=C(C=C4)O)=C)O)N(CC5CC5)CC6,339.43500000000023,52.93,2.5125,2.0,4.0,2.0
1404,nalmexone,1,[C@@]125C3=C4C[C@H]([C@@]1(CCC([C@@H]2OC3=C(C=C4)O)=O)O)N(CC=C(C)C)CC5,355.4340000000002,70.0,2.0816,2.0,5.0,2.0
1405,napactadine,1,C1=C(C=CC2=C1C=CC=C2)CC([NH2+]C)=NC.[Cl-],248.75699999999995,28.97,-1.3921999999999983,1.0,1.0,2.0
1406,napamezole,1,C1=C2C(=CC=C1)CCC(=C2)CC3=NCNC3,212.296,24.39,2.4080000000000004,1.0,2.0,2.0
1407,naprodoxime,1,C2=C1C(=CC=CC1=CC=C2)OC(\C(=N\O)N)C,230.26699999999997,67.84,2.3535000000000004,2.0,3.0,3.0
1408,nefazodone,1,[H+].C4=C(N3CCN(CCCN1N=C(N(C1=O)CCOC2=CC=CC=C2)CC)CC3)C=CC=C4Cl.[Cl-],506.4780000000002,55.53,0.6684000000000014,0.0,5.0,10.0
1409,nefiracetam,1,C1=CC=C(C(=C1C)NC(CN2C(CCC2)=O)=O)C,246.30999999999992,49.410000000000004,1.86434,1.0,2.0,3.0
1410,neflumozide,1,Fc5ccc4c(CCCN1CCC(CC1)n2c(=O)[nH]c3ccccc23)noc4c5,394.45000000000005,67.06,3.8796000000000026,1.0,4.0,5.0
1411,nialamide,1,C1=CN=CC=C1C(NNCCC(NCC2=CC=CC=C2)=O)=O,298.346,83.12,1.0224999999999995,3.0,4.0,7.0
1412,niaprazine,1,C1=CC(=CC=C1N3CCN(CCC(NC(C2=CC=CN=C2)=O)C)CC3)F,356.4450000000001,48.47,2.5513000000000003,1.0,4.0,6.0
1413,nicocortonide,1,[C@]125OC(O[C@@]([C@]1(C[C@H](O)[C@H]3[C@H]2CCC4=CC(=O)CC[C@]34C)C)(CC5)C(=O)COC(=O)C6=CC=NC=C6)\C=C/C,535.6370000000004,112.02,4.120600000000004,1.0,8.0,5.0
1414,nicomorphine,1,[C@@]127C3=C4C[C@H]([C@@H]1C=C[C@@H]([C@@H]2OC3=C(C=C4)OC(C5=CN=CC=C5)=O)OC(C6=CN=CC=C6)=O)N(C)CC7,495.53500000000025,90.85000000000001,3.3664000000000023,0.0,8.0,4.0
1415,nicopholine,1,C1=CC=NC=C1C(N2CCOCC2)=O,192.21799999999993,42.43000000000001,0.5539999999999998,0.0,3.0,1.0
1416,nicotinamide,1,C(C1=CN=CC=C1)(=O)N,122.12699999999998,55.980000000000004,0.1805,1.0,2.0,1.0
1417,nikethamide,1,C1=CC=NC=C1C(N(CC)CC)=O,178.23499999999996,33.2,1.5635999999999999,0.0,2.0,3.0
1418,nimetazepam,1,C1=C([N+]([O-])=O)C=CC2=C1C(=NCC(=O)N2C)C3=CC=CC=C3,295.29799999999994,75.80999999999999,2.4086000000000007,0.0,4.0,2.0
1419,nisobamate,1,C(C(COC(N)=O)(C(CC)C)C)OC(NC(C)C)=O,274.361,90.65,2.2687,2.0,4.0,7.0
1420,nisoxetine,1,C1=CC=CC=C1C(OC2=CC=CC=C2OC)CCNC,271.36,30.490000000000002,3.424800000000001,1.0,3.0,7.0
1421,nitrafudam,1,NC(=N)c1ccc(o1)c2ccccc2N(=O)=O,231.21099999999998,106.15,2.13887,2.0,4.0,3.0
1422,nivazol(nivacortol),1,[C@H]12C([C@@](O)(CC1)C#C)(CC[C@H]3C2CCC4=CC5=C(CC34C)C=N[N]5C6=CC=C(F)C=C6)C,430.56700000000006,38.050000000000004,5.557800000000006,1.0,2.0,1.0
1423,nomelidine,1,C1=CC(=CC=C1\C(C2=CC=CN=C2)=C\CNC)Br,303.203,24.92,3.4952000000000014,1.0,2.0,4.0
1424,nomifensine,1,C1=CC=C(C3=C1C(C2=CC=CC=C2)CN(C)C3)N,238.33399999999995,29.259999999999998,2.8461000000000007,1.0,2.0,1.0
1425,nonapyrimine,1,C1=C[NH]C2=C1C(=NC=N2)NCCCCCCCCC,260.3849999999999,53.6,4.120400000000004,2.0,3.0,9.0
1426,norflurane,1,C(C(F)(F)F)F,102.03000000000002,0.0,1.5182000000000002,0.0,0.0,0.0
1427,norlevorphanol,1,C1=C(O)C=CC3=C1C24C(C(NCC2)C3)CCCC4,243.3499999999999,32.26,2.738200000000001,2.0,2.0,0.0
1428,normorphine,1,C1=CC(=C3C2=C1CC5C4C2(C(O3)C(O)C=C4)CCN5)O,271.316,61.72,0.8558999999999999,3.0,4.0,0.0
1429,nortetrazepam,1,C1=C(Cl)C=CC2=C1C(=NCC(=O)N2)C3=CCCCC3,274.75100000000003,41.46,3.5816000000000017,1.0,2.0,1.0
1430,noscapine,1,[C@@H]3(C1=C(C=C2C(=C1OC)OCO2)CCN3C)[C@@H]5C4=C(C(=C(OC)C=C4)OC)C(O5)=O,413.42600000000016,75.69,2.881800000000001,0.0,8.0,4.0
1431,noxiptiline,1,C1=CC=CC2=C1C(C3=C(CC2)C=CC=C3)=NOCCN(C)C,294.398,24.83,3.115800000000002,0.0,3.0,4.0
1432,nuclotixene,1,C1=C(Cl)C=CC3=C1\C(C2=C(C=CC=C2)S3)=C\C4C5CCN(C4)CC5,353.91800000000023,3.24,5.5781000000000045,0.0,2.0,1.0
1433,ocaperidone,1,C1=CC(=CC2=C1C(=NO2)C5CCN(CCC3=C(N=C4N(C3=O)C=CC=C4C)C)CC5)F,420.48800000000017,63.64000000000001,4.013740000000003,0.0,5.0,4.0
1434,ocinaplon,1,C1=N[N]3C(=C1C(C2=NC=CC=C2)=O)N=CC=C3C4=CC=NC=C4,301.309,73.04,2.4173,0.0,5.0,3.0
1435,octamoxin,1,C(C(NN)C)CCCCC,144.262,38.05,1.8085999999999998,2.0,2.0,6.0
1436,octriptyline,1,CNCCC=C3c1ccccc1C2CC2c4ccccc34,275.395,12.03,4.312300000000003,1.0,1.0,3.0
1437,omiloxetine,1,[C@H]2([C@H](CN(CC(C1=CC=C(F)C=C1)=O)CC2)COC4=CC3=C(OCO3)C=C4)C5=CC=C(F)C=C5,465.49600000000015,48.0,5.0609000000000055,0.0,5.0,7.0
1438,oxaflozane,1,C2=C(C1CN(CCO1)C(C)C)C=CC(=C2)C(F)(F)F,273.298,12.47,3.4871000000000025,0.0,2.0,2.0
1439,oxcarbazepine,1,C1=CC=CC3=C1N(C2=C(C=CC=C2)CC3=O)C(N)=O,252.27299999999997,63.4,2.6422,1.0,2.0,0.0
1440,oxifentorex,1,C1=CC=CC=C1C[N+](C(CC2=CC=CC=C2)C)(C)[O-],255.361,23.06,3.7622000000000027,0.0,1.0,5.0
1441,oxiracetam,1,C(N1CC(O)CC1=O)C(N)=O,158.15699999999998,83.63,-1.9350999999999994,2.0,3.0,2.0
1442,oxisopred,1,[C@H]34C1[C@@H](C2(C(C(=O)CC1)C(=O)C=C2)C)C(O)CC3([C@](O)(CC4)C(OC)=O)C,376.4490000000002,100.9,1.4281000000000004,2.0,6.0,1.0
1443,oxitriptan,1,C1=C(O)C=CC2=C1C(=C[NH]2)CC(C(O)=O)N,220.22799999999998,99.33999999999999,0.8278999999999999,4.0,3.0,3.0
1444,oxitriptyline,1,CN(C)C(=O)COC2c1ccccc1CCc3ccccc23,295.382,29.540000000000003,2.979400000000002,0.0,2.0,3.0
1445,pagoclone,1,C4=C3C(N(C1=CC=C2C(=N1)N=C(Cl)C=C2)C(=O)C3=CC=C4)CC(CCC(C)C)=O,407.9010000000002,63.160000000000004,5.380100000000004,0.0,4.0,6.0
1446,panadiplon,1,C1=NC(=C3[N]1C2=C(C=CC=C2)N(C3=O)C(C)C)C4=NOC(=N4)C5CC5,335.3670000000001,78.22,3.1575000000000015,0.0,5.0,3.0
1447,panamesine,1,[C@H]5(CN3CCC(C2=CC1=C(OCO1)C=C2)(CC3)O)CN(C4=CC=C(OC)C=C4)C(O5)=O,426.46900000000016,80.70000000000002,2.7327000000000012,1.0,7.0,5.0
1448,pancopride,1,C3=C(C(NC1C2CCN(C1)CC2)=O)C(=CC(=C3Cl)N)OCC4CC4,349.86200000000014,67.59,2.535,2.0,4.0,5.0
1449,panuramine,1,C1=C4C(=CC=C1CN3CCC(NC(NC(C2=CC=CC=C2)=O)=O)CC3)C=CC=C4,387.4830000000002,61.44,3.943800000000002,2.0,3.0,4.0
1450,paraldehyde,1,CC1OC(C)OC(O1)C,132.159,27.69,1.0878,0.0,3.0,0.0
1451,paramethasone-acetate,1,[C@]34([C@H]([C@H]2[C@@H]([C@@]1(C(=CC(=O)C=C1)[C@H](C2)F)C)[C@H](C3)O)C[C@H]([C@@]4(C(COC(C)=O)=O)O)C)C,434.5040000000003,100.9,2.3224,2.0,6.0,3.0
1452,pargyline,1,C1=CC=CC=C1CN(CC#C)C,159.232,3.24,1.7515999999999998,0.0,1.0,3.0
1453,paroxetine,1,[C@@H]3([C@H](COC1=CC=C2C(=C1)OCO2)CNCC3)C4=CC=C(C=C4)F,329.3709999999999,39.72,3.326500000000002,1.0,4.0,4.0
1454,pazinaclone,1,C1=CC=CC2=C1C(N(C2=O)C3=NC4=C(C=C3)C=CC(=N4)Cl)CC(=O)N6CCC5(OCCO5)CC6,478.93600000000043,84.86000000000001,3.740300000000002,0.0,6.0,3.0
1455,penfluridol,1,C4=C(C(CCCN1CCC(CC1)(C2=CC=C(C(=C2)C(F)(F)F)Cl)O)C3=CC=C(C=C3)F)C=CC(=C4)F,523.9730000000001,23.47,7.532700000000007,1.0,2.0,7.0
1456,pentabamate,1,CC(C(C(OC(N)=O)C)C)OC(N)=O,204.22599999999997,104.63999999999999,0.5901,2.0,4.0,4.0
1457,pentamorphone,1,[C@]135[C@@]4([C@@H](CC2=C1C(=C(C=C2)O)O[C@H]3C(=O)C=C4)N(C)CC5)NCCCCC,368.47700000000026,61.800000000000004,2.3087,2.0,5.0,5.0
1458,penthrichloral,1,C(C1(COC(C(Cl)(Cl)Cl)OC1)CO)O,265.52,58.92,0.7004999999999999,2.0,4.0,2.0
1459,pentiapine,1,CN1CCN(CC1)C3=Nc2ccccc2Sc4nccn34,299.403,36.66,2.1308999999999996,0.0,5.0,0.0
1460,perafensine,1,C2=C1C(=NC(=CC1=CC=C2)N3CCNCC3)C4=CC=CC=C4,289.38199999999995,28.160000000000004,3.3114000000000017,1.0,3.0,2.0
1461,perospirone,1,[C@@H]45C(N(CCCCN3CCN(C1=NSC2=C1C=CC=C2)CC3)C([C@@H]4CCCC5)=O)=O,426.58600000000035,56.75,3.373700000000002,0.0,6.0,6.0
1462,perphenazine,1,C1=C(Cl)C=CC3=C1N(C2=C(C=CC=C2)S3)CCCN4CCN(CCO)CC4,403.9790000000003,29.950000000000003,3.942700000000003,1.0,5.0,6.0
1463,petrichloral,1,C(C(COC(C(Cl)(Cl)Cl)O)(COC(C(Cl)(Cl)Cl)O)COC(C(Cl)(Cl)Cl)O)OC(C(Cl)(Cl)Cl)O,725.6990000000001,117.84000000000002,4.793600000000005,4.0,8.0,12.0
1464,phenacemide,1,C1=CC=CC=C1CC(NC(N)=O)=O,178.19099999999997,72.19,0.4240000000000001,2.0,2.0,2.0
1465,phenazocine,1,C1=C(C=CC2=C1C3(C)C(C)C(C2)N(CC3)CCC4=CC=CC=C4)O,321.46399999999994,23.47,4.159100000000004,1.0,2.0,3.0
1466,pheneturide,1,C1=CC=CC=C1C(C(NC(N)=O)=O)CC,206.24499999999995,72.19,1.3751000000000002,2.0,2.0,3.0
1467,phenmetrazine,1,C2=C(C1C(C)NCCO1)C=CC=C2,177.24700000000004,21.259999999999998,1.736,1.0,2.0,1.0
1468,phenoxypropazine(fenoxypropazine),1,C1=C(OCC(NN)C)C=CC=C1,166.22400000000002,47.28,0.9171999999999998,2.0,3.0,4.0
1469,phensuximide,1,C1=CC=CC=C1C2C(N(C)C(C2)=O)=O,189.21399999999997,37.38,1.1589,0.0,2.0,1.0
1470,phenyl-salicylate,1,C1(=CC=CC=C1)OC2=CC=CC=C2C(=O)[O-],213.212,49.36,1.8423999999999994,0.0,3.0,3.0
1471,phenytoin,1,C1=CC=CC=C1C3(C2=CC=CC=C2)NC(=O)NC3=O,252.273,58.2,1.7695999999999994,2.0,2.0,2.0
1472,phetharbital,1,C1=CC=CC=C1N2C(C(C(NC2=O)=O)(CC)CC)=O,260.29299999999995,66.48,2.0758,1.0,3.0,3.0
1473,piberaline,1,C3=C(C(N2CCN(CC1=CC=CC=C1)CC2)=O)N=CC=C3,281.35900000000004,36.44,2.0396,0.0,3.0,3.0
1474,picenadol,1,[C@]2(C1=CC(=CC=C1)O)([C@H](CN(C)CC2)C)CCC,247.38199999999992,23.47,3.4017000000000017,1.0,2.0,3.0
1475,pidolacetamol,1,[C@H]2(C(OC1=CC=C(NC(C)=O)C=C1)=O)NC(=O)CC2,262.265,84.5,0.8289999999999994,2.0,4.0,3.0
1476,pipequaline,1,C2=C(C1=CC=CC=C1)N=C4C(=C2CCC3CCNCC3)C=CC=C4,316.448,24.92,4.834000000000003,1.0,2.0,4.0
1477,piperacetazine,1,C1=C(C(C)=O)C=CC3=C1N(C2=C(C=CC=C2)S3)CCCN4CCC(CCO)CC4,410.5830000000003,43.78,4.976400000000005,1.0,5.0,7.0
1478,piperilate(pipethanate),1,C3=C(C(C1=CC=CC=C1)(C(OCCN2CCCCC2)=O)O)C=CC=C3,339.4349999999999,49.769999999999996,2.9516000000000018,1.0,4.0,6.0
1479,pipofezine,1,C2=C(N1CCN(C)CC1)N=NC3=C2N(C4=C(O3)C=CC=C4)C,297.362,44.730000000000004,2.102,0.0,6.0,1.0
1480,pipotiazine-palmitate,1,C1=C([S](N(C)C)(=O)=O)C=CC3=C1N(C2=C(C=CC=C2)S3)CCCN4CCC(CCOC(CCCCCCCCCCCCCCC)=O)CC4,714.0949999999996,70.16,10.056299999999998,0.0,7.0,23.0
1481,piquindone,1,[C@H]12C(C3=C(C[C@@H]1CCN(C2)C)[NH]C(=C3CC)C)=O,246.35399999999996,36.1,2.19222,1.0,2.0,1.0
1482,piracetam,1,C(N1C(CCC1)=O)C(N)=O,142.15800000000002,63.4,-0.9059000000000004,1.0,2.0,2.0
1483,pirandamine,1,C1=CC=CC2=C1C3=C(C2)CCOC3(CCN(C)C)C,257.3769999999999,12.47,3.1270000000000016,0.0,2.0,3.0
1484,piriqualone,1,C1=CC=CC(=C1N2C(=NC3=C(C2=O)C=CC=C3)\C=C\C4=NC=CC=C4)C,339.3980000000001,47.78,4.259520000000003,0.0,3.0,3.0
1485,piritramide,1,C1=CC=CC=C1C(C2=CC=CC=C2)(CCN4CCC(N3CCCCC3)(C(N)=O)CC4)C#N,430.59600000000034,73.36,3.6921800000000013,1.0,4.0,7.0
1486,pirlindole,1,[N]14C3=C(C2=C1C=CC(=C2)C)CCCC3NCC4.[H+].[Cl-],262.7839999999999,16.96,0.046819999999999695,1.0,1.0,0.0
1487,pivagabine,1,C(NC(C(C)(C)C)=O)CCC(O)=O,187.23899999999995,66.4,1.0134999999999998,2.0,2.0,4.0
1488,pivoxazepam,1,C1=C(Cl)C=CC2=C1C(=NC(C(=O)N2)OC(C(C)(C)C)=O)C3=CC=CC=C3,370.83600000000007,67.75999999999999,4.044900000000002,1.0,4.0,2.0
1489,pramiracetam,1,C(N1C(CCC1)=O)C(NCCN(C(C)C)C(C)C)=O,269.389,52.650000000000006,0.8438000000000003,1.0,3.0,7.0
1490,prazitone,1,C1=CC=CC=C1C3(CC2CCCCN2)C(NC(=O)NC3=O)=O,301.346,87.29999999999998,0.8225999999999998,3.0,4.0,3.0
1491,prednicarbate,1,[C@@]4([C@@]3([C@H]([C@H]2[C@@H]([C@@]1(C(=CC(=O)C=C1)CC2)C)[C@H](C3)O)CC4)C)(C(COC(CC)=O)=O)OC(OCC)=O,488.5770000000004,116.20000000000002,3.6993000000000027,1.0,8.0,6.0
1492,prednisolamate,1,C(C(C4(C3(C(C2C(C1(C(=CC(=O)C=C1)CC2)C)C(C3)O)CC4)C)O)=O)OC(CN(CC)CC)=O,473.6100000000003,104.13999999999999,2.4503000000000004,2.0,7.0,7.0
1493,prednisolone-steaglate,1,[C@H]34[C@H]2[C@@H]([C@@]1(C(=CC(=O)C=C1)CC2)C)[C@@H](O)C[C@@]3([C@](C(COC(COC(CCCCCCCCCCCCCCCCC)=O)=O)=O)(O)CC4)C,684.9550000000003,127.2,7.913200000000011,2.0,8.0,21.0
1494,prednisolone-tebutate,1,[C@]34([C@H]([C@H]2[C@@H]([C@@]1(C(=CC(=O)C=C1)CC2)C)[C@H](C3)O)CC[C@@]4(C(COC(CC(C)(C)C)=O)=O)O)C,458.5950000000003,100.9,3.5447000000000024,2.0,6.0,4.0
1495,prednylidene,1,C(C(C3(C(CC4C2CCC1=CC(C=CC1(C)C2C(CC34C)O)=O)=C)O)=O)O,372.4610000000001,94.83,1.7237,3.0,5.0,2.0
1496,pregabalin,1,[C@@H](CC(=O)O)(CC(C)C)CN,159.22899999999996,63.31999999999999,1.0821,2.0,2.0,5.0
1497,pregnenolone-succinate,1,C(C(OC4CC3=CCC2C1C(C(CC1)C(C)=O)(CCC2C3(CC4)C)C)=O)CC(O)=O,416.5580000000003,80.67000000000002,4.9310000000000045,1.0,4.0,5.0
1498,pridefine,1,[H+].C3=C(C(=C1CCN(C1)CC)C2=CC=CC=C2)C=CC=C3.[Cl-],299.845,3.24,1.3305999999999998,0.0,1.0,3.0
1499,procarbazine,1,C1=CC(=CC=C1C(NC(C)C)=O)CNNC,221.30399999999997,53.160000000000004,1.0488,3.0,3.0,5.0
1500,procymate,1,C(C(C1CCCCC1)OC(N)=O)C,185.267,52.32,2.4406000000000008,1.0,2.0,3.0
1501,proflazepam,1,C1=C(Cl)C=CC2=C1C(=NCC(N2CC(CO)O)=O)C3=CC=CC=C3F,362.788,73.13,2.0162999999999998,2.0,4.0,4.0
1502,progabide,1,C2=C(\C(NCCCC(=O)N)=C/1C=C(F)C=CC1=O)C=CC(=C2)Cl,334.778,72.19,2.898500000000001,2.0,3.0,6.0
1503,prolintane,1,C1=CC=CC=C1CC(N2CCCC2)CCC,217.3559999999999,3.24,3.4936000000000025,0.0,1.0,5.0
1504,promoxolane,1,C(C1OC(C(C)C)(C(C)C)OC1)O,188.26699999999997,38.69,1.4023999999999999,1.0,3.0,3.0
1505,propacetamol,1,C1=CC(=CC=C1OC(CN(CC)CC)=O)NC(C)=O,264.32499999999993,58.64,1.8921999999999999,1.0,4.0,6.0
1506,propanidid,1,[CH2-][CH-]C,42.080999999999996,0.0,1.04468,0.0,0.0,0.0
1507,propizepine,1,C1=CC=CC2=C1N(C(C3=C(N2)N=CC=C3)=O)CC(N(C)C)C,296.3740000000001,48.470000000000006,2.735500000000001,1.0,4.0,3.0
1508,propofol,1,C1=CC=C(C(=C1C(C)C)O)C(C)C,178.27499999999998,20.23,3.639000000000002,1.0,1.0,2.0
1509,propyperone,1,C1=CC(=CC=C1C(CCCN3CCC(N2CCCCC2)(CC3)C(CC)=O)=O)F,388.52700000000016,40.620000000000005,4.088200000000003,0.0,4.0,8.0
1510,prothixene,1,C1=CC=CC3=C1C(C2=C(C=CC=C2)S3)=CCCN(C)C,281.42400000000004,3.24,4.534600000000004,0.0,2.0,3.0
1511,proxibarbal,1,C(C1(C(NC(=O)NC1=O)=O)CC=C)C(C)O,226.23199999999997,95.50000000000001,-0.3142000000000002,3.0,4.0,4.0
1512,proxorphan,1,Oc5ccc4CC2C1CCOCC1(CCN2CC3CC3)c4c5,299.41400000000004,32.7,2.706900000000001,1.0,3.0,2.0
1513,proxyphylline,1,C1=NC2=C([N]1CC(C)O)C(N(C)C(N2C)=O)=O,238.24699999999996,82.04999999999998,-1.1855,1.0,4.0,2.0
1514,psilocybine,1,C1=CC=C(C2=C1[NH]C=C2CCN(C)C)O[P](O)(O)=O,284.25199999999995,85.78999999999999,1.7435,3.0,3.0,5.0
1515,pyridarone,1,C2=C(C1=CC=NC=C1)OC3=C2C=CC=C3,195.221,26.03,3.4948000000000015,0.0,2.0,1.0
1516,pyritinol,1,C1=C(C(=C(C(=N1)C)O)CO)CSSCC2=CN=C(C(=C2CO)O)C,368.48000000000013,106.70000000000002,2.5708400000000013,4.0,8.0,7.0
1517,quetiapine,1,C1=CC=CC3=C1C(=NC2=CC=CC=C2S3)N4CCN(CCOCCO)CC4,383.5170000000003,48.3,2.8560000000000008,1.0,6.0,5.0
1518,quilostigmine,1,[C@@]45(C1=C(C=CC(=C1)OC(N3CC2=CC=CC=C2CC3)=O)N([C@H]4N(C)CC5)C)C,377.48800000000017,36.02,3.6128000000000027,0.0,4.0,1.0
1519,quinagolide,1,C1=CC=C(C2=C1CC3C(C2)CC(N[S](N(CC)CC)(=O)=O)CN3CCC)O,395.56900000000024,72.88000000000001,2.1361000000000003,2.0,4.0,7.0
1520,ramciclane,1,C1=CC=CC=C1CC2(C3(C(C)(C)C(C2)CC3)C)OCCN(C)C,315.50100000000003,12.47,4.392300000000004,0.0,2.0,6.0
1521,rasagiline,1,[C@@H]1(C2=C(CC1)C=CC=C2)NCC#C,171.24299999999997,12.03,1.8967,1.0,1.0,2.0
1522,reclazepam,1,C1=CC(=CC3=C1N(C2=NC(=O)CO2)CCN=C3C4=CC=CC=C4Cl)Cl,374.227,54.260000000000005,3.5636000000000028,0.0,4.0,1.0
1523,remacemide,1,C1=CC=CC=C1C(CC2=CC=CC=C2)(NC(CN)=O)C,268.36,55.12,2.2193999999999994,2.0,2.0,5.0
1524,remifentanil,1,C1=CC=CC=C1N(C2(CCN(CCC(OC)=O)CC2)C(OC)=O)C(CC)=O,376.4530000000002,76.15,2.0002999999999997,0.0,6.0,7.0
1525,resocortol,1,CCC(=O)C1(O)CCC2C3CCC4=CC(=O)CCC4(C)C3C(O)CC21C,360.4940000000001,74.6,3.199300000000002,2.0,4.0,2.0
1526,retigabine,1,C1=CC(=CC(=C1NC(OCC)=O)N)NCC2=CC=C(C=C2)F,303.337,76.38,3.588400000000001,3.0,4.0,5.0
1527,ricasetron,1,C3(NC(N1C2=C(C(C)(C)C1)C=CC=C2)=O)C[C@@H]4N(C)[C@H](C3)CC4,313.4450000000001,35.580000000000005,3.1190000000000015,1.0,2.0,1.0
1528,rilmazafone,1,C2=C([N]1C(=NC(=N1)C(N(C)C)=O)CNC(CN)=O)C(=CC(=C2)Cl)C(C3=C(C=CC=C3)Cl)=O,475.3360000000001,123.21000000000001,2.0818000000000003,2.0,6.0,7.0
1529,rimcazole,1,CC4CN(CCCn2c1ccccc1c3ccccc23)CC(C)N4,321.46800000000013,20.2,3.866800000000003,1.0,2.0,4.0
1530,rimexolone,1,[C@H]12[C@@]([C@](C(CC)=O)(C)[C@@H](C1)C)(C[C@H](O)[C@H]3[C@H]2CCC4=CC(=O)C=C[C@]34C)C,370.5330000000001,54.37,4.496500000000005,1.0,3.0,2.0
1531,ripazepam,1,C1=CC=CC=C1C2=NCC(NC3=C2[N](N=C3C)CC)=O,268.32,59.28,2.00092,1.0,3.0,2.0
1532,rivastigmine,1,[C@H](C1=CC(=CC=C1)OC(N(CC)C)=O)(N(C)C)C,250.34199999999996,32.78,2.7597000000000014,0.0,3.0,4.0
1533,robalzotan,1,[C@@H]3(N(C1CCC1)C2CCC2)CC4=C(OC3)C(=CC=C4C(=O)N)F,318.392,55.56,2.6351000000000004,1.0,3.0,4.0
1534,rociclovir,1,C1=NC2=C([N]1COC(COC(C)C)COC(C)C)N=C(N)N=C2,323.397,97.31,1.6011999999999995,1.0,7.0,9.0
1535,rofelodine,1,C3=C(C2CN1C(CCN=C1C2)=O)C=CC=C3,214.268,32.67,1.8047,0.0,2.0,1.0
1536,rofleponide,1,[C@H]23[C@@]([C@@]1(O[C@@H](O[C@@H]1C2)CCC)C(=O)CO)(C[C@H](O)[C@@]4(F)[C@H]3C[C@H](F)C5=CC(=O)CC[C@]45C)C,468.53700000000026,93.06,2.980900000000001,2.0,6.0,4.0
1537,rolicyprine,1,C3=C(C2C(NC(=O)C1NC(CC1)=O)C2)C=CC=C3,244.29399999999995,58.2,0.9372999999999991,2.0,2.0,3.0
1538,rolipram,1,C1=C(C(=CC=C1C2CNC(C2)=O)OC)OC3CCCC3,275.348,47.56,2.6201000000000008,1.0,3.0,4.0
1539,romergoline,1,[C@@H]25C(=C[C@@H](CN1CC(NC(C1)=O)=O)CN2C)C3=CC=CC4=C3C(=C[NH]4)C5,350.4220000000001,68.44,0.9960000000000007,2.0,4.0,2.0
1540,romifidine,1,C1=C(C(=C(C=C1)Br)NC2=NCCN2)F,258.094,36.42,1.9592999999999998,2.0,3.0,1.0
1541,ropinirole,1,C2=C(C1=C(NC(C1)=O)C=C2)CCN(CCC)CCC,260.3809999999999,32.34,2.845700000000001,1.0,2.0,7.0
1542,roxoperone,1,C1=CC(=CC=C1C(CCCN3CCC2(C(N(C)C(C2)=O)=O)CC3)=O)F,346.40200000000004,57.690000000000005,2.2595,0.0,4.0,5.0
1543,sabcomeline,1,CON=C(C#N)C1CN2CCC1CC2,193.24999999999994,48.62,0.8541800000000002,0.0,4.0,2.0
1544,salicin,1,[C@@H]2(OC1=C(C=CC=C1)CO)O[C@@H]([C@@H](O)[C@@H]([C@H]2O)O)CO,286.28000000000003,119.61000000000001,-1.6424,5.0,7.0,4.0
1545,salicylamide,1,C(C1=CC=CC=C1O)(=O)N,137.13799999999998,63.31999999999999,0.4910999999999999,2.0,2.0,1.0
1546,salsalate(salsalic-acid),1,C1=CC=CC(=C1OC(C2=C(C=CC=C2)O)=O)C(O)=O,258.22900000000004,83.83000000000001,2.3096,2.0,4.0,3.0
1547,sameridine,1,C1=CC=CC=C1C2(C(N(CC)C)=O)CCN(CCCCCC)CC2,330.51600000000013,23.550000000000004,4.078800000000004,0.0,2.0,8.0
1548,saripidem,1,C3=C(C1=C([N]2C(=N1)C=CC=C2)CN(C(CCC)=O)C)C=CC(=C3)Cl,341.842,37.61,4.413200000000004,0.0,2.0,5.0
1549,savoxepin,1,N#Cc5ccc4Oc1ccccc1C2=C(CCN(CC2)CC3CCCC3)c4c5,370.4960000000002,36.26,5.860780000000005,0.0,3.0,2.0
1550,selegiline,1,[C@@H](CC1=CC=CC=C1)(N(CC#C)C)C,187.28599999999997,3.24,2.1826,0.0,1.0,4.0
1551,semorphone,1,[C@@]125C3=C4C[C@H]([C@@]1(CCC([C@@H]2OC3=C(C=C4)O)=O)O)N(CCOC)CC5,345.3950000000002,79.23,0.7617999999999999,2.0,6.0,3.0
1552,sertindole,1,C2=C(C1=C(C=CC(=C1)Cl)[N]2C3=CC=C(C=C3)F)C5CCN(CCN4C(NCC4)=O)CC5,440.9500000000004,40.51,4.627600000000005,1.0,2.0,5.0
1553,setiptiline,1,C1=CC=CC3=C1C4=C(C2=C(C=CC=C2)C3)CN(C)CC4,261.368,3.24,3.837100000000003,0.0,1.0,0.0
1554,sibopirdine,1,C1=CC=NC2=C1C(C3=C2N=CC=C3)(CC4=CC=NC=C4)CC5=CN=CC=C5.O,368.4400000000001,83.06,3.1938000000000013,0.0,4.0,4.0
1555,sibutramine,1,C1=CC(=CC=C1C2(C(CC(C)C)N(C)C)CCC2)Cl,279.8549999999999,3.24,4.738000000000005,0.0,1.0,5.0
1556,sifaprazine,1,C1=CC=CC(=C1N2CCN(C)CC2)CC3=CC=CC=C3,266.388,6.48,3.0292000000000012,0.0,2.0,3.0
1557,simvastatin,1,[C@H]12[C@@H](OC(C(CC)(C)C)=O)C[C@@H](C)C=C1C=C[C@@H]([C@@H]2CC[C@@H]3C[C@H](CC(O3)=O)O)C,418.5740000000003,72.83,4.585600000000006,1.0,5.0,6.0
1558,soretolide,1,C1=CC=C(C(=C1C)C(NC2=NOC(=C2)C)=O)C,230.26699999999997,55.13,2.8521600000000014,1.0,3.0,2.0
1559,spiperone,1,C1=CC=CC=C1N2C4(C(NC2)=O)CCN(CCCC(C3=CC=C(F)C=C3)=O)CC4,395.4780000000001,52.650000000000006,3.217100000000001,1.0,4.0,6.0
1560,spiradoline,1,[C@]24(C[C@@H]([C@@H](N(C(CC1=CC(=C(Cl)C=C1)Cl)=O)C)CC2)N3CCCC3)CCCO4,425.40000000000043,32.78,4.560400000000004,0.0,3.0,4.0
1561,spiramide,1,C4=C(N1C3(C(NC1)=O)CCN(CCCOC2=CC=C(C=C2)F)CC3)C=CC=C4,383.4670000000001,44.81,3.023100000000002,1.0,4.0,6.0
1562,spirilene,1,C1=CC=CC=C1N2C4(C(NC2)=O)CCN(CC\C=C(C3=CC=C(F)C=C3)\C)CC4,393.5060000000001,35.580000000000005,4.047600000000004,1.0,3.0,5.0
1563,spiroxepin,1,C1=CC=CC2=C1C4(C3=C(OC2)C=CC=C3)OC(CN(C)C)CO4,311.3810000000001,30.930000000000003,2.7571000000000003,0.0,4.0,2.0
1564,stacofylline,1,C(C1=NC2=C([N]1C)C(N(C)C(N2C)=O)=O)CCN3CCN(C(N(CC)CC)=O)CC3,419.5300000000003,88.60999999999999,-0.017299999999997207,0.0,5.0,6.0
1565,stiripentol,1,C1=C2C(=CC=C1\C=C\C(C(C)(C)C)O)OCO2,234.29499999999996,38.69,2.8355000000000006,1.0,3.0,2.0
1566,suclofenide,1,C3=C(N2C(C(C1=CC=CC=C1)CC2=O)=O)C(=CC(=C3)[S](N)(=O)=O)Cl,364.81000000000006,97.53999999999999,2.0345,1.0,4.0,3.0
1567,sulfamethoxazole(tiabendazole),1,C1=CC(=CC=C1[S](NC2=NOC(=C2)C)(=O)=O)N,253.283,98.22,1.3660199999999996,2.0,5.0,3.0
1568,sulfonmethane,1,C([S](C(C)(C)[S](=O)(=O)CC)(=O)=O)C,228.33499999999995,68.28,0.5918999999999999,0.0,4.0,4.0
1569,sulmepride,1,C1=C(C(=CC=C1[S](N)(=O)=O)OC)C(NCC2N(CCC2)C)=O,327.4060000000002,101.72999999999999,0.16660000000000008,2.0,5.0,5.0
1570,sulthiame(sultiame),1,C1=CC(=CC=C1N2[S](CCCC2)(=O)=O)[S](N)(=O)=O,290.366,97.53999999999999,0.26400000000000035,1.0,4.0,2.0
1571,sultopride,1,C1=C([S](CC)(=O)=O)C=CC(=C1C(NCC2N(CCC2)CC)=O)OC,354.4720000000002,75.71000000000001,1.7028999999999994,1.0,5.0,7.0
1572,sumacetamol,1,[C@H](C(=O)OC1=CC=C(C=C1)NC(=O)C)(NC(=O)C)CCSC,324.4020000000001,84.5,1.8081999999999998,2.0,5.0,7.0
1573,sunepitron,1,O=C1CCC(=O)N1CC1CCC2CN(CCN2C1)c1ncccn1,329.404,69.64000000000001,0.5262000000000009,0.0,6.0,3.0
1574,suproclone,1,C4=C(N2C(C1=C(SCCS1)C2=O)OC(N3CCN(C(CC)=O)CC3)=O)N=C5C(=C4)C=CC(=N5)Cl,520.0360000000004,95.94,3.338300000000002,0.0,8.0,3.0
1575,suriclone,1,C4=C(N2C(C1=C(SCCS1)C2=O)OC(N3CCN(C)CC3)=O)N=C5C(=C4)C=CC(=N5)Cl,477.99900000000025,78.87,3.031500000000001,0.0,8.0,2.0
1576,suritozole,1,C1=C(C=CC=C1C2=NN(C)C(N2C)=S)F,223.276,22.75,2.2941899999999995,0.0,2.0,1.0
1577,taglutimide(biglumide),1,O=C3C1C(C2CCC1C2)C(=O)N3C4C(NC(=O)CC4)=O,276.29200000000003,83.55000000000001,-0.17730000000000024,1.0,4.0,1.0
1578,talopram,1,C1=CC=CC3=C1C(C2=CC=CC=C2)(OC3(C)C)CCCNC,295.426,21.259999999999998,4.195100000000003,1.0,2.0,5.0
1579,talsupram,1,C1=CC=CC3=C1C(C2=CC=CC=C2)(SC3(C)C)CCCNC,311.4940000000001,12.03,4.911700000000004,1.0,2.0,5.0
1580,taltrimide,1,C1=CC=CC2=C1C(N(CC[S](NC(C)C)(=O)=O)C2=O)=O,296.34800000000007,83.55000000000001,0.6104000000000003,1.0,4.0,5.0
1581,tameridone,1,C1=NC5=C([N]1CCN4CCC(C2=C[NH]C3=C2C=CC=C3)CC4)C(N(C)C(N5C)=O)=O,406.49000000000024,80.85,1.7945999999999998,1.0,4.0,4.0
1582,tametraline,1,CNC2CCC(c1ccccc1)c3ccccc23,237.346,12.03,3.8728000000000034,1.0,1.0,2.0
1583,tamitinol,1,C1=C(C(=C(O)C(=N1)C)CNCC)CSC,226.34499999999997,45.150000000000006,2.06812,2.0,4.0,5.0
1584,tamolarizine,1,C4=C(C(N2CCN(CC(C1=CC=C(C(=C1)OC)OC)O)CC2)C3=CC=CC=C3)C=CC=C4,432.56400000000014,45.17,4.144400000000004,1.0,5.0,8.0
1585,tampramine,1,CN(C)CCCN2c1ccccc1C(=Nc3cccnc23)c4ccccc4,356.47300000000007,31.73,4.653900000000004,0.0,4.0,5.0
1586,tandamine,1,C1=CC=CC2=C1C3=C([N]2CC)C(SCC3)(CCN(C)C)C,302.487,8.17,4.117400000000003,0.0,2.0,4.0
1587,tandospirone,1,[C@H]13[C@H]([C@H]2C[C@@H]1CC2)C(=O)N(C3=O)CCCCN4CCN(CC4)C5=NC=CC=N5.C(C(O)(C(=O)O)CC(=O)O)C(=O)O,575.6190000000004,201.77,0.1614000000000041,4.0,10.0,11.0
1588,taniplon,1,C2=C(C1=NOC(=N1)C)N=C3[N]2C4=C(C(=N3)OC)CCCC4,285.3070000000001,78.34,1.97512,0.0,6.0,2.0
1589,tasosartan,1,C3=C(CN2C1=NC(=NC(=C1CCC2=O)C)C)C=CC(=C3)C4=CC=CC=C4C5=N[NH]N=N5,411.46900000000005,100.55000000000001,3.4199400000000013,1.0,6.0,4.0
1590,tazomeline,1,C(SC1=NSN=C1C2=CCCN(C2)C)CCCCC,297.49300000000005,29.020000000000003,3.929400000000003,0.0,5.0,7.0
1591,tefludazine,1,[C@@H]2(C3=C([C@H](C1=CC=C(C=C1)F)C2)C=CC(=C3)C(F)(F)F)N4CCN(CCO)CC4,408.4390000000002,26.71,4.031100000000004,1.0,3.0,4.0
1592,teflutixol,1,C1=C(C(F)(F)F)C=CC3=C1C(C2=C(C=C(F)C=C2)S3)CCCN4CCN(CCO)CC4,454.5330000000004,26.71,4.831100000000006,1.0,4.0,6.0
1593,tenilsetam,1,C2=C(C1C(NCCN1)=O)SC=C2,182.24800000000002,41.129999999999995,0.5085999999999997,2.0,3.0,1.0
1594,tepirindole,1,C3=C(C1=CCN(CCC)CC1)C2=CC(=CC=C2[NH]3)Cl,274.795,19.03,4.320400000000003,1.0,1.0,3.0
1595,terguride,1,[C@@H]34C1=CC=CC2=C1C(=C[NH]2)C[C@H]3N(C[C@H](C4)NC(N(CC)CC)=O)C,340.4710000000002,51.370000000000005,2.931700000000002,2.0,2.0,3.0
1596,tetrabarbital,1,C(C1(C(CCC)CC)C(NC(=O)NC1=O)=O)C,240.303,75.27000000000001,1.5751,2.0,3.0,5.0
1597,tetrabenazine(tetrabenzine),1,C1=C(OC)C(=CC3=C1C2N(CC(CC(C)C)C(C2)=O)CC3)OC,317.4290000000001,38.769999999999996,3.238100000000002,0.0,4.0,4.0
1598,tetrantoin,1,C1=CC=CC2=C1CC3(CC2)NC(=O)NC3=O,216.24,58.2,0.7534999999999998,2.0,2.0,0.0
1599,thalidomide,1,C1=CC=CC3=C1C(N(C2C(NC(=O)CC2)=O)C3=O)=O,258.23299999999995,83.55000000000001,0.08779999999999971,1.0,4.0,1.0
1600,thebacon,1,C1=CC(=C4C2=C1CC5C3C2(C(C(=CC3)OC(C)=O)O4)CCN5C)OC,341.4070000000001,48.0,2.421100000000001,0.0,5.0,2.0
1601,thialbarbital,1,C(C2(C1CCCC=C1)C(NC(=S)NC2=O)=O)C=C,264.35,58.199999999999996,1.4361,2.0,3.0,3.0
1602,thiamylal,1,C(C1(C(NC(=S)NC1=O)=O)C(CCC)C)C=C,254.35499999999996,58.199999999999996,1.5159999999999996,2.0,3.0,5.0
1603,thiazesim(tiazesim),1,C1=CC=CC2=C1N(C(CC(S2)C3=CC=CC=C3)=O)CCN(C)C,326.46500000000015,23.550000000000004,3.8183000000000034,0.0,3.0,4.0
1604,thiopropazate,1,C1=C(Cl)C=CC3=C1N(C2=C(C=CC=C2)S3)CCCN4CCN(CCOC(C)=O)CC4,446.0160000000004,36.02,4.513500000000004,0.0,6.0,7.0
1605,thioproperazine,1,C1=CC=CC2=C1N(C3=C(S2)C=CC(=C3)[S](N(C)C)(=O)=O)CCCN4CCN(CC4)C,446.6420000000004,47.10000000000001,3.177100000000002,0.0,6.0,6.0
1606,thozalinone(tozalinone),1,C1=CC=CC=C1C2OC(=NC2=O)N(C)C,204.22899999999996,41.9,1.2021,0.0,3.0,1.0
1607,tiagabine,1,[C@@H]3(CN(CCC=C(C1=C(C=CS1)C)C2=C(C=CS2)C)CCC3)C(O)=O,375.5590000000002,40.54,5.044840000000004,1.0,4.0,6.0
1608,tianeptine,1,C1=CC(=CC2=C1C(C3=C(N(C)[S]2(=O)=O)C=CC=C3)NCCCCCCC(O)=O)Cl,436.96100000000024,86.71000000000001,4.192600000000003,2.0,4.0,8.0
1609,tienocarbine,1,C1=C4C(=C2C(=C1)SC=C2C)C3=C(CCN(C3)C)[NH]4,256.3739999999999,19.03,3.6789200000000024,1.0,2.0,0.0
1610,tifemoxone,1,C2=C(OCC1OC(NCC1)=S)C=CC=C2,223.297,30.490000000000002,1.7288,1.0,3.0,3.0
1611,tilidine,1,[H+].C2=C(C1(C(N(C)C)C=CCC1)C(OCC)=O)C=CC=C2.[Cl-],309.8369999999999,29.54,-0.11579999999999835,0.0,3.0,4.0
1612,timelotem,1,C1=C(F)C=CC2=C1N4C(CN=C2C3=CC=CS3)CN(C)CC4,315.41700000000014,18.84,2.858600000000001,0.0,4.0,1.0
1613,timiperone,1,C1=CC=CC4=C1N(C3CCN(CCCC(C2=CC=C(F)C=C2)=O)CC3)C(N4)=S,397.5190000000001,41.03,5.137990000000005,1.0,3.0,6.0
1614,timirdine,1,C2=C(N1C(SCC1)=N)C(=CC(=C2)Cl)N,227.72000000000003,53.11,2.41017,2.0,3.0,1.0
1615,timobesone-acetate,1,[C@H]12[C@@](C(OC(=O)C)([C@H](C1)C)C(SC)=O)(C[C@H](O)C3(F)[C@H]2CCC4=CC(=O)C=C[C@]34C)C,450.57200000000023,80.67000000000002,3.7947000000000024,1.0,6.0,2.0
1616,tinidazole,1,C1=C([N](CC[S](CC)(=O)=O)C(=N1)C)[N+](=O)[O-],247.27599999999998,95.1,0.5344200000000003,0.0,5.0,5.0
1617,tiomergine,1,C5=C2C1=C([NH]C=C1CC4C2=CC(CSC3=NC=CC=C3)CN4C)C=C5,347.4870000000001,31.92,4.224900000000003,1.0,3.0,3.0
1618,tioperidone,1,C4=C(N3CCN(CCCCN2C(C1=C(C=CC=C1)NC2=O)=O)CC3)C(=CC=C4)SCCC,452.62400000000036,61.339999999999996,3.7943000000000033,1.0,5.0,9.0
1619,tiospirone,1,C2=C1C(=NSC1=CC=C2)N5CCN(CCCCN3C(CC4(CC3=O)CCCC4)=O)CC5,440.6130000000004,56.75000000000001,3.9079000000000033,0.0,6.0,6.0
1620,tipredane,1,[C@]23([C@H]([C@H]1[C@]([C@@](SCC)(SC)CC1)(C)C[C@@H]2O)CCC4=CC(=O)C=C[C@]34C)F,410.6200000000002,37.3,5.169600000000005,1.0,4.0,3.0
1621,tisocromide,1,C1=C(OC)C(=CC2=C1[S](OC(C2)C(NC(CC(N(C)C)(C)C)C)=O)(=O)=O)OC,414.52400000000017,94.17,1.5688000000000004,1.0,7.0,7.0
1622,tixadil,1,C1=CC=CC=C1CC(C)NCCC3C2=C(C=CC=C2)SC4=C3C=CC=C4,359.53800000000007,12.03,5.8940000000000055,1.0,2.0,6.0
1623,tixocortol,1,[C@H]34[C@H]2[C@@H]([C@@]1(C(=CC(=O)CC1)CC2)C)[C@@H](O)C[C@@]3([C@](C(CS)=O)(O)CC4)C,378.5340000000001,74.6,2.719100000000001,3.0,5.0,2.0
1624,tixocortol-pivalate,1,[C@@H]23[C@H]([C@H]1[C@]([C@](C(CSC(C(C)(C)C)=O)=O)(O)CC1)(C)C[C@@H]2O)CCC4=CC(=O)CC[C@]34C,462.6520000000004,91.67000000000002,4.095200000000004,2.0,6.0,3.0
1625,tofenacin,1,C2=C(C(C1=CC=CC=C1)OCCNC)C(=CC=C2)C,255.36099999999996,21.259999999999998,3.3204200000000013,1.0,2.0,6.0
1626,tofisopam,1,C1=C(OC)C(=CC2=C1C(=NN=C(C2CC)C)C3=CC=C(C(=C3)OC)OC)OC,382.46000000000015,61.640000000000015,4.441500000000003,0.0,6.0,6.0
1627,toloxychlorinol,1,C1=CC=CC(=C1OCC(COC(C(Cl)(Cl)Cl)O)OC(C(Cl)(Cl)Cl)O)C,476.995,68.15,4.152820000000002,2.0,5.0,8.0
1628,tolpiprazole,1,C1=C(C=CC=C1N3CCN(CCC2=N[NH]C(=C2)C)CC3)C,284.40700000000004,35.16,2.3912400000000007,1.0,3.0,4.0
1629,tolquinzole,1,C1=C(C)C=CC2=C1C3N(CC2)CCC(C3)(CC)O,245.3659999999999,23.47,2.829120000000002,1.0,2.0,1.0
1630,tolufazepam,1,C1=C(Cl)C=CC2=C1C(=NCC(N2CC[S](C3=CC=C(C)C=C3)(=O)=O)=O)C4=CC=CC=C4Cl,487.40800000000013,66.81,4.959720000000004,0.0,4.0,5.0
1631,tonazocine,1,[C@]1([C@]2(C3=C(C[C@@H]1N(CC2)C)C=CC(=C3)O)C)(CCC(=O)CCCCC)C,357.53800000000024,40.54,4.8460000000000045,1.0,3.0,7.0
1632,topiramate,1,[C@@]23([C@H]([C@H]1[C@H](OC(O1)(C)C)CO2)OC(O3)(C)C)CO[S](N)(=O)=O,339.36600000000004,115.53999999999999,-0.39539999999999814,1.0,8.0,3.0
1633,tracazolate,1,C1=N[N](C2=C1C(=C(C(=N2)C)C(OCC)=O)NCCCC)CC,304.39400000000006,69.03999999999999,3.148320000000002,1.0,5.0,7.0
1634,tralonide,1,[C@]12(OC(O[C@@H]1CC3C2(C[C@H](Cl)[C@@]4(Cl)C3C[C@H](F)C5=CC(=O)C=CC45C)C)(C)C)C(=O)CF,489.38600000000025,52.6,4.859800000000004,0.0,4.0,2.0
1635,tramadol,1,[C@H]1([C@](O)(CCCC1)C2=CC(=CC=C2)OC)CN(C)C.[H+].[Cl-],299.842,32.7,-0.2488999999999988,1.0,3.0,4.0
1636,trebenzomine,1,C1=CC=CC2=C1CC(N(C)C)C(O2)C,191.274,12.47,1.9402,0.0,2.0,1.0
1637,trefentanil,1,[H+].C4=C(C2(N(C1=C(F)C=CC=C1)C(=O)CC)CCN(CC2)CCN3N=NN(C3=O)CC)C=CC=C4.[Cl-],503.0220000000003,76.26,0.14980000000000215,0.0,5.0,8.0
1638,triamcinolone-benetonide,1,[C@@]45([C@@]3([C@H]([C@H]2[C@]([C@@]1(C(=CC(=O)C=C1)CC2)C)(F)[C@H](C3)O)C[C@H]4OC(O5)(C)C)C)C(COC(C(CNC(C6=CC=CC=C6)=O)C)=O)=O,623.7180000000004,128.23,4.035800000000003,2.0,8.0,7.0
1639,triamcinolone-furetonide,1,[C@@]45([C@@]3([C@H]([C@H]2[C@]([C@@]1(C(=CC(=O)C=C1)CC2)C)(F)[C@H](C3)O)C[C@H]4OC(O5)(C)C)C)C(COC(C6=CC7=C(O6)C=CC=C7)=O)=O,578.6330000000005,112.27000000000001,5.029700000000005,1.0,8.0,4.0
1640,tribromoethanol,1,BrCC(O)(Br)Br,282.75699999999995,20.23,1.8172000000000001,1.0,1.0,1.0
1641,tricetamide,1,C1=C(C(=C(C=C1C(NCC(N(CC)CC)=O)=O)OC)OC)OC,324.37700000000007,77.10000000000001,1.3105999999999995,1.0,5.0,8.0
1642,triclodazol,1,C3=C(C2(C1=CC=CC=C1)C(N(C(C(Cl)(Cl)Cl)O)CN2)=O)C=CC=C3,385.67800000000005,52.57,3.0081000000000007,2.0,3.0,3.0
1643,triclofos,1,O=[P](O)(OCC(Cl)(Cl)Cl)O,229.383,66.76,1.4659,2.0,2.0,2.0
1644,triclonide,1,[C@H]23C([C@@]1(OC(O[C@@H]1C2)(C)C)C(=O)CCl)(C[C@H](Cl)[C@@]4(Cl)C3C[C@H](F)C5=CC(=O)C=CC45C)C,505.84100000000024,52.6,5.1291000000000055,0.0,4.0,2.0
1645,trimetrexate,1,C1=C3C(=C(C(=C1)CNC2=CC(=C(C(=C2)OC)OC)OC)C)C(=NC(=N3)N)N,369.42500000000007,117.53999999999999,2.740519999999999,3.0,8.0,6.0
1646,trizoxime,1,C3=C2N(CC1=CC=CC=C1)C(=O)\C(NNC2=CC=C3)=C(\N)N=O,309.32900000000006,99.82,2.0441,3.0,6.0,3.0
1647,trocimine,1,C2=C(C(N1CCCCCCC1)=O)C=C(OC)C(=C2OC)OC,307.39000000000004,48.0,3.1187000000000014,0.0,4.0,4.0
1648,tryptophan(l-tryptophan),1,N[C@@H](CC1=C[NH]C2=CC=CC=C12)C(=O)O,204.22899999999998,79.11,1.1223000000000003,3.0,2.0,3.0
1649,uldazepam,1,C1=C(Cl)C=CC2=C1C(=NCC(=N2)NOCC=C)C3=CC=CC=C3Cl,360.244,45.980000000000004,4.581600000000003,1.0,4.0,4.0
1650,umespirone,1,C4=C(N3CCN(CCCCN1C(C2C(C(C1=O)C(=O)N(C2=O)CCCC)(C)C)=O)CC3)C(=CC=C4)OC,512.6510000000004,90.47000000000001,2.393700000000001,0.0,7.0,10.0
1651,urethane,1,NC(=O)OCC,89.09400000000001,52.32000000000001,0.10160000000000013,1.0,2.0,1.0
1652,valaciclovir,1,[C@@H](N)(C(OCCOC[N]1C2=C(N=C1)C(=O)N=C(N2)N)=O)C(C)C,324.3410000000001,151.14000000000001,-0.797599999999999,3.0,8.0,7.0
1653,valdipromide,1,C(C(C(N)=O)(CCC)CCC)CC,185.31099999999995,43.09,2.8584000000000014,1.0,1.0,7.0
1654,valganciclovir(RS790702),1,[C@@H](N)(C(OCC(OC[N]1C2=C(N=C1)C(=O)N=C(N2)N)CO)=O)C(C)C,354.36700000000013,171.37,-1.4366999999999985,4.0,9.0,8.0
1655,valproatepivoxil,1,C(C(C(OCOC(C(C)(C)C)=O)=O)CCC)CC,258.3579999999999,52.6,3.2928000000000024,0.0,4.0,7.0
1656,valtrate,1,[C@@]13([C@@H]2C(=C[C@@H]1OC(CC(C)C)=O)C(=CO[C@H]2OC(CC(C)C)=O)COC(C)=O)CO3,422.4740000000003,100.66,2.6621000000000006,0.0,8.0,8.0
1657,velnacrine,1,C1=CC=CC2=C1C(=C3C(=N2)CCCC3O)N,214.26799999999997,59.14,2.1866999999999996,2.0,3.0,0.0
1658,venlafaxine,1,C1=CC(=CC=C1C(C2(CCCCC2)O)CN(C)C)OC,277.40799999999996,32.7,3.0356000000000005,1.0,3.0,5.0
1659,veralipride,1,C1=C([S](N)(=O)=O)C=C(C(=C1C(NCC2N(CCC2)CC=C)=O)OC)OC,383.4700000000002,110.96000000000001,0.7314000000000005,2.0,6.0,8.0
1660,vigabatrin,1,C(C(C=C)N)CC(O)=O,129.159,63.32,0.3645000000000001,2.0,2.0,4.0
1661,viloxazine,1,C1=CC=CC(=C1OCC2CNCCO2)OCC,237.29899999999995,39.72,1.4524999999999997,1.0,4.0,5.0
1662,vinyl-ether,1,C(=C)OC=C,70.09100000000001,9.23,1.29,0.0,1.0,2.0
1663,vitamine(alpha-tocopherol),1,[C@]2(OC1=C(C(=C(C(=C1CC2)C)O)C)C)(CCC[C@@H](CCC[C@@H](CCCC(C)C)C)C)C,430.7170000000003,29.46,8.840260000000002,1.0,2.0,12.0
1664,xaliproden,1,C1=C(C(F)(F)F)C=CC=C1C2=CCN(CC2)CCC4=CC3=CC=CC=C3C=C4,381.44100000000003,3.24,6.190400000000006,0.0,1.0,4.0
1665,xanthiol,1,OCCCN4CCN(CCCC2c1ccccc1Sc3ccc(Cl)cc23)CC4,417.0180000000002,26.71,4.716700000000004,1.0,4.0,7.0
1666,xorphanol,1,[C@]135[C@H]([C@H](N(CC1)CC2CCC2)CC4=C3C=C(O)C=C4)[C@H](CC(C5)=C)C,337.5070000000001,23.47,4.662800000000004,1.0,2.0,2.0
1667,xylazine,1,C1=C(C(=C(C=C1)C)NC2=NCCCS2)C,220.34099999999995,24.39,3.2082400000000018,1.0,3.0,1.0
1668,zafuleptine,1,C1=CC(=CC=C1CNC(C(C)C)CCCCCC(O)=O)F,295.3979999999999,49.33,3.9750000000000023,2.0,2.0,10.0
1669,zalospirone,1,[C@H]14[C@H]([C@@H]2[C@@H]3[C@H]([C@H]1C=C2)C=C3)C(=O)N(C4=O)CCCCN6CCN(C5=NC=CC=N5)CC6,419.52900000000017,69.64000000000001,1.5979999999999994,0.0,6.0,6.0
1670,zetidoline,1,C1=C(C=CC=C1N3C(N(CCN2CC(C)(C)C2)CC3)=O)Cl,307.82499999999993,26.79,2.9238000000000017,0.0,2.0,4.0
1671,ziprasidone,1,C1=CC=CC2=C1C(=NS2)N5CCN(CCC4=CC3=C(NC(C3)=O)C=C4Cl)CC5,412.94600000000014,48.470000000000006,3.809000000000002,1.0,5.0,4.0
1672,zolazepam,1,C1=CC=CC(=C1C2=NCC(N(C3=C2C(=N[N]3C)C)C)=O)F,286.31,50.49,1.68142,0.0,3.0,1.0
1673,zoloperone,1,C4=C(C3=C(CCN2CCN(C1=C(C=CC=C1)OC)CC2)OC(N3)=O)C=CC(=C4)F,397.4500000000001,61.71,3.1473000000000013,1.0,5.0,6.0
1674,zoniclezole,1,C1=C(Cl)C=CC2=C1C(=NO2)C([N]3C=CN=C3)C,247.685,43.85,3.2870000000000017,0.0,3.0,2.0
1675,zopiclone,1,C1=CC(=CN=C1N2C(C3=C(C2=O)N=CC=N3)OC(N4CCN(C)CC4)=O)Cl,388.81500000000017,91.75999999999999,1.5679999999999998,0.0,7.0,2.0
1676,zotepine,1,C1=C(Cl)C=CC2=C1C(=CC3=C(S2)C=CC=C3)OCCN(C)C,331.86800000000017,12.47,4.880900000000004,0.0,3.0,4.0
1677,zylofuramine,1,[C@@H]1(CCCO1)[C@@H](CC2=CC=CC=C2)NCC,219.328,21.259999999999998,2.3862000000000005,1.0,2.0,5.0
1678,aceprometazine,1,C1=CC2=C(C=C1)SC3=C(N2CC(C)N(C)C)C=C(C=C3)C(=O)C,326.4650000000001,23.55,4.442000000000004,0.0,4.0,4.0
1679,adinazolam,1,C1=CC(=CC3=C1[N]2C(=NN=C2CN(C)C)CN=C3C4=CC=CC=C4)Cl,351.841,46.31,3.333300000000002,0.0,4.0,3.0
1680,albutoin,1,C(N1C(C(CC(C)C)NC1=S)=O)C=C,212.31799999999998,32.34,1.3037999999999998,1.0,2.0,4.0
1681,alclometasone,1,[C@H]24[C@H]1[C@@]([C@](O)([C@@H](C1)C)C(=O)CO)(C[C@H](O)[C@@H]2[C@@]3(C(=CC(=O)C=C3)C[C@H]4Cl)C)C,408.92200000000014,94.83000000000001,2.0209,3.0,5.0,2.0
1682,aletamine(alfetamine),1,C1=C(CC(CC=C)N)C=CC=C1,161.24800000000002,26.02,2.1325000000000003,1.0,1.0,4.0
1683,algestone,1,[C@H]34[C@H]2[C@@H]([C@@]1(C(=CC(=O)CC1)CC2)C)CC[C@@]3([C@](O)([C@H](O)C4)C(=O)C)C,346.46700000000004,74.6,2.8092000000000015,2.0,4.0,1.0
1684,alimemazine,1,C1=CC=CC3=C1N(C2=C(C=CC=C2)S3)CC(CN(C)C)C,298.45500000000004,6.48,4.487000000000004,0.0,3.0,4.0
1685,alpertine,1,C1=C(OC)C(=CC2=C1C(=C(C(OCC)=O)[NH]2)CCN4CCN(C3=CC=CC=C3)CC4)OC,437.5400000000002,67.03,3.7265000000000033,1.0,6.0,8.0
1686,alphaprodine(betaprodine),1,C2=C(C1(C(CN(C)CC1)C)OC(CC)=O)C=CC=C2,261.365,29.54,2.806700000000001,0.0,3.0,3.0
1687,alpidem,1,C3=C(C1=C([N]2C(=N1)C=CC(=C2)Cl)CC(N(CCC)CCC)=O)C=CC(=C3)Cl,404.3410000000001,37.61,5.499200000000004,0.0,2.0,7.0
1688,amebucort,1,[C@@]4([C@@]3([C@H]([C@H]2[C@@H]([C@@]1(C(=CC(=O)CC1)[C@H](C2)C)C)[C@H](C3)O)CC4)C)(C(COC(C)=O)=O)OC(CCC)=O,488.62100000000044,106.97,3.9494000000000034,1.0,7.0,6.0
1689,amedalin,1,CNCCCC2(C)C(=O)N(c1ccccc1)c3ccccc23,294.398,32.34,3.622200000000003,1.0,2.0,5.0
1690,amfonelic-acid,1,C1=CC(=NC2=C1C(C(=CN2CC)C(O)=O)=O)CC3=CC=CC=C3,308.33699999999993,72.19,2.705400000000001,1.0,3.0,4.0
1691,amiflamine,1,[C@@H](O)([C@@H](O)C(=O)O)C(=O)O.[C@@H](N)(CC1=CC=C(N(C)C)C=C1C)C,342.3920000000001,144.32000000000002,-0.1718799999999996,5.0,6.0,6.0
1692,aminoglutethimide,1,C1=CC(=CC=C1C2(C(NC(=O)CC2)=O)CC)N,232.28299999999993,72.19,1.3532000000000002,2.0,3.0,2.0
1693,aminopromazine,1,C1=CC=CC3=C1N(C2=C(C=CC=C2)S3)CC(CN(C)C)N(C)C,327.49700000000007,9.72,3.781100000000003,0.0,4.0,5.0
1694,amiperone,1,C1=CC(=CC=C1C3(CCN(CCCC(C2=CC=C(F)C=C2)=O)CC3)C(N(C)C)=O)Cl,430.95100000000014,40.620000000000005,4.5640000000000045,0.0,3.0,7.0
1695,amoxapine,1,C1=C(Cl)C=CC2=C1C(=NC3=C(O2)C=CC=C3)N4CCNCC4,313.7880000000001,36.86,3.4292000000000016,1.0,4.0,0.0
1696,anisopirol,1,C3=C(N2CCN(CCCC(C1=CC=C(F)C=C1)O)CC2)C(=CC=C3)OC,358.4570000000002,35.94,3.470100000000002,1.0,4.0,7.0
1697,aptazapine,1,[N]12C(=CC=C1)C4N(C3=C(C2)C=CC=C3)CCN(C4)C.O=C(O)\C=C/C(=O)O,369.42100000000005,86.01,2.0547,2.0,4.0,2.0
1698,arfendazam,1,C1=C(Cl)C=CC3=C1N(C2=CC=CC=C2)C(CCN3C(OCC)=O)=O,344.7980000000001,49.85,4.371300000000004,0.0,3.0,2.0
1699,asimadoline,1,[C@H](N(C(C(C1=CC=CC=C1)C2=CC=CC=C2)=O)C)(C3=CC=CC=C3)CN4CC[C@@H](C4)O,414.5490000000002,43.78,4.084800000000004,1.0,3.0,7.0
1700,atibeprone,1,C2=C(OCC1=NN=C(S1)C(C)C)C=CC3=C2OC(=O)C(=C3C)C,330.4090000000001,65.22,3.963740000000003,0.0,6.0,4.0
1701,atropine(hyoscyamine),1,C1=CC=CC=C1C(C(OC2CC3N(C)C(C2)CC3)=O)CO,289.375,49.769999999999996,1.9308999999999998,1.0,4.0,4.0
1702,bazinaprine,1,C1=C(C(=NN=C1C2=CC=CC=C2)NCCN3CCOCC3)C#N,309.37300000000005,74.07,1.7593799999999997,1.0,6.0,5.0
1703,beclomethasonedipropionate(beclometasone-dipropionate),1,[C@@]4([C@@]3([C@H]([C@H]2[C@]([C@@]1(C(=CC(=O)C=C1)CC2)C)(Cl)[C@H](C3)O)C[C@@H]4C)C)(C(COC(CC)=O)=O)OC(CC)=O,521.0500000000004,106.97,4.086800000000004,1.0,7.0,6.0
1704,befuraline,1,C3=C(C(N2CCN(CC1=CC=CC=C1)CC2)=O)OC4=C3C=CC=C4,320.39200000000005,36.69,3.3908000000000023,0.0,3.0,3.0
1705,beloxepin,1,[C@@H]24[C@@](C1=CC=CC=C1OC3=C(C=CC=C23)C)(CCN(C4)C)O,295.382,32.7,3.4076200000000028,1.0,3.0,0.0
1706,benmoxin,1,C2=C(C(NNC(C1=CC=CC=C1)=O)C)C=CC=C2,240.306,41.129999999999995,2.682200000000001,2.0,2.0,4.0
1707,benzobarbital,1,C1=CC=CC=C1C3(C(N(C(C2=CC=CC=C2)=O)C(=O)NC3=O)=O)CC,336.3470000000001,83.55000000000001,2.2532000000000005,1.0,4.0,3.0
1708,benzoclidine,1,C3=C(C(OC1C2CCN(C1)CC2)=O)C=CC=C3,231.295,29.54,1.9376,0.0,3.0,2.0
1709,benzoctamine,1,C1=CC=C2C(=C1)C3C4=C(C2(CNC)CC3)C=CC=C4,249.35699999999997,12.03,3.4312000000000022,1.0,1.0,2.0
1710,benzphetamine(benzfetamine),1,C1=CC(=CC=C1)CC(N(C)CC2=CC=CC=C2)C,239.362,3.24,3.7496000000000027,0.0,1.0,5.0
1711,besipirdine,1,[H+].C1=CC3=C([N]1N(C2=CC=NC=C2)CCC)C=CC=C3.[Cl-],287.794,21.060000000000002,0.8324999999999994,0.0,2.0,4.0
1712,betamethadol,1,C2=C(C(CC(N(C)C)C)(C(CC)O)C1=CC=CC=C1)C=CC=C2,311.469,23.47,4.083800000000004,1.0,2.0,7.0
1713,betamethasone-acetate(dexamethasone-acetate),1,[C@@]4([C@@]3([C@H]([C@H]2[C@]([C@@]1(C(=CC(=O)C=C1)CC2)C)(F)[C@H](C3)O)C[C@@H]4C)C)(C(COC(C)=O)=O)OC(C(C)C)=O,504.59500000000037,106.97,3.6734000000000027,1.0,7.0,5.0
1714,betamethasone-dipropionate(dexamethasone-dipropionate),1,[C@H]34[C@H]2[C@@]([C@@]1(C(=CC(=O)C=C1)CC2)C)([C@@H](O)C[C@@]3([C@](C(COC(C)=O)=O)(O)[C@H](C4)C)C)F,434.5040000000002,100.9,2.4665,2.0,6.0,3.0
1715,betamethasone-valerate,1,[C@@]4([C@@]3([C@H]([C@H]2[C@]([C@@]1(C(=CC(=O)C=C1)CC2)C)(F)[C@H](C3)O)C[C@@H]4C)C)(C(COC(CC)=O)=O)OC(CC)=O,504.5950000000004,106.97,3.8175000000000034,1.0,7.0,6.0
1716,bifemelane,1,[H+].C2=C(CC1=CC=CC=C1)C(=CC=C2)OCCCCNC.[Cl-],305.84899999999993,21.259999999999998,0.7722999999999993,1.0,2.0,8.0
1717,binedaline,1,C2=C(C1=C(C=CC=C1)[N]2N(CCN(C)C)C)C3=CC=CC=C3,293.41399999999993,11.41,3.437700000000002,0.0,2.0,5.0
1718,brallobarbital,1,C(C1(C(NC(=O)NC1=O)=O)CC=C)C(=C)Br,287.11299999999994,75.27000000000001,1.2135999999999998,2.0,3.0,4.0
1719,brifentanil,1,[C@@H]3(N(C1=C(C=CC=C1)F)C(COC)=O)[C@@H](CN(CCN2C(N(CC)N=N2)=O)CC3)C,420.4890000000002,85.49000000000001,0.9888000000000001,0.0,6.0,8.0
1720,brofaromine,1,C2=C(C1CCNCC1)OC3=C2C=C(OC)C=C3Br,310.19100000000003,34.400000000000006,3.6709000000000023,1.0,3.0,2.0
1721,bromamid,1,C1=CC(=CC=C1NCCC(N(C)C)=O)Br,271.158,32.34,2.3393000000000006,1.0,2.0,4.0
1722,bromodiphenhydramine(bromazine),1,C2=C(C(OCCN(C)C)C1=CC=CC=C1)C=CC(=C2)Br,334.25700000000006,12.47,4.116700000000003,0.0,2.0,6.0
1723,bromopride,1,C1=C(Br)C(=CC(=C1C(NCCN(CC)CC)=O)OC)N,344.2530000000001,67.59,2.1114999999999995,2.0,4.0,7.0
1724,bromperidol-decanoate,1,C1=CC(=CC=C1C3(CCN(CCCC(C2=CC=C(C=C2)F)=O)CC3)OC(CCCCCCCCC)=O)Br,574.5750000000005,46.61,8.226300000000007,0.0,4.0,15.0
1725,budesonide,1,[C@@]45([C@@]3([C@H]([C@H]2[C@@H]([C@@]1(C(=CC(=O)C=C1)CC2)C)[C@H](C3)O)C[C@H]4OC(O5)CCC)C)C(CO)=O,430.5410000000002,93.06,2.7168000000000014,2.0,6.0,4.0
1726,budipine,1,C1=CC=CC=C1C3(C2=CC=CC=C2)CCN(C(C)(C)C)CC3,293.45400000000006,3.24,4.8670000000000035,0.0,1.0,2.0
1727,bufenadrine,1,C2=C(C(C1=CC=CC=C1)OCCN(C)C)C(=CC=C2)C(C)(C)C,311.46900000000005,12.47,4.651700000000004,0.0,2.0,6.0
1728,buspirone,1,C1=NC(=NC=C1)N4CCN(CCCCN2C(CC3(CC2=O)CCCC3)=O)CC4,385.5120000000002,69.64000000000001,2.0881999999999996,0.0,6.0,6.0
1729,butalbital,1,C(C1(C(NC(=O)NC1=O)=O)CC=C)C(C)C,224.25999999999996,75.27000000000001,0.9609999999999994,2.0,3.0,4.0
1730,butamoxane,1,C1=CC=CC2=C1OC(CNCCCC)CO2,221.29999999999993,30.49,2.2161,1.0,3.0,5.0
1731,butriptyline,1,C1=CC=CC3=C1C(C2=CC=CC=C2CC3)CC(CN(C)C)C,293.454,3.24,4.504900000000004,0.0,1.0,4.0
1732,carbenzide,1,C1=CC=CC=C1C(NNC(OCC)=O)C,208.26099999999997,50.36,1.9983,2.0,3.0,4.0
1733,carbocloral,1,C(OC(NC(C(Cl)(Cl)Cl)O)=O)C,236.482,58.559999999999995,1.4210999999999998,2.0,3.0,2.0
1734,carbromal,1,C(C(C(NC(N)=O)=O)(CC)Br)C,237.09699999999998,72.19,1.1350000000000005,2.0,2.0,3.0
1735,carfentanil,1,C1=CC=CC=C1N(C3(CCN(CCC2=CC=CC=C2)CC3)C(OC)=O)C(CC)=O,394.51500000000027,49.85,3.6799000000000026,0.0,4.0,7.0
1736,carpipramine,1,C1=CC=CC4=C1N(CCCN3CCC(N2CCCCC2)(CC3)C(N)=O)C5=C(CC4)C=CC=C5,446.6390000000003,52.81,4.119200000000002,1.0,4.0,6.0
1737,carvotroline,1,C1=C(F)C=CC2=C1C3=C([NH]2)CCN(C3)CCC4=CC=NC=C4,295.36099999999993,31.92,3.302800000000002,1.0,2.0,3.0
1738,cericlamine,1,[H+].C1=C(CC(N(C)C)(CO)C)C=CC(=C1Cl)Cl.[Cl-],298.64099999999996,23.47,-0.03500000000000014,1.0,2.0,4.0
1739,chlorcyclizine,1,C3=C(C(N1CCN(C)CC1)C2=CC=CC=C2)C=CC(=C3)Cl,300.83299999999997,6.48,3.6768000000000027,0.0,2.0,3.0
1740,chlorobutanol,1,ClC(CCC)O,108.568,20.23,1.3437000000000001,1.0,1.0,2.0
1741,chloroprednisone,1,[C@H]24[C@H]1[C@@]([C@](C(COC(C)=O)=O)(O)CC1)(CC([C@@H]2[C@@]3(C(=CC(=O)C=C3)[C@H](C4)Cl)C)=O)C,434.91600000000017,97.74000000000001,2.5539000000000005,1.0,6.0,3.0
1742,chloroserpidine,1,[C@@H]36C2=C(C1=CC(=CC=C1[NH]2)Cl)CCN3C[C@H]5C[C@@H](OC(C4=CC(=C(C(=C4)OC)OC)OC)=O)[C@@H]([C@H]([C@H]5C6)C(OC)=O)OC,613.1070000000002,108.55000000000003,4.815900000000004,1.0,9.0,7.0
1743,chlorphenesin-carbamate,1,C1=CC(=CC=C1OCC(COC(N)=O)O)Cl,245.66199999999995,81.78,1.1749999999999998,2.0,4.0,5.0
1744,chlorphenoxamine,1,C2=C(C(C1=CC=CC=C1)(OCCN(C)C)C)C=CC(=C2)Cl,303.83299999999997,12.47,4.181700000000004,0.0,2.0,6.0
1745,chlorthenoxazine,1,C1=C2C(=CC=C1)OC(CCCl)NC2=O,211.648,38.33,1.7637999999999996,1.0,2.0,2.0
1746,cianopramine,1,C1=C(C#N)C=CC3=C1N(C2=C(C=CC=C2)CC3)CCCN(C)C,305.425,30.270000000000003,3.7466800000000022,0.0,3.0,4.0
1747,ciclazindol,1,C1=CC=CC2=C1C(C3=NCCCN23)(C4=CC=CC(=C4)Cl)O,298.77299999999997,35.83,3.1981000000000024,1.0,3.0,1.0
1748,ciclopramine,1,C4=C2C1=C(CCC3=C(N1CCC2NC)C=CC=C3)C=C4,264.372,15.27,3.587500000000002,1.0,2.0,1.0
1749,cidoxepin,1,CN(C)CCC=C2c1ccccc1COc3ccccc23,279.383,12.47,3.9624000000000033,0.0,2.0,3.0
1750,ciladopa,1,[C@@H](CN2CCN(C1=CC=CC=CC1=O)CC2)(C3=CC(=C(OC)C=C3)OC)O,370.44900000000007,62.24000000000001,1.9195999999999995,1.0,6.0,6.0
1751,cinfenine,1,C1=CC=CC=C1C(C2=CC=CC=C2)OCCN(C\C=C\C3=CC=CC=C3)C,357.497,12.47,5.4378000000000055,0.0,2.0,9.0
1752,cinitapride,1,C1=C(C(=CC(=C1[N+](=O)[O-])N)OCC)C(NC3CCN(CC2CCC=CC2)CC3)=O,402.49500000000023,110.72999999999999,3.1262000000000025,2.0,6.0,7.0
1753,cinperene,1,C1=CC=CC=C1C4(C3CCN(C\C=C\C2=CC=CC=C2)CC3)C(NC(=O)CC4)=O,388.51100000000025,49.410000000000004,3.786400000000002,1.0,3.0,5.0
1754,cinromide,1,C1=C(C=CC=C1Br)\C=C\C(NCC)=O,254.127,29.1,2.5984000000000016,1.0,1.0,3.0
1755,cintriamide(cintramide),1,C1=C(C(=C(C=C1\C=C\C(N)=O)OC)OC)OC,237.25499999999994,70.78000000000002,1.2108999999999999,1.0,4.0,5.0
1756,cinuperone,1,C3=C(N2CCN(CCCC(C1=CC=C(F)C=C1)=O)CC2)N=CC4=CC=CC=C34,377.4630000000002,36.44,4.159000000000004,0.0,4.0,6.0
1757,citalopram,1,C1=CC(=CC3=C1C(C2=CC=C(F)C=C2)(OC3)CCCN(C)C)C#N,324.399,36.26,3.8129800000000023,0.0,3.0,5.0
1758,citenamide,1,C1=CC=CC3=C1C(C2=C(C=CC=C2)C=C3)C(N)=O,235.286,43.09,2.7876000000000003,1.0,1.0,1.0
1759,clazolam,1,C1=C(Cl)C=CC4=C1C3C2=CC=CC=C2CCN3CC(=O)N4C,312.8,23.550000000000004,3.263900000000003,0.0,2.0,0.0
1760,clemeprol,1,C1=CC=CC(=C1)C(C(CN(C)C)O)C2=CC=C(C=C2)Cl,289.806,23.47,3.394400000000002,1.0,2.0,5.0
1761,climazolam,1,C1=CC(=CC3=C1[N]2C(=CN=C2C)CN=C3C4=CC=CC=C4Cl)Cl,342.2289999999999,30.18,4.838520000000003,0.0,2.0,1.0
1762,clobetasol,1,[C@@]23(F)C(C1C([C@](O)(C(C1)C)C(=O)CCl)(CC2O)C)CCC4=CC(=O)C=CC34C,410.9130000000002,74.6,3.1422000000000017,2.0,4.0,2.0
1763,clobetasol-propionate,1,[C@]4([C@@]3([C@H]([C@H]2[C@]([C@@]1(C(=CC(=O)C=C1)CC2)C)(F)[C@H](C3)O)C[C@@H]4C)C)(OC(CC)=O)C(CCl)=O,466.9770000000003,80.67,4.103100000000004,1.0,5.0,4.0
1764,clofexamide,1,C1=CC(=CC=C1OCC(NCCN(CC)CC)=O)Cl,284.7869999999999,41.57,2.1768,1.0,3.0,8.0
1765,clomacran,1,C1=C(Cl)C=CC3=C1C(C2=C(C=CC=C2)N3)CCCN(C)C,300.833,15.27,4.870700000000005,1.0,2.0,4.0
1766,clopipazan,1,CN1CCC(CC1)=C3c2ccccc2Oc4ccc(Cl)cc34,311.81200000000007,12.47,4.973200000000004,0.0,2.0,0.0
1767,clothiapine(clotiapine),1,C1=C(Cl)C=CC2=C1C(=NC3=C(S2)C=CC=C3)N4CCN(CC4)C,343.8830000000002,18.84,4.1303000000000045,0.0,4.0,0.0
1768,clovoxamine,1,C1=C(C(=N/OCCN)/CCCCOC)C=CC(=C1)Cl,284.787,56.84,2.836100000000001,1.0,4.0,9.0
1769,cloxazolam,1,C1=C(Cl)C=CC3=C1C2(OCCN2CC(=O)N3)C4=C(Cl)C=CC=C4,349.217,41.57,3.4788000000000014,1.0,3.0,1.0
1770,cloxypendyl,1,C1=C(Cl)C=NC2=C1SC4=C(N2CCCN3CCN(CCO)CC3)C=CC=C4,404.96700000000016,42.84,3.3377000000000017,1.0,6.0,6.0
1771,cormethasoneacetate(cormetasone-acetate),1,CC4CC3C2CC(F)(F)C1=CC(=O)C=CC1(C)C2(F)C(O)CC3(C)C4(O)C(=O)COC(C)=O,470.4840000000003,100.9,2.7117000000000013,2.0,6.0,3.0
1772,cropropamide,1,C(C(N(C(\C=C\C)=O)CCC)C(N(C)C)=O)C,240.34699999999995,40.620000000000005,1.6679,0.0,2.0,6.0
1773,cyamemazine,1,C1=C(C#N)C=CC3=C1N(C2=C(C=CC=C2)S3)CC(CN(C)C)C,323.4650000000001,30.270000000000003,4.358680000000003,0.0,4.0,4.0
1774,cyclazodone,1,C3=C(C1OC(=NC1=O)NC2CC2)C=CC=C3,216.24,50.69,1.3925,1.0,3.0,2.0
1775,cypenamine,1,C2=C(C1C(CCC1)N)C=CC=C2,161.24800000000005,26.02,2.2814000000000005,1.0,1.0,1.0
1776,cyprazepam,1,C4=C(C2=C3C(=NC(=NCC1CC1)CN2O)C=CC(=C3)Cl)C=CC=C4,339.826,48.19,2.6294000000000013,1.0,3.0,3.0
1777,dabelotine,1,C1=CC=C3C(=C1OCC2CNCCO2)N(CCC3)C,262.35299999999995,33.73,1.4361999999999997,1.0,4.0,3.0
1778,daledalin,1,C1=CC=CC3=C1N(C2=CC=CC=C2)CC3(CCCNC)C,280.415,15.27,4.095600000000003,1.0,2.0,5.0
1779,damotepine,1,C1=CC=CC3=C1SC2=C(C=CC=C2)C=C3CN(C)C,267.397,3.24,4.2534000000000045,0.0,2.0,2.0
1780,danitracen,1,C1=CC=CC3=C1C(C2=C(C=CC=C2)C3O)=C4CCN(C)CC4,291.39400000000006,23.47,3.609200000000003,1.0,2.0,0.0
1781,dapoxetine,1,[C@H](CCOC1=CC=CC2=CC=CC=C12)(C3=CC=CC=C3)N(C)C,305.42100000000005,12.47,4.911600000000005,0.0,2.0,6.0
1782,darvon(dextropropoxypheneandlevopropoxyphene),1,[C@](OC(=O)CC)([C@@H](CN(C)C)C)(CC1=CC=CC=C1)C2=CC=CC=C2.[H+].[Cl-],375.94000000000005,29.54,1.3920000000000003,0.0,3.0,8.0
1783,dazepinil,1,CN2C(Cc1ccccc1N=C2C)c3ccccc3,250.345,15.6,3.9657000000000027,0.0,2.0,1.0
1784,declenperone,1,C1=CC=CC2=C1N(C(=O)N2)CCCN4CCC(C(C3=CC=C(F)C=C3)=O)CC4,381.4510000000001,58.1,3.453700000000002,1.0,3.0,6.0
1785,deflazacort,1,[C@@]45([C@@]3([C@H]([C@H]2[C@@H]([C@@]1(C(=CC(=O)C=C1)CC2)C)[C@H](C3)O)C[C@H]4OC(=N5)C)C)C(COC(C)=O)=O,441.5240000000002,102.25999999999999,2.563200000000001,1.0,7.0,3.0
1786,delergotrile,1,[C@@H]34CC1=C[NH]C2=CC=CC(=C12)C3C[C@@H](CN4C)CC#N,265.3599999999999,42.82,3.0415800000000015,1.0,2.0,1.0
1787,delorazepam,1,C1=C(Cl)C=CC2=C1C(=NCC(N2)=O)C3=CC=CC=C3Cl,305.164,41.46,3.7829000000000015,1.0,2.0,1.0
1788,demexiptiline,1,C1=CC=CC2=C1C(C3=C(C=C2)C=CC=C3)=NOCCNC,278.35499999999996,33.62,3.0447000000000006,1.0,3.0,4.0
1789,denzimol,1,C1=CC(=CC=C1C(C[N]2C=CN=C2)O)CCC3=CC=CC=C3,292.382,38.05,3.401900000000002,1.0,2.0,6.0
1790,depramine,1,C1=CC=CC2=C1N(C3=C(C=C2)C=CC=C3)CCCN(C)C,278.399,6.48,4.260200000000005,0.0,2.0,4.0
1791,desflurane,1,O(C(C(F)(F)F)F)C(F)F,168.036,9.23,2.0835,0.0,1.0,2.0
1792,desomorphine,1,C1=CC(=C3C2=C1CC5C4C2(C(O3)CCC4)CCN5C)O,271.3599999999999,32.7,2.451300000000001,1.0,3.0,0.0
1793,dexclamol,1,[C@H]15C3=C(CCC2=C1C=CC=C2)C=CC=C3[C@H]4C[C@](C(C)C)(O)CCN4C5,347.5020000000002,23.47,4.454700000000003,1.0,2.0,1.0
1794,dextromoramide(levomoramideandracemoramide),1,C4=C(C(C(=O)N1CCCC1)(C2=CC=CC=C2)C(CN3CCOCC3)C)C=CC=C4,392.54300000000023,32.78,3.5634000000000023,0.0,3.0,6.0
1795,dextrorphan,1,[C@]134[C@@H]([C@H](CC2=C1C=C(O)C=C2)N(C)CC3)CCCC4,257.37699999999995,23.47,3.080400000000002,1.0,2.0,0.0
1796,dezinamide,1,C1=C(C=CC=C1OC2CN(C(N)=O)C2)C(F)(F)F,260.2149999999999,55.56,1.8471,1.0,2.0,2.0
1797,dezocine,1,CC13CCCCCC(Cc2ccc(O)cc12)C3N,245.366,46.25,3.113600000000001,2.0,2.0,0.0
1798,diacetylnalorphine,1,C1=CC(=C3C2=C1CC5C4C2(C(O3)C(C=C4)OC(C)=O)CCN5CC=C)OC(C)=O,395.4550000000002,65.07,2.5448000000000004,0.0,6.0,4.0
1799,dibenzepin,1,C1=CC=CC2=C1N(C(C3=C(N2C)C=CC=C3)=O)CCN(C)C,295.386,26.79,2.976300000000001,0.0,3.0,3.0
1800,dicarbine,1,C1=C(C)C=CC3=C1C2C(CCN(C2)C)N3,202.30099999999996,15.27,2.20822,1.0,2.0,0.0
1801,dichlormezanone,1,C2=C(C1[S](CCC(N1C)=O)(=O)=O)C=CC(=C2Cl)Cl,308.18600000000004,54.45,2.2689000000000004,0.0,3.0,1.0
1802,diclofensine,1,C1=CC(=CC3=C1C(C2=CC(=C(Cl)C=C2)Cl)CN(C)C3)OC,322.23500000000007,12.47,4.579300000000004,0.0,2.0,2.0
1803,diethazine,1,C1=CC=CC3=C1N(C2=C(C=CC=C2)S3)CCN(CC)CC,298.45500000000004,6.48,4.631100000000004,0.0,3.0,5.0
1804,difencloxazine,1,Clc1ccc(cc1)C(OCCN2CCOCC2)c3ccccc3,331.8429999999999,21.700000000000003,3.7782000000000027,0.0,3.0,6.0
1805,diflorasone-diacetate,1,[C@@]4([C@@]3([C@H]([C@H]2[C@]([C@@]1(C(=CC(=O)C=C1)[C@H](C2)F)C)(F)[C@H](C3)O)C[C@@H]4C)C)(C(COC(C)=O)=O)OC(C)=O,494.5310000000004,106.97,2.9853000000000014,1.0,7.0,4.0
1806,difluprednate,1,[C@@]4([C@@]3([C@H]([C@H]2[C@]([C@@]1(C(=CC(=O)C=C1)[C@H](C2)F)C)(F)[C@H](C3)O)CC4)C)(C(COC(C)=O)=O)OC(CCC)=O,508.5580000000005,106.97,3.5195000000000025,1.0,7.0,6.0
1807,dimemorfan,1,[C@]134[C@@H]([C@H](CC2=C1C=C(C)C=C2)N(C)CC3)CCCC4,255.40499999999992,3.24,3.683220000000003,0.0,1.0,0.0
1808,dimeprozan,1,C3=CC1=C(C(/C2=C(O1)C=CC=C2)=C/CCN(C)C)C=C3OC,295.382,21.700000000000003,4.184300000000003,0.0,3.0,4.0
1809,dimesone,1,[C@]23([C@H]([C@H]1[C@]([C@](C(CO)=O)(C)[C@@H](C1)C)(C)C[C@@H]2O)CCC4=CC(=O)C=C[C@]34C)F,390.4950000000001,74.6,3.1709000000000023,2.0,4.0,2.0
1810,dimetacrine,1,C1=CC=CC3=C1N(C2=C(C=CC=C2)C3(C)C)CCCN(C)C,294.442,6.48,4.415700000000004,0.0,2.0,4.0
1811,dinazafone,1,C1=C(C(=CC=C1Cl)N(C(CNCC(C)=C)=O)C)C(C2=CC=CC=C2)=O,356.85300000000007,49.410000000000004,3.699500000000003,1.0,3.0,7.0
1812,doliracetam,1,C1=CC=CC2=C1C(C(N2CC(N)=O)=O)C3=CC=CC=C3,266.29999999999995,63.4,1.6504000000000003,1.0,2.0,3.0
1813,dosulepin,1,[H+].C3=C2\C(C1=CC=CC=C1SCC2=CC=C3)=C\CCN(C)C.[Cl-],331.91200000000003,3.24,1.7922000000000005,0.0,2.0,3.0
1814,doxefazepam,1,C1=C(Cl)C=CC2=C1C(=NC(O)C(N2CCO)=O)C3=CC=CC=C3F,348.761,73.13,1.9737999999999998,2.0,4.0,3.0
1815,doxenitoin,1,C3=C(C2(C1=CC=CC=C1)C(NCN2)=O)C=CC=C3,238.29,41.129999999999995,1.6071,2.0,2.0,2.0
1816,doxibetasol,1,[C@H]34[C@H]2[C@@](F)([C@@]1(C(=CC(=O)C=C1)CC2)C)[C@@H](O)C[C@@]3([C@](O)([C@H](C4)C)C(=O)C)C,376.46800000000013,74.6,2.923300000000001,2.0,4.0,1.0
1817,drocinonide,1,[C@H]23C([C@@]1(OC(O[C@@H]1C2)(C)C)C(=O)CO)(C[C@H](O)[C@@]4(F)C3CCC5C4(CCC(=O)C5)C)C,438.53600000000034,93.06,2.7227000000000006,2.0,6.0,2.0
1818,dulozafone,1,C1=C(C(=CC=C1Cl)N(C(CN(CCO)CCO)=O)C)C(C2=C(C=CC=C2)Cl)=O,425.3120000000001,81.07999999999998,2.4738000000000007,2.0,5.0,9.0
1819,enpiprazole,1,C1=CC=CC(=C1N3CCN(CCC2=C[N](C)N=C2)CC3)Cl,304.82500000000005,24.3,2.4382,0.0,3.0,4.0
1820,enprazepine,1,C1=CC=CC2=C1N(CC3=C(C2=C)C=CC=C3)CCCN(C)C,292.426,6.48,4.019800000000004,0.0,2.0,4.0
1821,eprobemide,1,C1=CC(=CC=C1C(NCCCN2CCOCC2)=O)Cl,282.7709999999999,41.57,1.7920999999999998,1.0,3.0,5.0
1822,eptazocine,1,C1=C(O)C=CC3=C1C2(CC(CN(CC2)C)C3)C,231.33899999999994,23.47,2.5478000000000014,1.0,2.0,0.0
1823,eterobarb,1,C2=C(C1(C(N(C(=O)N(C1=O)COC)COC)=O)CC)C=CC=C2,320.34499999999997,76.15,1.3329999999999993,0.0,5.0,6.0
1824,ethotoin,1,C1=CC=CC=C1C2C(N(CC)C(N2)=O)=O,204.22899999999998,49.410000000000004,1.2993999999999999,1.0,2.0,2.0
1825,ethyl-chloride,1,C1=C(Cl)C=CC2=C1C(=NC(C(=O)N2)C(OCC)=O)C3=CC=CC=C3F,360.77200000000005,67.75999999999999,3.2003000000000013,1.0,4.0,3.0
1826,etizolam,1,C1=C(SC2=C1C(=NCC3=NN=C([N]23)C)C4=CC=CC=C4Cl)CC,342.8550000000001,43.07,4.2040200000000025,0.0,4.0,2.0
1827,etrabamine,1,C2=NC1=C(CC(NC)CC1)S2,168.265,24.92,1.2198,1.0,3.0,1.0
1828,etryptamine,1,C1=CC=CC2=C1C(=C[NH]2)CC(CC)N,188.27399999999997,41.81,2.4476999999999993,2.0,1.0,3.0
1829,fenaclon,1,C1=CC=CC=C1CCNC(CCCl)=O,211.69199999999998,29.1,1.9742,1.0,1.0,5.0
1830,fenadiazole,1,O=C2\C(=C1\OC=NN1)C=CC=C2,162.148,50.69,0.4562,1.0,4.0,0.0
1831,fezolamine,1,C1=C(C(=N[N]1CCCN(C)C)C2=CC=CC=C2)C3=CC=CC=C3,305.425,21.060000000000002,4.168800000000004,0.0,2.0,6.0
1832,fletazepam,1,C1=C(Cl)C=CC2=C1C(=NCCN2CC(F)(F)F)C3=CC=CC=C3F,356.75,15.6,4.698800000000003,0.0,2.0,2.0
1833,fluanisone,1,C1=CC=CC(=C1N3CCN(CCCC(C2=CC=C(F)C=C2)=O)CC3)OC,356.4410000000001,32.78,3.6194000000000024,0.0,4.0,7.0
1834,flucindol,1,CN(C)C3CCc2[nH]c1c(F)cc(F)cc1c2C3,250.29199999999997,19.03,2.865000000000001,1.0,1.0,1.0
1835,fluciprazine,1,C1=CC(=CC=C1N3CCN(CC(O)COC2(CCCCC2)C#C)CC3)F,360.4730000000002,35.94,2.6613000000000007,1.0,4.0,6.0
1836,fludiazepam,1,C1=C(Cl)C=CC2=C1C(=NCC(=O)N2C)C3=CC=CC=C3F,302.736,32.67,3.2929000000000013,0.0,2.0,1.0
1837,flumethasone(flumetasoneanddiflorasone),1,[C@H]23[C@@]([C@@]1(C(=CC(=O)C=C1)[C@H](C2)F)C)([C@H](C[C@]4([C@H]3C[C@@H](C)[C@@]4(C(CO)=O)O)C)O)F,410.4570000000001,94.83,1.8436999999999997,3.0,5.0,2.0
1838,flumethasone21pivalate(flumetasone-pivalate),1,[C@]12(F)[C@H](CC4([C@H](C1C[C@@H](C3=CC(=O)C=CC23C)F)C[C@H]([C@]4(O)C(=O)COC(=O)C(C)(C)C)C)C)O,494.57500000000033,100.89999999999999,3.4407000000000028,2.0,6.0,3.0
1839,flunisolide,1,[C@]14(C([C@H]3[C@H]([C@@H](O)C1)C2(C(=CC(=O)C=C2)[C@@H](F)C3)C)C[C@H]5OC(O[C@@]45C(=O)CO)(C)C)C.[C@]69(C([C@H]8[C@H]([C@@H](O)C6)C7(C(=CC(=O)C=C7)[C@@H](F)C8)C)C[C@H]%10OC(O[C@@]9%10C(=O)CO)(C)C)C.O,887.023,217.61999999999998,3.724700000000003,4.0,12.0,4.0
1840,flunisolide-acetate,1,[C@]12(OC(O[C@@H]1CC3C2(CC(O)[C@H]4C3C[C@H](F)C5=CC(=O)C=CC45C)C)(C)C)C(=O)COC(=O)C,476.54100000000034,99.13,2.8455000000000013,1.0,7.0,3.0
1841,fluocinolone,1,[C@H]2(C1=CC(=O)C=C[C@@]1([C@@]4([C@@H](C2)[C@@H]3C[C@@H](O)[C@]([C@@]3(C)C[C@@H]4O)(O)C(=O)CO)F)C)F,412.42900000000003,115.06000000000002,0.5684999999999996,4.0,6.0,2.0
1842,fluocinolone-acetonide,1,[C@@]45([C@@]3([C@H]([C@H]2[C@]([C@@]1(C(=CC(=O)C=C1)[C@H](C2)F)C)(F)[C@H](C3)O)C[C@H]4OC(O5)(C)C)C)C(CO)=O,452.4940000000003,93.06,2.366800000000001,2.0,6.0,2.0
1843,fluocortin-butyl,1,[C@H]24[C@H]1[C@@]([C@@H](C(C(OCCCC)=O)=O)[C@@H](C1)C)(C[C@@H]([C@@H]2[C@@]3(C(=CC(=O)C=C3)[C@H](C4)F)C)O)C,446.55900000000014,80.67,3.987700000000004,1.0,5.0,5.0
1844,fluocortolone,1,[C@H]24[C@H]1[C@@]([C@@H](C(CO)=O)[C@@H](C1)C)(C[C@@H]([C@@H]2[C@@]3(C(=CC(=O)C=C3)[C@H](C4)F)C)O)C,376.4680000000001,74.6,2.636700000000001,2.0,4.0,2.0
1845,fluorometholone,1,[C@]23([C@H]([C@H]1[C@]([C@](C(C)=O)(O)CC1)(C)C[C@@H]2O)C[C@H](C)C4=CC(=O)C=C[C@]34C)F,376.4680000000001,74.6,2.923300000000001,2.0,4.0,1.0
1846,fluperlapine,1,C1=CC=CC3=C1C(=NC2=C(C=CC(=C2)F)C3)N4CCN(C)CC4,309.3880000000001,18.84,3.055600000000001,0.0,3.0,0.0
1847,fluperolone(fluperolone-acetate),1,[C@H]23[C@@]([C@@]1(C(=CC(=O)C=C1)CC2)C)([C@H](C[C@]4([C@H]3CC[C@@]4(C([C@@H](OC(C)=O)C)=O)O)C)O)F,434.5040000000001,100.9,2.6090000000000013,2.0,6.0,3.0
1848,fluprednidene,1,[C@]34([C@H]([C@H]2[C@@]([C@@]1(C(=CC(C=C1)=O)CC2)C)(C(C3)O)F)CC([C@@]4(C(=O)CO)O)=C)C,390.4510000000002,94.83,1.8157999999999999,3.0,5.0,2.0
1849,fluprednisolone,1,[C@H]24[C@H]1[C@@]([C@](C(CO)=O)(O)CC1)(C[C@@H]([C@@H]2[C@@]3(C(=CC(=O)C=C3)[C@H](C4)F)C)O)C,378.44000000000005,94.83,1.5055999999999998,3.0,5.0,2.0
1850,fluprednisolone-valerate,1,[C@@]4(OC(=O)CCCC)(C3(C(C2C(C1(C(=CC(=O)C=C1)C(F)C2)C)C(O)C3)CC4)C)C(=O)CO,462.55800000000033,100.90000000000002,3.246700000000002,2.0,6.0,6.0
1851,fluradoline,1,C1=C(F)C=CC3=C1C=C(SCCNC)C2=CC=CC=C2O3,301.386,21.259999999999998,4.382100000000004,1.0,3.0,4.0
1852,flurandrenolide(fludroxycortide),1,[C@@]45([C@@]3([C@H]([C@H]2[C@@H]([C@@]1(C(=CC(=O)CC1)[C@H](C2)F)C)[C@H](C3)O)C[C@H]4OC(O5)(C)C)C)C(CO)=O,436.5200000000002,93.06,2.498700000000001,2.0,6.0,2.0
1853,fluspiperone,1,C1=CC(=CC=C1N2C4(C(NC2)=O)CCN(CCCC(C3=CC=C(F)C=C3)=O)CC4)F,413.4680000000001,52.650000000000006,3.356200000000002,1.0,4.0,6.0
1854,flutoprazepam,1,C1=C(Cl)C=CC2=C1C(=NCC(N2CC3CC3)=O)C4=CC=CC=C4F,342.801,32.67,4.073100000000003,0.0,2.0,3.0
1855,furfenorex,1,C1=CC=CC=C1CC(N(CC2=CC=CO2)C)C,229.32299999999998,16.380000000000003,3.342600000000002,0.0,2.0,5.0
1856,galantamine,1,[C@]234C1=C(C=CC(=C1O[C@H]2C[C@@H](O)C=C3)OC)CN(CC4)C,287.3590000000001,41.93,1.8502999999999998,1.0,4.0,1.0
1857,gamfexine,1,C2=C(C(C1CCCCC1)CCN(C)C)C=CC=C2,245.41000000000003,3.24,4.302200000000004,0.0,1.0,5.0
1858,guanoxyfen,1,NC(=N)NCCCOc1ccccc1,193.25000000000003,71.13000000000001,0.938569999999999,3.0,2.0,5.0
1859,halazepam,1,C1=C(Cl)C=CC2=C1C(=NCC(=O)N2CC(F)(F)F)C3=CC=CC=C3,352.743,32.67,4.086300000000002,0.0,2.0,2.0
1860,halometasone,1,[C@H]23[C@@]([C@@]1(C(=CC(C(=C1)Cl)=O)[C@H](C2)F)C)([C@H](C[C@]4(C3C[C@H]([C@@]4(C(CO)=O)O)C)C)O)F,444.90200000000016,94.83,2.410200000000002,3.0,5.0,2.0
1861,heptabarb,1,C(C2(C1=CCCCCC1)C(NC(=O)NC2=O)=O)C,250.298,75.27000000000001,1.6392999999999998,2.0,3.0,2.0
1862,hepzidine,1,C1=CC=CC2=C1C(C3=C(CC2)C=CC=C3)OC4CCN(C)CC4,307.43700000000007,12.47,3.985400000000003,0.0,2.0,2.0
1863,homochlorcyclizine,1,C1=CC(=CC=C1C(N2CCN(C)CCC2)C3=CC=CC=C3)Cl,314.8599999999999,6.48,4.066900000000003,0.0,2.0,3.0
1864,homofenazine(homophenazine),1,C1=C(C(F)(F)F)C=CC3=C1N(C2=C(C=CC=C2)S3)CCCN4CCN(CCO)CCC4,451.55800000000045,29.950000000000003,4.698200000000004,1.0,5.0,6.0
1865,hydrocortisone-acetate,1,[C@]34([C@H]([C@H]2[C@@H]([C@@]1(C(=CC(=O)CC1)CC2)C)[C@H](C3)O)CC[C@@]4(C(COC(C)=O)=O)O)C,404.5030000000002,100.9,2.3524000000000003,2.0,6.0,3.0
1866,hydrocortisone-buteprate,1,[C@@]4([C@@]3([C@H]([C@H]2[C@@H]([C@@]1(C(=CC(=O)CC1)CC2)C)[C@H](C3)O)CC4)C)(C(COC(CC)=O)=O)OC(CCC)=O,488.62100000000044,106.97,4.093500000000003,1.0,7.0,7.0
1867,hydrocortisone-butyrate,1,[C@]4([C@@]3([C@H]([C@H]2[C@@H]([C@@]1(C(=CC(=O)CC1)CC2)C)[C@H](C3)O)CC4)C)(OC(CCC)=O)C(CO)=O,432.5570000000003,100.9,3.1326000000000023,2.0,6.0,5.0
1868,hydromorphone,1,[C@@]125C3=C4C[C@H]([C@@H]1CCC([C@@H]2OC3=C(C=C4)O)=O)N(C)CC5,285.3430000000001,49.77,1.6302999999999999,1.0,4.0,0.0
1869,hydroxypethidine,1,C2=C(C1(C(OCC)=O)CCN(C)CC1)C=CC=C2O,263.33699999999993,49.769999999999996,1.9186999999999999,1.0,4.0,3.0
1870,icometasone-enbutate,1,[C@@]4([C@@]3([C@H]([C@H]2[C@]([C@@]1(C(=CC(=O)C=C1)CC2)C)(Cl)[C@H](C3)O)C[C@H]4C)C)(C(COC(C)=O)=O)OC(CCC)=O,521.0500000000004,106.97,4.086800000000004,1.0,7.0,6.0
1871,iminophenimide,1,C2=C(C1(C(NC(=O)CN1)=O)CC)C=CC=C2,218.256,58.2,0.5378999999999992,2.0,3.0,2.0
1872,indalpine,1,C1=CC=CC2=C1C(=C[NH]2)CCC3CCNCC3,228.33899999999994,27.82,3.100100000000001,2.0,1.0,3.0
1873,intriptyline,1,CN(C)CC#CC=C2c1ccccc1C=Cc3ccccc23,285.39000000000004,3.24,4.167100000000003,0.0,1.0,1.0
1874,iprindole,1,C1=CC=CC3=C1C2=C(CCCCCC2)[N]3CCCN(C)C,284.44699999999995,8.17,4.252000000000003,0.0,1.0,4.0
1875,iproniazid,1,C1=CN=CC=C1C(NNC(C)C)=O,179.22299999999998,54.02,0.7243999999999998,2.0,3.0,3.0
1876,isomethadone,1,C1=CC=CC=C1C(C2=CC=CC=C2)(C(CN(C)C)C)C(CC)=O,309.4530000000001,20.310000000000002,4.149500000000003,0.0,2.0,7.0
1877,isoprednidene,1,[C@@]4(O)(C3(C(C2C(C1(C(=CC(=O)CC1)C=C2)C)C(O)C3)CC4=C)C)C(=O)CO,372.46100000000024,94.83,1.7236999999999998,3.0,5.0,2.0
1878,isothamine(profenamine),1,C1=CC=CC3=C1N(C2=C(C=CC=C2)S3)CC(N(CC)CC)C,312.4820000000001,6.48,5.019600000000005,0.0,3.0,5.0
1879,ketipramine(ketimipramine),1,C1=CC=CC2=C1N(C3=C(CC2=O)C=CC=C3)CCCN(C)C,294.398,23.550000000000004,3.515200000000002,0.0,3.0,4.0
1880,ketorfanol,1,[C@]235[C@H]([C@H](N(CC1CC1)CC2)CC4=C3C(=CC=C4)O)CCC(C5)=O,311.42500000000007,40.54,3.039600000000002,1.0,3.0,2.0
1881,levodopa,1,[C@H](CC1=CC(=C(C=C1)O)O)(C(O)=O)N,197.18999999999997,103.77999999999999,0.05219999999999997,4.0,4.0,3.0
1882,levomepromazine,1,[C@H](CN1C3=C(SC2=C1C=CC=C2)C=CC(=C3)OC)(CN(C)C)C,328.4810000000001,15.71,4.495600000000004,0.0,4.0,5.0
1883,levoprotiline(oxaprotiline),1,C13(C4=C(C(C2=C1C=CC=C2)CC3)C=CC=C4)C[C@H](CNC)O,293.40999999999997,32.26,3.1822000000000012,2.0,2.0,4.0
1884,lirequinil,1,[C@H]5(CN(C(C3=C2C1=CC(=CC=C1CCN2C(=O)C(=C3)C4=CC=CC=C4)Cl)=O)CC5)OCC,448.9500000000002,51.540000000000006,4.642800000000005,0.0,3.0,4.0
1885,litoxetine,1,C2=C(COC1CCNCC1)C=CC3=C2C=CC=C3,241.334,21.259999999999998,3.1084000000000023,1.0,2.0,3.0
1886,lobeline,1,C3=C(C(CC2N(C(CC(C1=CC=CC=C1)=O)CCC2)C)O)C=CC=C3,337.463,40.540000000000006,4.236000000000004,1.0,3.0,6.0
1887,lodaxaprine,1,C1=CC(=NN=C1C2=C(Cl)C=CC=C2)N3CCC(O)CC3,289.7660000000001,49.25,2.7581000000000007,1.0,4.0,2.0
1888,lorcinadol,1,C3=C(N2CCN(C\C=C\C1=CC=CC=C1)CC2)N=NC(=C3)Cl,314.82000000000005,32.260000000000005,2.9654000000000016,0.0,4.0,4.0
1889,loreclezole,1,C1=CC(=CC(=C1\C(=C\[N]2C=NC=N2)Cl)Cl)Cl,274.538,30.71,3.779300000000001,0.0,2.0,2.0
1890,losindole,1,[C@@H]1([C@H]3[C@@H](CC2=C1C=C(Cl)C=C2)CN(C3)C)C4=CC=CC=C4,297.829,3.24,4.2058000000000035,0.0,1.0,1.0
1891,maroxepin,1,C1=CC=CC3=C1C4=C(C2=C(C=CC=C2)O3)CCN(CC4)C,277.367,12.47,4.4287000000000045,0.0,2.0,0.0
1892,mazapertine,1,C3=C(CN2CCN(C1=C(OC(C)C)C=CC=C1)CC2)C=CC=C3C(=O)N4CCCCC4.C(C(=O)O)CC(=O)O,539.6730000000006,110.62000000000002,4.357900000000003,2.0,6.0,9.0
1893,medifoxamine,1,C2=C(OC(OC1=CC=CC=C1)CN(C)C)C=CC=C2,257.33299999999997,21.700000000000003,3.0321000000000016,0.0,3.0,6.0
1894,mefeclorazine,1,C1=CC(=CC(=C1OC)OC)CCN2CCN(CC2)C3=CC(=CC=C3)Cl,360.885,24.940000000000005,3.7219000000000024,0.0,4.0,6.0
1895,menitrazepam,1,C1=C([N+](=O)[O-])C=CC2=C1C(=NCC(N2C)=O)C3=CCCCC3,299.3300000000001,75.81,2.8607000000000014,0.0,4.0,2.0
1896,mephenytoin,1,C2=C(C1(C(N(C)C(N1)=O)=O)CC)C=CC=C2,218.256,49.410000000000004,1.4735,1.0,2.0,2.0
1897,mephobarbital(methylphenobarbital),1,C2=C(C1(C(N(C(NC1=O)=O)C)=O)CC)C=CC=C2,246.266,66.48,1.0425999999999997,1.0,3.0,2.0
1898,mepiprazole,1,C1=C(C=CC=C1N3CCN(CCC2=N[NH]C(=C2)C)CC3)Cl,304.82500000000005,35.16,2.736220000000001,1.0,3.0,4.0
1899,meprednisone,1,[C@H]12[C@@]([C@](C(CO)=O)(O)[C@H](C1)C)(CC(=O)[C@H]3[C@H]2CCC4=CC(=O)C=C[C@]34C)C,372.46100000000007,91.66999999999999,2.0117999999999996,2.0,5.0,2.0
1900,metaclazepam,1,C1=C(Br)C=CC2=C1C(=NCC(N2C)COC)C3=CC=CC=C3Cl,393.7120000000001,24.83,4.404700000000004,0.0,3.0,3.0
1901,metamfepramone,1,C1=CC=CC(=C1)C(=O)C(C)N(C)C,177.24699999999999,20.310000000000002,1.8194000000000001,0.0,2.0,3.0
1902,metapramine,1,C1=CC=CC2=C1C(CC3=C(N2C)C=CC=C3)NC,238.334,15.27,3.2711000000000015,1.0,2.0,1.0
1903,metaxalone,1,C1=C(C=C(C=C1OCC2CNC(O2)=O)C)C,221.25599999999997,47.56,1.79064,1.0,3.0,3.0
1904,metazocine,1,C1=CC(=CC2=C1CC3C(C2(CCN3C)C)C)O,231.33899999999994,23.47,2.546200000000001,1.0,2.0,0.0
1905,metetoin,1,C1=CC=CC=C1C2(N(C(=O)NC2=O)C)CC,218.25599999999997,49.410000000000004,1.4735,1.0,2.0,2.0
1906,methadone(levomethadone),1,C1=CC=CC=C1C(C2=CC=CC=C2)(C(CC)=O)CC(N(C)C)C,309.45300000000003,20.310000000000002,4.292000000000003,0.0,2.0,7.0
1907,methastyridone,1,C1=CC=CC=C1/C=C/C2C(NC(O2)(C)C)=O,217.26799999999997,38.33,1.9509,1.0,2.0,2.0
1908,methiomeprazine(levometiomeprazine),1,C1=C(SC)C=CC3=C1N(C2=C(C=CC=C2)S3)CC(CN(C)C)C,344.54900000000015,6.48,5.208900000000006,0.0,4.0,5.0
1909,methsuximide(mesuximide),1,C2=C(C1(C(N(C)C(C1)=O)=O)C)C=CC=C2,203.241,37.38,1.3330000000000002,0.0,2.0,1.0
1910,methylprednisolone,1,[C@H]24[C@H]1[C@@]([C@](C(CO)=O)(O)CC1)(C[C@@H]([C@@H]2[C@@]3(C(=CC(=O)C=C3)[C@H](C4)C)C)O)C,374.4770000000001,94.83,1.8035999999999999,3.0,5.0,2.0
1911,methylprednisolone-aceponate,1,[C@H]24[C@H]1[C@@]([C@](C(COC(C)=O)=O)(O)CC1)(C[C@@H]([C@@H]2[C@@]3(C(=CC(=O)C=C3)[C@H](C4)C)C)O)C,416.5140000000001,100.90000000000002,2.3744000000000005,2.0,6.0,3.0
1912,methylprednisolone-acetate,1,[C@H]24[C@H]1[C@@]([C@](C(COC(CCC(O)=O)=O)=O)(O)CC1)(C[C@@H]([C@@H]2[C@@]3(C(=CC(=O)C=C3)[C@H](C4)C)C)O)C,474.55000000000024,138.2,2.2192999999999996,3.0,7.0,6.0
1913,metitepine(methiothepin),1,C1=C(SC)C=CC4=C1C(N2CCN(C)CC2)CC3=C(C=CC=C3)S4,356.56,6.48,4.4043000000000045,0.0,4.0,2.0
1914,metomidate,1,C1=NC=C([N]1C(C2=CC=CC=C2)C)C(=O)OC,230.26699999999997,44.120000000000005,2.279,0.0,3.0,3.0
1915,mezepine,1,C1=CC=CC2=C1N(CC3=C(C2)C=CC=C3)CCCNC,266.388,15.27,3.206900000000002,1.0,2.0,4.0
1916,midazolam(midazolammaleate),1,C1=CC(=CC3=C1[N]2C(=CN=C2C)CN=C3C4=CC=CC=C4F)Cl,325.774,30.18,4.324220000000002,0.0,2.0,1.0
1917,milenperone,1,C1=CC(=CC2=C1N(C(=O)N2)CCCN4CCC(C(C3=CC=C(F)C=C3)=O)CC4)Cl,415.8960000000001,58.1,4.1071000000000035,1.0,3.0,6.0
1918,milipertine,1,C1=C(OC)C(=CC2=C1C(=C(C)[NH]2)CCN4CCN(C3=CC=CC=C3OC)CC4)OC,409.53000000000014,49.96000000000001,3.8668200000000033,1.0,5.0,7.0
1919,milnacipran,1,[C@]1([C@H](C1)CN)(C(=O)N(CC)CC)C2=CC=CC=C2.[H+].[Cl-],282.81500000000005,46.330000000000005,-1.112099999999998,1.0,2.0,5.0
1920,mindoperone,1,C1=CC(=CC2=C1C(=C([NH]2)C)C4CCN(CCCC(C3=CC=C(F)C=C3)=O)CC4)OC,408.5170000000001,45.33,5.4665200000000045,1.0,3.0,7.0
1921,mirfentanil,1,C1=NC=CN=C1N(C3CCN(CCC2=CC=CC=C2)CC3)C(C4=CC=CO4)=O,376.46000000000015,62.470000000000006,3.4235000000000024,0.0,5.0,6.0
1922,modaline,1,C1=CN=C(C(=N1)N2CCCCC2)C,177.25099999999998,29.020000000000003,1.77532,0.0,3.0,1.0
1923,mofegiline,1,C1=C(CC\C(CN)=C/F)C=CC(=C1)F,197.228,26.02,2.570400000000001,1.0,1.0,4.0
1924,molindone,1,C(C1=C(C)[NH]C3=C1C(C(CN2CCOCC2)CC3)=O)C,276.37999999999994,45.33,1.96282,1.0,3.0,3.0
1925,nafenodone(dexnafenodone),1,[C@]3(C1=CC=CC=C1)(C(C2=C(C=CC=C2)CC3)=O)CCN(C)C,293.41,20.310000000000002,3.705200000000003,0.0,2.0,4.0
1926,napitane,1,C5CC(CN1CCC(C1)c2ccccc2)c4ccc3OCOc3c4C5,335.4470000000002,21.700000000000003,4.3247000000000035,0.0,3.0,3.0
1927,naranol,1,C1=C4C(=C2C(=C1)C=CC=C2)CC3CN(C)CC(C3(O4)O)C,283.3709999999999,32.7,2.6610000000000005,1.0,3.0,0.0
1928,nealbarbital,1,C(C1(C(NC(=O)NC1=O)=O)CC=C)C(C)(C)C,238.28699999999995,75.27000000000001,1.3510999999999993,2.0,3.0,3.0
1929,nebracetam,1,C1=CC=CC=C1CN2C(CC(C2)CN)=O,204.27299999999997,46.33,0.9938,1.0,2.0,3.0
1930,nefopam,1,C1=CC=CC3=C1C(C2=CC=CC=C2)OCCN(C3)C,253.34499999999994,12.47,3.2380000000000013,0.0,2.0,1.0
1931,nemonapride,1,[C@H]2(NC(=O)C1=C(OC)C=C(NC)C(=C1)Cl)[C@H](N(CC2)CC3=CC=CC=C3)C,387.9110000000002,53.6,3.783100000000003,2.0,4.0,6.0
1932,nerisopam,1,C2=C1C(=NN=C(CC1=CC(=C2OC)OC)C)C3=CC=C(N)C=C3,309.369,69.2,3.0554000000000014,1.0,5.0,3.0
1933,nicodicodine,1,C1=CC(=C3C2=C1CC6C4C2(C(O3)C(CC4)OC(C5=CN=CC=C5)=O)CCN6C)OC,406.48200000000014,60.89,2.9848000000000017,0.0,6.0,3.0
1934,nonaperone,1,C1=CC(=CC=C1C(CCCN2CC3CCC(C2)CC3)=O)F,289.3939999999999,20.310000000000002,3.910600000000003,0.0,2.0,5.0
1935,norcodeine,1,C1=CC(=C3C2=C1CC5C4C2(C(O3)C(O)C=C4)CCN5)OC,285.343,50.72,1.1588999999999998,2.0,4.0,1.0
1936,normethadone,1,C2=C(C(C1=CC=CC=C1)(CCN(C)C)C(CC)=O)C=CC=C2,295.42599999999993,20.310000000000002,3.9035000000000037,0.0,2.0,7.0
1937,ocfentanil,1,C3=C(N(C2CCN(CCC1=CC=CC=C1)CC2)C(COC)=O)C(=CC=C3)F,370.4680000000001,32.78,3.5122000000000027,0.0,3.0,7.0
1938,odapipam,1,[C@@H]4(C1=CC=CC2=C1OCC2)C3=CC(=C(Cl)C=C3CCN(C4)C)O.CC(=O)O,389.87900000000013,70.0,3.691200000000002,2.0,4.0,1.0
1939,olanzapine,1,C1=C3C(=CC=C1)N=C2SC(=CC2=C(N3)N4CCN(CC4)C)C,312.4420000000001,30.870000000000005,1.7464199999999999,1.0,5.0,1.0
1940,opipramol,1,C1=CC=CC2=C1N(C3=C(C=C2)C=CC=C3)CCCN4CCN(CCO)CC4,363.5050000000002,29.950000000000003,3.308500000000002,1.0,4.0,6.0
1941,oxanamide,1,O1CCCCC1C(=O)N,129.159,52.32,0.04080000000000006,1.0,2.0,1.0
1942,oxazolam,1,[C@@]12(C3=C(NC(CN1C[C@H](O2)C)=O)C=CC(=C3)Cl)C4=CC=CC=C4,328.79900000000004,41.57,3.2139000000000015,1.0,3.0,1.0
1943,oxilorphan,1,[C@]235[C@]([C@H](N(CC1CC1)CC2)CC4=C3C=C(O)C=C4)(CCCC5)O,313.4410000000001,43.7,2.9755000000000025,2.0,3.0,2.0
1944,oxomemazine,1,C1=CC=CC3=C1N(C2=C(C=CC=C2)[S]3(=O)=O)CC(CN(C)C)C,330.4530000000001,40.620000000000005,3.1686000000000014,0.0,4.0,4.0
1945,oxypertine,1,C1=C(OC)C(=CC2=C1C(=C(C)[NH]2)CCN4CCN(C3=CC=CC=C3)CC4)OC,379.5040000000001,40.730000000000004,3.858220000000003,1.0,4.0,6.0
1946,oxyridazine,1,C1=C(OC)C=CC3=C1N(C2=C(C=CC=C2)S3)CCC4N(CCCC4)C,354.5190000000002,15.71,5.172300000000005,0.0,4.0,4.0
1947,paracetamol(acetaminophen),1,N(C(=O)C)C1=CC=C(O)C=C1,151.165,49.33,1.3506,2.0,2.0,1.0
1948,paramethadione,1,C(C)C1(C)C(=O)N(C(O1)=O)C,157.16899999999998,46.61,0.7637,0.0,3.0,1.0
1949,paramethasone,1,[C@]12(C(=CC(C=C1)=O)[C@H](C[C@H]3[C@H]4[C@](C[C@@H]([C@H]23)O)([C@](C(=O)CO)(O)[C@@H](C4)C)C)F)C,392.46700000000016,94.83,1.7515999999999996,3.0,5.0,2.0
1950,parapropamol,1,C1=C(NC(CC)=O)C=CC(=C1)O,165.19199999999998,49.33,1.7407,2.0,2.0,2.0
1951,paraxazone,1,C1=CC=CC2=C1N(C(CO2)=O)CC(N)=O,206.20099999999996,72.63,-0.1026999999999999,1.0,3.0,2.0
1952,penciclovir,1,C1=NC2=C([N]1CCC(CO)CO)NC(=NC2=O)N,253.262,130.05,-1.307299999999999,4.0,6.0,5.0
1953,pentamoxane,1,CC(C)CCNCC2COc1ccccc1O2,235.327,30.49,2.4621000000000004,1.0,3.0,5.0
1954,pentylenetetrazole(pentetrazol),1,C2C1=NN=N[N]1CCCC2,138.174,43.6,0.39949999999999997,0.0,3.0,0.0
1955,periciazine,1,C1=C(C=CC3=C1N(CCCN2CCC(CC2)O)C4=C(S3)C=CC=C4)C#N,365.502,50.5,4.007780000000003,1.0,5.0,4.0
1956,perimetazine,1,C1=C(OC)C=CC3=C1N(C2=C(C=CC=C2)S3)CC(CN4CCC(O)CC4)C,384.54500000000024,35.94,4.390700000000003,1.0,5.0,5.0
1957,perisoxal,1,C2=C(C1=CC=CC=C1)ON=C2C(CN3CCCCC3)O,272.3479999999999,49.5,2.8609000000000013,1.0,4.0,4.0
1958,phacetoperane,1,CC(=O)OC(C1CCCCN1)c2ccccc2,233.31100000000004,38.33,2.432900000000001,1.0,3.0,3.0
1959,phenaglycodol,1,C1=C(C(C(C)(C)O)(C)O)C=CC(=C1)Cl,214.69199999999998,40.46,2.3184000000000005,2.0,2.0,2.0
1960,phendimetrazine,1,[C@H]2(C1=CC=CC=C1)[C@@H](N(CCO2)C)C,191.27399999999994,12.47,2.0782,0.0,2.0,1.0
1961,phenelzine,1,[Cl].C1=CC=CC=C1CCNN,171.65099999999998,38.05,1.3818999999999995,2.0,2.0,3.0
1962,pheniprazine,1,C1=CC=CC=C1CC(NN)C,150.22499999999997,38.05,1.0809,2.0,2.0,3.0
1963,phenomorphan,1,C1=C(O)C=CC4=C1C35C(C(N(CCC2=CC=CC=C2)CC3)C4)CCCC5,347.5020000000003,23.47,4.693300000000004,1.0,2.0,3.0
1964,pimethixene,1,C1=CC=CC3=C1C(C2=C(C=CC=C2)S3)=C4CCN(C)CC4,293.43500000000006,3.24,4.678700000000004,0.0,2.0,0.0
1965,piminodine,1,C3=C(C1(C(OCC)=O)CCN(CC1)CCCNC2=CC=CC=C2)C=CC=C3,366.50499999999994,41.57,4.085500000000003,1.0,4.0,8.0
1966,pinazepam,1,C1=C(Cl)C=CC2=C1C(=NCC(N2CC#C)=O)C3=CC=CC=C3,308.768,32.67,3.1572000000000013,0.0,2.0,2.0
1967,pipotiazine,1,C1=C([S](N(C)C)(=O)=O)C=CC3=C1N(C2=C(C=CC=C2)S3)CCCN4CCC(CCO)CC4,475.6800000000004,64.09,4.024100000000003,1.0,6.0,8.0
1968,pipradrol,1,C1=C(C=CC=C1)C(C2=CC=CC=C2)(C3NCCCC3)O,267.37199999999996,32.26,3.0646000000000018,2.0,2.0,3.0
1969,piribedil,1,C4Oc3ccc(CN1CCN(CC1)c2ncccn2)cc3O4,298.34600000000006,50.72,1.5275,0.0,6.0,3.0
1970,pizotifen,1,C1=CSC2=C1C(C3=C(CC2)C=CC=C3)=C4CCN(CC4)C,295.4510000000001,3.24,4.374200000000004,0.0,2.0,0.0
1971,prazepine,1,C1=CC=CC2=C1N(C3=C(CC2)C=CC=C3)CCCN(C)C,280.415,6.48,3.8750000000000027,0.0,2.0,4.0
1972,prednisolone-acetate,1,[C@]34([C@H]([C@H]2[C@@H]([C@@]1(C(=CC(=O)C=C1)CC2)C)[C@H](C3)O)CC[C@@]4(C(COC(C)=O)=O)O)C,402.4870000000002,100.9,2.1284,2.0,6.0,3.0
1973,prednisolone-hemisuccinate,1,[C@]14([C@@](C(=O)COC(CCC(=O)[O-])=O)(CC[C@H]1[C@@H]3CCC2=CC(C=C[C@@]2([C@H]3[C@H](C4)O)C)=O)O)C.[Na+],482.5050000000002,141.03,-2.357399999999995,2.0,8.0,6.0
1974,prednival,1,C(C)CCC(=O)OC3(CCC4C2CCC1=CC(=O)C=CC1(C)C2C(O)CC34C)C(=O)CO,444.5680000000002,100.90000000000002,3.2987000000000024,2.0,6.0,6.0
1975,premazepam,1,C1=C2C(=C([N]1C)C)C(=NCC(N2)=O)C3=CC=CC=C3,253.305,46.39,2.1230200000000004,1.0,2.0,1.0
1976,prideperone,1,C1=C(C(=CC=C1C#N)OC)C(NCCN3CCC(C(C2=CC=C(F)C=C2)=O)CC3)=O,409.4610000000001,82.43,3.030680000000001,1.0,5.0,7.0
1977,procinonide,1,[C@@]23(F)C1(C(=CC(=O)C=C1)[C@@H](F)CC2C5C(CC3O)([C@]4(C(=O)COC(=O)CC)OC(O[C@@H]4C5)(C)C)C)C,508.5580000000004,99.13,3.327700000000002,1.0,7.0,4.0
1978,profexalone,1,C1=CC=CC=C1C2CN(C(NCCC)=O)C(O2)=O,248.28199999999995,58.64000000000001,2.2995,1.0,3.0,3.0
1979,promethazine,1,C1=CC=CC2=C1N(C3=C(S2)C=CC=C3)CC(C)N(C)C,284.42800000000005,6.48,4.239400000000004,0.0,3.0,3.0
1980,propoxate,1,C1=NC=C([N]1C(C2=CC=CC=C2)C)C(OCCC)=O,258.32099999999997,44.120000000000005,3.0592000000000015,0.0,3.0,5.0
1981,prosulpride,1,C1=C([S](N)(=O)=O)C=CC(=C1C(NCC2N(CCC2)CCC)=O)OC,355.4600000000002,101.73,0.9467999999999994,2.0,5.0,7.0
1982,prothipendyl,1,C1=CC=CC2=C1N(C3=C(S2)C=CC=N3)CCCN(C)C,285.416,19.370000000000005,3.636000000000003,0.0,4.0,4.0
1983,pyrithyldione,1,C(C1(C(C=CNC1=O)=O)CC)C,167.20799999999997,46.17,1.0053999999999998,1.0,2.0,2.0
1984,pyrovalerone,1,C2=C(C(C(N1CCCC1)CCC)=O)C=CC(=C2)C,245.36599999999999,20.310000000000002,3.4422200000000025,0.0,2.0,5.0
1985,quinupramine,1,C1=CC=CC4=C1N(C2C3CCN(C2)CC3)C5=C(CC4)C=CC=C5,304.4369999999999,6.48,4.017500000000004,0.0,2.0,1.0
1986,ralitoline,1,C1=C(Cl)C(=C(C=C1)C)NC(=O)/C=C/2SCC(=O)N2C,296.779,49.410000000000004,2.6335200000000007,1.0,3.0,2.0
1987,razobazam,1,C3=C(N2C1=C([NH]N=C1N(C(=O)CC2=O)C)C)C=CC=C3,270.292,69.30000000000001,1.74932,1.0,3.0,1.0
1988,reboxetine,1,[C@H](C1=CC=CC=C1)([C@@H]2CNCCO2)OC3=CC=CC=C3OCC,313.39700000000005,39.72,3.1938000000000013,1.0,4.0,6.0
1989,remoxipride,1,[C@H]2(CNC(C1=C(C=CC(=C1OC)Br)OC)=O)N(CCC2)CC,371.2750000000002,50.800000000000004,2.6804000000000014,1.0,4.0,6.0
1990,revospirone,1,C1=CC=CC4=C1C(N(CCCN3CCN(C2=NC=CC=N2)CC3)[S]4(=O)=O)=O,387.46500000000015,86.71000000000001,0.8334000000000001,0.0,7.0,5.0
1991,rilapine,1,C1=C(Cl)C=CC\3=C1C=C(N2CCN(C)CC2)C4=C(C3=C/C#N)C=CC=C4,361.87600000000003,30.27,4.354180000000004,0.0,3.0,1.0
1992,riluzole,1,[H+].C1=C(OC(F)(F)F)C=CC2=C1SC(=N2)N.[Cl-],270.663,48.14,-0.10639999999999994,1.0,4.0,1.0
1993,roflurane,1,COC(C(F)Br)(F)F,192.962,9.23,1.9161000000000001,0.0,1.0,2.0
1994,roletamide,1,C1=C(C(=C(C=C1C(\C=C\N2CC=CC2)=O)OC)OC)OC,289.33099999999996,48.0,2.2805999999999997,0.0,5.0,6.0
1995,rolziracetam,1,O=C1N2C(CC1)CCC2=O,139.154,37.38,0.29779999999999984,0.0,2.0,0.0
1996,ropizine,1,C4=C(C(N2CCN(\N=C\C1=NC(=CC=C1)C)CC2)C3=CC=CC=C3)C=CC=C4,370.5,31.73,4.131120000000004,0.0,4.0,5.0
1997,rufinamide,1,C1=C(C(N)=O)N=N[N]1CC2=C(C=CC=C2F)F,238.197,73.80000000000001,0.7034999999999997,1.0,3.0,3.0
1998,sabeluzole,1,C1=CC=CC2=C1N=C(S2)N(C4CCN(CC(COC3=CC=C(C=C3)F)O)CC4)C,415.53400000000016,48.830000000000005,3.7759000000000027,1.0,6.0,7.0
1999,seproxetine,1,NCCC(Oc1ccc(cc1)C(F)(F)F)c2ccccc2,295.304,35.25,4.174300000000003,1.0,2.0,5.0
2000,setoperone,1,C4=C(C(C3CCN(CCC1=C(N=C2N(C1=O)CCS2)C)CC3)=O)C=CC(=C4)F,401.5070000000001,55.2,2.9339200000000014,0.0,5.0,5.0
2001,sipatrigine,1,C3=C(C2=C(N=C(N1CCN(C)CC1)N=C2)N)C(=C(C=C3Cl)Cl)Cl,372.6869999999999,58.28,3.437800000000002,1.0,5.0,2.0
2002,spiclamine,1,[C@@H]3(C1=CC=C(Cl)C=C1)[C@H]2CC[C@@H](C2)C34CCC(=N4)N5CCOCC5,344.88600000000014,24.83,4.116800000000003,0.0,3.0,1.0
2003,spiroxatrine,1,C1=CC=CC=C1N2C5(C(NC2)=O)CCN(CC4OC3=C(C=CC=C3)OC4)CC5,379.46000000000015,54.040000000000006,2.2549,1.0,5.0,3.0
2004,sulazepam,1,C1=C(Cl)C=CC2=C1C(=NCC(=S)N2C)C3=CC=CC=C3,300.81399999999996,15.6,3.954600000000003,0.0,2.0,1.0
2005,sulfonethylmethane,1,C(C([S](CC)(=O)=O)([S](CC)(=O)=O)C)C,242.36199999999997,68.28,0.9819999999999998,0.0,4.0,5.0
2006,sulpiride,1,C1=C([S](=O)(=O)N)C=CC(=C1C(NCC2N(CC)CCC2)=O)OC,341.43300000000016,101.73,0.5566999999999995,2.0,5.0,6.0
2007,supidimide,1,C1=CC=CC3=C1C(N(C2C(NCCC2)=O)[S]3(=O)=O)=O,280.305,83.55000000000001,0.10970000000000013,1.0,4.0,1.0
2008,taclamine,1,C5=C2C1=C(CCC4=C(C1CN3CCCCC23)C=CC=C4)C=C5,289.42199999999997,3.24,4.4577000000000035,0.0,1.0,0.0
2009,talbutal,1,C(C(C)C1(CC=C)C(=O)NC(NC1=O)=O)C,224.26,75.27000000000001,0.961,2.0,3.0,4.0
2010,tenilapine,1,C3=C2C(=NC1=CSC=C1C(/C2=CS3)=C/C#N)N4CCN(C)CC4,340.4770000000002,42.63,3.4039800000000033,0.0,6.0,0.0
2011,teniloxazine,1,C1=CC=CC(=C1CC2=CC=CS2)OCC3OCCNC3.O=C(O)\C=C/C(=O)O,405.47200000000015,105.09000000000002,2.4179,3.0,6.0,7.0
2012,tetrazepam,1,C1=C(Cl)C=CC2=C1C(=NCC(=O)N2C)C3=CCCCC3,288.7780000000001,32.67,3.605900000000002,0.0,2.0,1.0
2013,thiotetrabarbital,1,C(C1(C(CCC)CC)C(NC(=S)NC1=O)=O)C,256.371,58.199999999999996,1.74,2.0,3.0,5.0
2014,tiapride,1,C1=C([S](C)(=O)=O)C=CC(=C1C(NCCN(CC)CC)=O)OC,328.4340000000001,75.71000000000001,1.1703,1.0,5.0,8.0
2015,ticabesone(ticabesone-propionate),1,[C@]14([C@](OC(=O)CC)([C@@H](CC1C3[C@@](F)(C2(C(=CC(=O)C=C2)[C@@H](F)C3)C)[C@@H](O)C4)C)C(SC)=O)C,482.5890000000002,80.67000000000002,4.132800000000003,1.0,6.0,3.0
2016,tienopramine,1,C1=CSC2=C1N(C3=C(C=C2)C=CC=C3)CCCN(C)C,284.42800000000005,6.48,4.321700000000003,0.0,3.0,4.0
2017,tiflucarbine,1,C1=C4C(=C2C(=C1F)SC=C2C)C3=C(CCN(C3)CC)[NH]4,288.39099999999996,19.03,4.208120000000003,1.0,2.0,1.0
2018,tiletamine,1,C1=C(SC=C1)C2(C(CCCC2)=O)NCC,223.34099999999992,29.1,2.6960000000000006,1.0,3.0,3.0
2019,timobesone,1,CSC(=O)C3(O)C(C)CC4C2CCC1=CC(=O)C=CC1(C)C2(F)C(O)CC34C,408.5350000000001,74.6,3.223900000000002,2.0,5.0,1.0
2020,tolboxane,1,C1=CC(=CC=C1B2OCC(CCC)(C)CO2)C,232.13199999999992,18.46,2.5434200000000002,0.0,2.0,3.0
2021,toloxatone,1,C2=C(N1CC(CO)OC1=O)C=CC=C2C,207.22899999999998,49.77,1.31252,1.0,3.0,2.0
2022,tomoxetine,1,[C@H](OC1=C(C=CC=C1)C)(C2=CC=CC=C2)CCNC,255.36099999999996,21.259999999999998,3.7246200000000016,1.0,2.0,6.0
2023,toprilidine,1,C1=CC=CC(=C1N3CCN(CCCOC2=CC=CC=N2)CC3)C,311.4290000000001,28.6,2.9811200000000015,0.0,4.0,6.0
2024,trepipam(trimopam),1,[C@H]2(C1=CC(=C(OC)C=C1CCN(C2)C)OC)C3=CC=CC=C3,297.39799999999997,21.700000000000003,3.3236000000000017,0.0,3.0,3.0
2025,triamcinolone-acetonide,1,[C@@]45([C@@]3([C@H]([C@H]2[C@]([C@@]1(C(=CC(=O)C=C1)CC2)C)(F)[C@H](C3)O)C[C@H]4OC(O5)(C)C)C)C(CO)=O,434.50400000000025,93.06,2.4188000000000014,2.0,6.0,2.0
2026,triamcinolone-diacetate,1,[C@]34([C@H]([C@H]2[C@]([C@@]1(C(=CC(=O)C=C1)CC2)C)(F)[C@H](C3)O)C[C@H]([C@@]4(C(COC(C)=O)=O)O)OC(C)=O)C,478.5130000000003,127.20000000000002,1.7620999999999996,2.0,8.0,4.0
2027,triamcinolone-hexacetonide,1,[C@@]45([C@@]3([C@H]([C@H]2[C@]([C@@]1(C(=CC(=O)C=C1)CC2)C)(F)[C@H](C3)O)C[C@H]4OC(O5)(C)C)C)C(COC(CC(C)(C)C)=O)=O,532.6490000000005,99.13,4.405900000000004,1.0,7.0,4.0
2028,triclacetamol,1,C1=C(NC(C(Cl)(Cl)Cl)=O)C=CC(=C1)O,254.50000000000003,49.33,2.7009000000000003,2.0,2.0,1.0
2029,triflubazam,1,C1=C(C(F)(F)F)C=CC3=C1N(C2=CC=CC=C2)C(CC(N3C)=O)=O,334.29700000000014,40.620000000000005,3.7366000000000037,0.0,2.0,1.0
2030,trifluomeprazine,1,C1=CC=C2C(=C1)SC3=C(N2CC(C)CN(C)C)C=C(C=C3)C(F)(F)F,366.452,6.48,5.505800000000004,0.0,3.0,4.0
2031,trifluoperazine,1,C1=C(C=CC3=C1N(CCCN2CCN(CC2)C)C4=C(S3)C=CC=C4)C(F)(F)F,407.50499999999994,9.72,4.945600000000005,0.0,4.0,4.0
2032,trimethadione,1,CC1(C(N(C(O1)=O)C)=O)C,143.142,46.61,0.37360000000000004,0.0,3.0,0.0
2033,tropapride,1,[C@H]13N([C@H](CC(C1)NC(C2=CC=CC(=C2OC)OC)=O)CC3)CC4=CC=CC=C4,380.48800000000017,50.800000000000004,3.6292000000000026,1.0,4.0,6.0
2034,tuclazepam,1,C1=C2C(=CC=C1)N(C(Cl)(CN=C2C3=CC=CC=C3Cl)CO)C,335.2340000000001,35.83,3.5546000000000024,1.0,3.0,2.0
2035,ulobetasol,1,CC4CC3C2CC(F)C1=CC(=O)C=CC1(C)C2(F)C(O)CC3(C)C4(O)C(=O)CCl,428.90300000000025,74.6,3.090200000000002,2.0,4.0,2.0
2036,valdetamide,1,C(C(C(N)=O)(CC)CC)C=C,155.24099999999996,43.09,1.8541999999999996,1.0,1.0,5.0
2037,valnoctamide,1,C(C(C(CC)C)C(N)=O)C,143.23,43.09,1.544,1.0,1.0,4.0
2038,valperinol,1,[C@@H]1(C[C@H]3[C@H]2[C@@]1(O[C@H](O[C@H]2OC)[C@@H]3C)CN4CCCCC4)O,297.39500000000004,51.16,1.2031999999999998,1.0,5.0,3.0
2039,valpromide,1,C(C(CCC)C(N)=O)CC,143.23,43.09,1.6881,1.0,1.0,5.0
2040,vinbarbital,1,C(C1(C(NC(=O)NC1=O)=O)C(=C/CC)/C)C,224.25999999999996,75.27000000000001,1.1050999999999993,2.0,3.0,3.0
2041,vinylbital,1,C(C(C1(C(NC(=O)NC1=O)=O)C=C)C)CC,224.25999999999996,75.27000000000001,0.9609999999999994,2.0,3.0,4.0
2042,viqualine,1,C1=C(OC)C=CC2=NC=CC(=C12)CCCC3C(CNCC3)C=C,310.4410000000001,34.15,3.977800000000003,1.0,3.0,6.0
2043,xanomeline,1,C(OC1=NSN=C1C2=CCCN(C2)C)CCCCC,281.42499999999995,38.25000000000001,3.2161000000000017,0.0,5.0,7.0
2044,zaleplon,1,C2=N[N]1C(=CC=NC1=C2C#N)C3=CC(=CC=C3)N(C(C)=O)CC,305.3410000000001,74.29,2.6407800000000003,0.0,4.0,3.0
2045,zimeldine,1,C2=C(\C(C1=CC=CN=C1)=C\CN(C)C)C=CC(=C2)Br,317.22999999999996,16.130000000000003,3.8374000000000024,0.0,2.0,4.0
2046,zomebazam,1,C3=C(N2C1=C([N](C)N=C1C)N(C(=O)CC2=O)C)C=CC=C3,284.31899999999996,58.440000000000005,1.7597199999999997,0.0,3.0,1.0
2047,zometapine,1,C3=C(C1=NCCN=C2N(NC(=C12)C)C)C=CC=C3Cl,274.755,39.99,2.2652,1.0,4.0,1.0
2048,nitrous-oxide,1,[N+](=[N-])=O,44.013,53.470000000000006,-0.1584,0.0,1.0,0.0
2049,licostinel,1,C1=C(Cl)C(=C(C2=C1NC(=O)C(N2)=O)[N+](=O)[O-])Cl,276.03499999999997,108.86000000000001,1.4314000000000002,2.0,4.0,1.0
2050,ademetionine(adenosyl-methionine),1,[C@H]3([N]2C1=C(C(=NC=N1)N)N=C2)[C@@H]([C@@H]([C@H](O3)C[S+](CC[C@@H](C([O-])=O)N)C)O)O,398.4450000000002,185.46,-3.2568999999999964,4.0,10.0,7.0
2051,mesocarb,1,[O+]1=N[N](C=C1[N-]C(NC2=CC=CC=C2)=O)C(CC3=CC=CC=C3)C,322.36800000000005,72.32,4.798200000000003,1.0,2.0,5.0
2052,tofisoline,1,C1=C(OC)C(=CC2=C1C(=[N+](C(=C2CC)C)[NH-])C3=CC=C(C(=C3)OC)OC)OC,382.46000000000015,64.60000000000001,4.514820000000003,0.0,4.0,6.0
2053,azidamfenicol,1,[N+](=NCC(=O)N[C@@H]([C@H](O)C1=CC=C([N+]([O-])=O)C=C1)CO)=[N-],295.255,161.46,0.41560000000000025,3.0,6.0,7.0
