Source,No,No-Li,Name,SMILES,Alternative_SMILES,Original_SMILES,BBB,Ref
Adenot,,,12dichlorotetrafluoroethane (cryofluorane),FC(F)(Cl)C(F)(F)Cl,FC(F)(Cl)C(F)(F)Cl,,1,
Adenot,,,2methylthiophencyclidine (gacyclidine),CC1CCCCC1(N1CCCCC1)c1sccc1,CC1CCCCC1(N1CCCCC1)c1sccc1,,1,
Adenot,,,7amphetaminoethyltheophylline (fenetylline),CC(Cc1ccccc1)NCCn2cnc3n(C)c(=O)n(C)c(=O)c23,CC(Cc1ccccc1)NCCn2cnc3n(C)c(=O)n(C)c(=O)c23,,1,
Adenot,,,acaprazine,CC(=O)NCCCN1CCN(CC1)c2cc(Cl)ccc2Cl ,CC(=O)NCCCN1CCN(CC1)c2cc(Cl)ccc2Cl ,,1,
Adenot,,,acebrochol,CC(C)CCCC(C)C3CCC4C2CC(Br)C1(Br)CC(CCC1(C)C2CCC34C)OC(C)=O ,CC(C)CCCC(C)C3CCC4C2CC(Br)C1(Br)CC(CCC1(C)C2CCC34C)OC(C)=O ,,1,
Adenot,,,acecarbromal,CCC(Br)(CC)C(=O)NC(=O)NC(C)=O ,CCC(Br)(CC)C(=O)NC(=O)NC(C)=O ,,1,
Adenot,,,acefurtiamine,CC(=O)OCC(=O)OCCC(SC(=O)c1ccco1)=C(C)N(Cc2cnc(C)nc2N)C=O ,CC(=O)OCC(=O)OCCC(SC(=O)c1ccco1)=C(C)N(Cc2cnc(C)nc2N)C=O ,,1,
Adenot,,,aceglutamide,CC(=O)NC(CCC(N)=O)C(O)=O ,CC(=O)NC(CCC(N)=O)C(O)=O ,,1,
Adenot,,,aceperone,CC(=O)NCC2(CCN(CCCC(=O)c1ccc(F)cc1)CC2)c3ccccc3 ,CC(=O)NCC2(CCN(CCCC(=O)c1ccc(F)cc1)CC2)c3ccccc3 ,,1,
Adenot,,,acetaminosalol,CC(=O)Nc2ccc(OC(=O)c1ccccc1O)cc2 ,CC(=O)Nc2ccc(OC(=O)c1ccccc1O)cc2 ,,1,
Adenot,,,acetazolamide,CC(=O)Nc1nnc(s1)S(N)(=O)=O ,CC(=O)Nc1nnc(s1)S(N)(=O)=O ,,1,
Adenot,,,acetiamine,CC(=O)OCCC(SC(C)=O)=C(C)N(Cc1cnc(C)nc1N)C=O ,CC(=O)OCCC(SC(C)=O)=C(C)N(Cc1cnc(C)nc1N)C=O ,,1,
Adenot,,,acetorphan (racecadotril and ecadotril),CC(=O)SCC(Cc1ccccc1)C(=O)NCC(=O)OCc1ccccc1,CC(=O)SCC(Cc1ccccc1)C(=O)NCC(=O)OCc1ccccc1,,1,
Adenot,,,acetorphine,CCCC(C)(O)C1CC23C=CC1(OC)C4Oc5c(OC(C)=O)ccc6CC2N(C)CCC34c56 ,CCCC(C)(O)C1CC23C=CC1(OC)C4Oc5c(OC(C)=O)ccc6CC2N(C)CCC34c56 ,,1,
Adenot,,,"acetylmethadol (levacetylmethadol, alphacetylmethadol, betacetylmethadol )",CCC(OC(C)=O)C(CC(C)N(C)C)(c1ccccc1)c2ccccc2 ,CCC(OC(C)=O)C(CC(C)N(C)C)(c1ccccc1)c2ccccc2 ,,1,
Adenot,,,acevaltrate,CC(C)CC(=O)OC2C=C1C(C(OC=C1COC(C)=O)OC(=O)CC(C)(C)OC(C)=O)C23CO3 ,CC(C)CC(=O)OC2C=C1C(C(OC=C1COC(C)=O)OC(=O)CC(C)(C)OC(C)=O)C23CO3 ,,1,
Adenot,,,acrocinonide,CC34CC(O)C1(F)C(CCC2=CC(=O)C=CC12C)C3CC5OC(OC45C(=O)CO)C=C ,CC34CC(O)C1(F)C(CCC2=CC(=O)C=CC12C)C3CC5OC(OC45C(=O)CO)C=C ,,1,
Adenot,,,acyclovir (aciclovir),NC1=Nc2n(cnc2C(=O)N1)COCCO,NC1=Nc2n(cnc2C(=O)N1)COCCO,,1,
Adenot,,,adafenoxate,Clc4ccc(OCC(=O)OCCNC23CC1CC(CC(C1)C2)C3)cc4 ,Clc4ccc(OCC(=O)OCCNC23CC1CC(CC(C1)C2)C3)cc4 ,,1,
Adenot,,,adatanserin,O=C(NCCN1CCN(CC1)c2ncccn2)C45CC3CC(CC(C3)C4)C5 ,O=C(NCCN1CCN(CC1)c2ncccn2)C45CC3CC(CC(C3)C4)C5 ,,1,
Adenot,,,alaproclate,CC(N)C(=O)OC(C)(C)Cc1ccc(Cl)cc1 ,CC(N)C(=O)OC(C)(C)Cc1ccc(Cl)cc1 ,,1,
Adenot,,,alclometasone-dipropionate,CCC(=O)OCC(=O)C3(OC(=O)CC)C(C)CC4C2C(Cl)CC1=CC(=O)C=CC1(C)C2C(O)CC34C ,CCC(=O)OCC(=O)C3(OC(=O)CC)C(C)CC4C2C(Cl)CC1=CC(=O)C=CC1(C)C2C(O)CC34C ,,1,
Adenot,,,alentemol,CCCN(CCC)C1Cc2cccc3cc(O)cc(C1)c23 ,CCCN(CCC)C1Cc2cccc3cc(O)cc(C1)c23 ,,1,
Adenot,,,alfadolone,CC13CCC(O)CC1CCC4C2CCC(C(=O)CO)C2(C)CC(=O)C34 ,CC13CCC(O)CC1CCC4C2CCC(C(=O)CO)C2(C)CC(=O)C34 ,,1,
Adenot,,,alfaxalone (renanolone),CC(=O)C3CCC4C2CCC1CC(O)CCC1(C)C2C(=O)CC34C ,CC(=O)C3CCC4C2CCC1CC(O)CCC1(C)C2C(=O)CC34C ,,1,
Adenot,,,alfentanil,CCC(=O)N(c1ccccc1)C3(CCN(CCn2nnn(CC)c2=O)CC3)COC ,CCC(=O)N(c1ccccc1)C3(CCN(CCn2nnn(CC)c2=O)CC3)COC ,,1,
Adenot,,,algestone-acetonide,CC(=O)C14OC(C)(C)OC1CC5C3CCC2=CC(=O)CCC2(C)C3CCC45C ,CC(=O)C14OC(C)(C)OC1CC5C3CCC2=CC(=O)CCC2(C)C3CCC45C ,,1,
Adenot,,,aliflurane,COC1(F)C(F)(F)C1(F)Cl ,COC1(F)C(F)(F)C1(F)Cl ,,1,
Adenot,,,alletorphine,CCCC(C)(O)C1CC23C=CC1(OC)C4Oc5c(O)ccc6CC2N(CCC34c56)CC=C ,CCCC(C)(O)C1CC23C=CC1(OC)C4Oc5c(O)ccc6CC2N(CCC34c56)CC=C ,,1,
Adenot,,,allomethadione,CC1OC(=O)N(CC=C)C1=O ,CC1OC(=O)N(CC=C)C1=O ,,1,
Adenot,,,almoxatone,CNCC1CN(C(=O)O1)c3ccc(OCc2cccc(Cl)c2)cc3 ,CNCC1CN(C(=O)O1)c3ccc(OCc2cccc(Cl)c2)cc3 ,,1,
Adenot,,,alnespirone,COc3cccc4OCC(CCCNCCCCN2C(=O)CC1(CCCC1)CC2=O)Cc34 ,COc3cccc4OCC(CCCNCCCCN2C(=O)CC1(CCCC1)CC2=O)Cc34 ,,1,
Adenot,,,alonimid,O=C3CCC1(CCC(=O)c2ccccc12)C(=O)N3 ,O=C3CCC1(CCC(=O)c2ccccc12)C(=O)N3 ,,1,
Adenot,,,aloracetam,CC(=O)NCCn1c(C)cc(C=O)c1C ,CC(=O)NCCn1c(C)cc(C=O)c1C ,,1,
Adenot,,,alozafone,CC(CC#N)N(C)CC(=O)N(C)c1ccc(Cl)cc1C(=O)c2ccccc2F ,CC(CC#N)N(C)CC(=O)N(C)c1ccc(Cl)cc1C(=O)c2ccccc2F ,,1,
Adenot,,,alphameprodine (betameprodine),CCC1CN(C)CCC1(OC(=O)CC)c2ccccc2 ,CCC1CN(C)CCC1(OC(=O)CC)c2ccccc2 ,,1,
Adenot,,,alphamethadol,CCC(O)C(CC(C)N(C)C)(c1ccccc1)c2ccccc2 ,CCC(O)C(CC(C)N(C)C)(c1ccccc1)c2ccccc2 ,,1,
Adenot,,,alpiropride,CNS(=O)(=O)c2cc(C(=O)NCC1CCCN1CC=C)c(OC)cc2N ,CNS(=O)(=O)c2cc(C(=O)NCC1CCCN1CC=C)c(OC)cc2N ,,1,
Adenot,,,alrestatin,OC(=O)CN1C(=O)c2cccc3cccc(C1=O)c23 ,OC(=O)CN1C(=O)c2cccc3cccc(C1=O)c23 ,,1,
Adenot,,,amcinafal,CCC5(CC)OC4CC3C2CCC1=CC(=O)C=CC1(C)C2(F)C(O)CC3(C)C4(O5)C(=O)CO ,CCC5(CC)OC4CC3C2CCC1=CC(=O)C=CC1(C)C2(F)C(O)CC3(C)C4(O5)C(=O)CO ,,1,
Adenot,,,amcinafide,CC5(OC4CC3C2CCC1=CC(=O)C=CC1(C)C2(F)C(O)CC3(C)C4(O5)C(=O)CO)c6ccccc6 ,CC5(OC4CC3C2CCC1=CC(=O)C=CC1(C)C2(F)C(O)CC3(C)C4(O5)C(=O)CO)c6ccccc6 ,,1,
Adenot,,,amcinonide,CC(=O)OCC(=O)C25OC1(CCCC1)OC2CC6C4CCC3=CC(=O)C=CC3(C)C4(F)C(O)CC56C ,CC(=O)OCC(=O)C25OC1(CCCC1)OC2CC6C4CCC3=CC(=O)C=CC3(C)C4(F)C(O)CC56C ,,1,
Adenot,,,amelometasone,CCC(=O)OC3(C(C)CC4C2CCC1=CC(=O)C=CC1(C)C2(F)C(O)CC34C)C(=O)COC ,CCC(=O)OC3(C(C)CC4C2CCC1=CC(=O)C=CC1(C)C2(F)C(O)CC34C)C(=O)COC ,,1,
Adenot,,,ameltolide,Cc1cccc(C)c1NC(=O)c2ccc(N)cc2 ,Cc1cccc(C)c1NC(=O)c2ccc(N)cc2 ,,1,
Adenot,,,amesergide,CC(C)n3cc4CC1C(CC(CN1C)C(=O)NC2CCCCC2)c5cccc3c45 ,CC(C)n3cc4CC1C(CC(CN1C)C(=O)NC2CCCCC2)c5cccc3c45 ,,1,
Adenot,,,amfetaminil,CC(Cc1ccccc1)NC(C#N)c2ccccc2 ,CC(Cc1ccccc1)NC(C#N)c2ccccc2 ,,1,
Adenot,,,amineptine,OC(=O)CCCCCCNC2c1ccccc1CCc3ccccc23 ,OC(=O)CCCCCCNC2c1ccccc1CCc3ccccc23 ,,1,
Adenot,,,amisulpride,CCN1CCCC1CNC(=O)c2cc(c(N)cc2OC)S(=O)(=O)CC ,CCN1CCCC1CNC(=O)c2cc(c(N)cc2OC)S(=O)(=O)CC ,,1,
Adenot,,,amitriptylinoxide,CN(C)(=O)CCC=C2c1ccccc1CCc3ccccc23 ,CN(C)(=O)CCC=C2c1ccccc1CCc3ccccc23 ,,1,
Adenot,,,amixetrine,CC(C)CCOC(CN1CCCC1)c2ccccc2 ,CC(C)CCOC(CN1CCCC1)c2ccccc2 ,,1,
Adenot,,,amperozide,CCNC(=O)N3CCN(CCCC(c1ccc(F)cc1)c2ccc(F)cc2)CC3 ,CCNC(=O)N3CCN(CCCC(c1ccc(F)cc1)c2ccc(F)cc2)CC3 ,,1,
Adenot,,,amphenidone,Nc1cccc(c1)n2ccccc2=O ,Nc1cccc(c1)n2ccccc2=O ,,1,
Adenot,,,amphetamine,CC(N)Cc1ccccc1 ,CC(N)Cc1ccccc1 ,,1,
Adenot,,,ampyzine,CN(C)c1cnccn1 ,CN(C)c1cnccn1 ,,1,
Adenot,,,amylene-hydrate,CCC(C)(C)O ,CCC(C)(C)O ,,1,
Adenot,,,anileridine,CCOC(=O)C2(CCN(CCc1ccc(N)cc1)CC2)c3ccccc3 ,CCOC(=O)C2(CCN(CCc1ccc(N)cc1)CC2)c3ccccc3 ,,1,
Adenot,,,aniracetam,COc1ccc(cc1)C(=O)N2CCCC2=O ,COc1ccc(cc1)C(=O)N2CCCC2=O ,,1,
Adenot,,,anseculin,COc2cc1oc(=O)c(C)c(C)c1cc2OCCCN3CCN(CC3)c4ccccc4OC ,COc2cc1oc(=O)c(C)c(C)c1cc2OCCCN3CCN(CC3)c4ccccc4OC ,,1,
Adenot,,,apadoline,CCCNC(=O)c4ccc3Sc1ccccc1N(CCN2CCCC2)c3c4 ,CCCNC(=O)c4ccc3Sc1ccccc1N(CCN2CCCC2)c3c4 ,,1,
Adenot,,,apomorphine,CN2CCc1cccc3c1C2Cc4ccc(O)c(O)c34 ,CN2CCc1cccc3c1C2Cc4ccc(O)c(O)c34 ,,1,
Adenot,,,aprobarbital,CC(C)C1(CC=C)C(=O)NC(=O)NC1=O ,CC(C)C1(CC=C)C(=O)NC(=O)NC1=O ,,1,
Adenot,,,aripiprazole,Clc4cccc(N3CCN(CCCCOc2ccc1CCC(=O)Nc1c2)CC3)c4Cl ,Clc4cccc(N3CCN(CCCCOc2ccc1CCC(=O)Nc1c2)CC3)c4Cl ,,1,
Adenot,,,ascorbic-acid,OCC(O)C1OC(=O)C(=C1O)O ,OCC(O)C1OC(=O)C(=C1O)O ,,1,
Adenot,,,aspirin,CC(=O)Oc1ccccc1C(O)=O ,CC(=O)Oc1ccccc1C(O)=O ,,1,
Adenot,,,atolide,CCN(CC)c2ccc(NC(=O)c1ccccc1N)c(C)c2 ,CCN(CC)c2ccc(NC(=O)c1ccccc1N)c(C)c2 ,,1,
Adenot,,,atromepine,CN1C2CCC1CC(C2)OC(=O)C(C)(CO)c3ccccc3 ,CN1C2CCC1CC(C2)OC(=O)C(C)(CO)c3ccccc3 ,,1,
Adenot,,,atropine-oxide,CN1(=O)C2CCC1CC(C2)OC(=O)C(CO)c3ccccc3 ,CN1(=O)C2CCC1CC(C2)OC(=O)C(CO)c3ccccc3 ,,1,
Adenot,,,avizafone,CN(C(=O)CNC(=O)C(N)CCCCN)c1ccc(Cl)cc1C(=O)c2ccccc2 ,CN(C(=O)CNC(=O)C(N)CCCCN)c1ccc(Cl)cc1C(=O)c2ccccc2 ,,1,
Adenot,,,axamozide,Clc5ccc4n(C1CCN(CC1)CC3COc2ccccc2O3)c(=O)[nH]c4c5 ,Clc5ccc4n(C1CCN(CC1)CC3COc2ccccc2O3)c(=O)[nH]c4c5 ,,1,
Adenot,,,azabon,Nc1ccc(cc1)S(=O)(=O)N3CC2CCC(CC2)C3 ,Nc1ccc(cc1)S(=O)(=O)N3CC2CCC(CC2)C3 ,,1,
Adenot,,,azabuperone,Fc1ccc(cc1)C(=O)CCCN3CCN2CCCC2C3 ,Fc1ccc(cc1)C(=O)CCCN3CCN2CCCC2C3 ,,1,
Adenot,,,azacyclonol,OC(C1CCNCC1)(c2ccccc2)c3ccccc3 ,OC(C1CCNCC1)(c2ccccc2)c3ccccc3 ,,1,
Adenot,,,azaloxan,O=C1NCCN1C4CCN(CCC3COc2ccccc2O3)CC4 ,O=C1NCCN1C4CCN(CCC3COc2ccccc2O3)CC4 ,,1,
Adenot,,,azaperone,Fc1ccc(cc1)C(=O)CCCN2CCN(CC2)c3ccccn3 ,Fc1ccc(cc1)C(=O)CCCN2CCN(CC2)c3ccccn3 ,,1,
Adenot,,,azaquinzole,C3CN2CCc1ccccc1C2CN3 ,C3CN2CCc1ccccc1C2CN3 ,,1,
Adenot,,,azepindole,C3CNCc2cc1ccccc1n2C3 ,C3CNCc2cc1ccccc1n2C3 ,,1,
Adenot,,,azipramine,CN(CCc2cc3cccc4CCc1ccccc1n2c34)Cc5ccccc5 ,CN(CCc2cc3cccc4CCc1ccccc1n2c34)Cc5ccccc5 ,,1,
Adenot,,,balaperidone,Fc1ccc(cc1)C4CC5CN(CCn3c(=O)[nH]c2ccccc2c3=O)CC45 ,Fc1ccc(cc1)C4CC5CN(CCn3c(=O)[nH]c2ccccc2c3=O)CC45 ,,1,
Adenot,,,bamifylline,CCN(CCO)CCn2c(Cc1ccccc1)nc3n(C)c(=O)n(C)c(=O)c23 ,CCN(CCO)CCn2c(Cc1ccccc1)nc3n(C)c(=O)n(C)c(=O)c23 ,,1,
Adenot,,,barbital,CCC1(CC)C(=O)NC(=O)NC1=O ,CCC1(CC)C(=O)NC(=O)NC1=O ,,1,
Adenot,,,batelapine,CN1CCN(CC1)C3=Nc2ccccc2Cc4nc(C)nn34 ,CN1CCN(CC1)C3=Nc2ccccc2Cc4nc(C)nn34 ,,1,
Adenot,,,beclamide,ClCCC(=O)NCc1ccccc1 ,ClCCC(=O)NCc1ccccc1 ,,1,
Adenot,,,beclomethasone (beclometasone),CC4CC3C2CCC1=CC(=O)C=CC1(C)C2(Cl)C(O)CC3(C)C4(O)C(=O)CO,CC4CC3C2CCC1=CC(=O)C=CC1(C)C2(Cl)C(O)CC3(C)C4(O)C(=O)CO,,1,
Adenot,,,befloxatone,COCC1CN(C(=O)O1)c2ccc(OCCC(O)C(F)(F)F)cc2 ,COCC1CN(C(=O)O1)c2ccc(OCCC(O)C(F)(F)F)cc2 ,,1,
Adenot,,,bemegride,CCC1(C)CC(=O)NC(=O)C1 ,CCC1(C)CC(=O)NC(=O)C1 ,,1,
Adenot,,,benactyzine,CCN(CC)CCOC(=O)C(O)(c1ccccc1)c2ccccc2 ,CCN(CC)CCOC(=O)C(O)(c1ccccc1)c2ccccc2 ,,1,
Adenot,,,benfotiamine,CC(N(Cc1cnc(C)nc1N)C=O)=C(CCOP(O)(O)=O)SC(=O)c2ccccc2 ,CC(N(Cc1cnc(C)nc1N)C=O)=C(CCOP(O)(O)=O)SC(=O)c2ccccc2 ,,1,
Adenot,,,benorilate,CC(=O)Nc2ccc(OC(=O)c1ccccc1OC(C)=O)cc2 ,CC(=O)Nc2ccc(OC(=O)c1ccccc1OC(C)=O)cc2 ,,1,
Adenot,,,benperidol,Fc1ccc(cc1)C(=O)CCCN2CCC(CC2)n3c(=O)[nH]c4ccccc34 ,Fc1ccc(cc1)C(=O)CCCN2CCC(CC2)n3c(=O)[nH]c4ccccc34 ,,1,
Adenot,,,bentazepam,O=C2CN=C(c1ccccc1)c3c(N2)sc4CCCCc34 ,O=C2CN=C(c1ccccc1)c3c(N2)sc4CCCCc34 ,,1,
Adenot,,,bentiamine,CC(N(Cc1cnc(C)nc1N)C=O)=C(CCOC(=O)c2ccccc2)SC(=O)c3ccccc3 ,CC(N(Cc1cnc(C)nc1N)C=O)=C(CCOC(=O)c2ccccc2)SC(=O)c3ccccc3 ,,1,
Adenot,,,benzaprinoxide,CN(C)(=O)CCC=C2c1ccccc1C=Cc3c(Cl)cccc23 ,CN(C)(=O)CCC=C2c1ccccc1C=Cc3c(Cl)cccc23 ,,1,
Adenot,,,benzindopyrine,C(Cc2cn(Cc1ccccc1)c3ccccc23)c4ccncc4 ,C(Cc2cn(Cc1ccccc1)c3ccccc23)c4ccncc4 ,,1,
Adenot,,,benzquinamide,CCN(CC)C(=O)C3CN2CCc1cc(OC)c(OC)cc1C2CC3OC(C)=O ,CCN(CC)C(=O)C3CN2CCc1cc(OC)c(OC)cc1C2CC3OC(C)=O ,,1,
Adenot,,,benztropine (benzatropine),CN1C2CCC1CC(C2)OC(c3ccccc3)c4ccccc4 ,CN1C2CCC1CC(C2)OC(c3ccccc3)c4ccccc4 ,,1,
Adenot,,,benzyl-alcohol,OCc1ccccc1 ,OCc1ccccc1 ,,1,
Adenot,,,berupipam,CN2CCc1cc(Cl)c(O)cc1C(C2)c3cc(Br)cc4CCOc34 ,CN2CCc1cc(Cl)c(O)cc1C(C2)c3cc(Br)cc4CCOc34 ,,1,
Adenot,,,bervastatin,CCOC(=O)CC(O)CC(O)C=CC3=C(c1ccc(F)cc1)c2ccccc2OC34CCCC4 ,CCOC(=O)CC(O)CC(O)C=CC3=C(c1ccc(F)cc1)c2ccccc2OC34CCCC4 ,,1,
Adenot,,,betamethasone-acibutate,CC(C)C(=O)OC3(C(C)CC4C2CCC1=CC(=O)C=CC1(C)C2(F)C(O)CC34C)C(=O)COC(C)=O ,CC(C)C(=O)OC3(C(C)CC4C2CCC1=CC(=O)C=CC1(C)C2(F)C(O)CC34C)C(=O)COC(C)=O ,,1,
Adenot,,,betamethasone-benzoate,CC4CC3C2CCC1=CC(=O)C=CC1(C)C2(F)C(O)CC3(C)C4(OC(=O)c5ccccc5)C(=O)CO ,CC4CC3C2CCC1=CC(=O)C=CC1(C)C2(F)C(O)CC3(C)C4(OC(=O)c5ccccc5)C(=O)CO ,,1,
Adenot,,,binospirone,O=C2CC1(CCCC1)CC(=O)N2CCNCC4COc3ccccc3O4 ,O=C2CC1(CCCC1)CC(=O)N2CCNCC4COc3ccccc3O4 ,,1,
Adenot,,,biotin,OC(=O)CCCCC1SCC2NC(=O)NC12 ,OC(=O)CCCCC1SCC2NC(=O)NC12 ,,1,
Adenot,,,bipenamol,NCc1ccccc1Sc2ccccc2CO ,NCc1ccccc1Sc2ccccc2CO ,,1,
Adenot,,,biriperone,Fc1ccc(cc1)C(=O)CCCN5CCN4Cc3[nH]c2ccccc2c3CC4C5 ,Fc1ccc(cc1)C(=O)CCCN5CCN4Cc3[nH]c2ccccc2c3CC4C5 ,,1,
Adenot,,,bisbentiamine,CC(N(Cc1cnc(C)nc1N)C=O)=C(CCOC(=O)c2ccccc2)SSC(CCOC(=O)c3ccccc3)=C(C)N(Cc4cnc(C)nc4N)C=O ,CC(N(Cc1cnc(C)nc1N)C=O)=C(CCOC(=O)c2ccccc2)SSC(CCOC(=O)c3ccccc3)=C(C)N(Cc4cnc(C)nc4N)C=O ,,1,
Adenot,,,bisorcic,CC(=O)NCCCC(NC(C)=O)C(O)=O ,CC(=O)NCCCC(NC(C)=O)C(O)=O ,,1,
Adenot,,,blonanserin,CCN1CCN(CC1)c4cc(c2ccc(F)cc2)c3CCCCCCc3n4 ,CCN1CCN(CC1)c4cc(c2ccc(F)cc2)c3CCCCCCc3n4 ,,1,
Adenot,,,bremazocine,CCC24CCN(CC1(O)CC1)C(Cc3ccc(O)cc23)C4(C)C ,CCC24CCN(CC1(O)CC1)C(Cc3ccc(O)cc23)C4(C)C ,,1,
Adenot,,,brofoxine,CC1(C)OC(=O)Nc2ccc(Br)cc12 ,CC1(C)OC(=O)Nc2ccc(Br)cc12 ,,1,
Adenot,,,bromazepam,Brc3ccc2NC(=O)CN=C(c1ccccn1)c2c3 ,Brc3ccc2NC(=O)CN=C(c1ccccn1)c2c3 ,,1,
Adenot,,,bromisoval,CC(C)C(Br)C(=O)NC(N)=O ,CC(C)C(Br)C(=O)NC(N)=O ,,1,
Adenot,,,bromoform,BrC(Br)Br ,BrC(Br)Br ,,1,
Adenot,,,bromperidol,OC2(CCN(CCCC(=O)c1ccc(F)cc1)CC2)c3ccc(Br)cc3 ,OC2(CCN(CCCC(=O)c1ccc(F)cc1)CC2)c3ccc(Br)cc3 ,,1,
Adenot,,,brosotamide,Cc1cc(Br)cc(C(N)=O)c1O ,Cc1cc(Br)cc(C(N)=O)c1O ,,1,
Adenot,,,brosuximide,Brc1cccc(c1)C2CC(=O)NC2=O ,Brc1cccc(c1)C2CC(=O)NC2=O ,,1,
Adenot,,,brotizolam,Cc3nnc4CN=C(c1ccccc1Cl)c2cc(Br)sc2n34 ,Cc3nnc4CN=C(c1ccccc1Cl)c2cc(Br)sc2n34 ,,1,
Adenot,,,buciclovir,Nc2nc1n(CCC(O)CO)cnc1c(=O)[nH]2 ,Nc2nc1n(CCC(O)CO)cnc1c(=O)[nH]2 ,,1,
Adenot,,,buclizine,CC(C)(C)c4ccc(CN1CCN(CC1)C(c2ccccc2)c3ccc(Cl)cc3)cc4 ,CC(C)(C)c4ccc(CN1CCN(CC1)C(c2ccccc2)c3ccc(Cl)cc3)cc4 ,,1,
Adenot,,,buprenorphine,COC12CCC3(CC1C(C)(O)C(C)(C)C)C4Cc6ccc(O)c7OC2C3(CCN4CC5CC5)c67 ,COC12CCC3(CC1C(C)(O)C(C)(C)C)C4Cc6ccc(O)c7OC2C3(CCN4CC5CC5)c67 ,,1,
Adenot,,,bupropion,CC(NC(C)(C)C)C(=O)c1cccc(Cl)c1 ,CC(NC(C)(C)C)C(=O)c1cccc(Cl)c1 ,,1,
Adenot,,,buramate,OCCOC(=O)NCc1ccccc1 ,OCCOC(=O)NCc1ccccc1 ,,1,
Adenot,,,butacetin,CC(=O)Nc1ccc(OC(C)(C)C)cc1 ,CC(=O)Nc1ccc(OC(C)(C)C)cc1 ,,1,
Adenot,,,butaclamol,CC(C)(C)C3(O)CCN2CC4c1ccccc1CCc5cccc(C2C3)c45 ,CC(C)(C)C3(O)CCN2CC4c1ccccc1CCc5cccc(C2C3)c45 ,,1,
Adenot,,,butaperazine,CCCC(=O)c4ccc3Sc1ccccc1N(CCCN2CCN(C)CC2)c3c4 ,CCCC(=O)c4ccc3Sc1ccccc1N(CCCN2CCN(C)CC2)c3c4 ,,1,
Adenot,,,butoctamide,CCCCC(CC)CNC(=O)CC(C)O ,CCCCC(CC)CNC(=O)CC(C)O ,,1,
Adenot,,,butorphanol,Oc4ccc3CC1N(CCC2(CCCCC12O)c3c4)CC5CCC5 ,Oc4ccc3CC1N(CCC2(CCCCC12O)c3c4)CC5CCC5 ,,1,
Adenot,,,cabergoline,CCNC(=O)N(CCCN(C)C)C(=O)C4CC1C(Cc2c[nH]c3cccc1c23)N(CC=C)C4 ,CCNC(=O)N(CCCN(C)C)C(=O)C4CC1C(Cc2c[nH]c3cccc1c23)N(CC=C)C4 ,,1,
Adenot,,,cafedrine,CC(NCCn1cnc2n(C)c(=O)n(C)c(=O)c12)C(O)c3ccccc3 ,CC(NCCn1cnc2n(C)c(=O)n(C)c(=O)c12)C(O)c3ccccc3 ,,1,
Adenot,,,camazepam,CN(C)C(=O)OC3N=C(c1ccccc1)c2cc(Cl)ccc2N(C)C3=O ,CN(C)C(=O)OC3N=C(c1ccccc1)c2cc(Cl)ccc2N(C)C3=O ,,1,
Adenot,,,camphor,CC1(C)C2CCC1(C)C(=O)C2 ,CC1(C)C2CCC1(C)C(=O)C2 ,,1,
Adenot,,,caproxamine,CCCCCC(=NOCCN)c1ccc(C)c(N)c1 ,CCCCCC(=NOCCN)c1ccc(C)c(N)c1 ,,1,
Adenot,,,captodiame,CCCCSc1ccc(cc1)C(SCCN(C)C)c2ccccc2 ,CCCCSc1ccc(cc1)C(SCCN(C)C)c2ccccc2 ,,1,
Adenot,,,capuride,CCC(C)C(CC)C(=O)NC(N)=O ,CCC(C)C(CC)C(=O)NC(N)=O ,,1,
Adenot,,,carbamazepine,NC(=O)N2c1ccccc1C=Cc3ccccc23 ,NC(=O)N2c1ccccc1C=Cc3ccccc23 ,,1,
Adenot,,,carbubarb,CCCCC1(CCOC(N)=O)C(=O)NC(=O)NC1=O ,CCCCC1(CCOC(N)=O)C(=O)NC(=O)NC1=O ,,1,
Adenot,,,carburazepam,CN2C(=O)CN(C(c1ccccc1)c3cc(Cl)ccc23)C(N)=O ,CN2C(=O)CN(C(c1ccccc1)c3cc(Cl)ccc23)C(N)=O ,,1,
Adenot,,,carfimate,NC(=O)OC(C#C)c1ccccc1 ,NC(=O)OC(C#C)c1ccccc1 ,,1,
Adenot,,,carmantadine,OC(=O)C1CCN1C34CC2CC(CC(C2)C3)C4 ,OC(=O)C1CCN1C34CC2CC(CC(C2)C3)C4 ,,1,
Adenot,,,caroxazone,NC(=O)CN2Cc1ccccc1OC2=O ,NC(=O)CN2Cc1ccccc1OC2=O ,,1,
Adenot,,,carperone,CC(C)NC(=O)OC2CCN(CCCC(=O)c1ccc(F)cc1)CC2 ,CC(C)NC(=O)OC2CCN(CCCC(=O)c1ccc(F)cc1)CC2 ,,1,
Adenot,,,carphenazine (carfenazine),CCC(=O)c4ccc3Sc1ccccc1N(CCCN2CCN(CCO)CC2)c3c4 ,CCC(=O)c4ccc3Sc1ccccc1N(CCCN2CCN(CCO)CC2)c3c4 ,,1,
Adenot,,,carzenide,NS(=O)(=O)c1ccc(cc1)C(O)=O ,NS(=O)(=O)c1ccc(cc1)C(O)=O ,,1,
Adenot,,,cathinone,CC(N)C(=O)c1ccccc1 ,CC(N)C(=O)c1ccccc1 ,,1,
Adenot,,,cebaracetam,Clc1ccc(cc1)C3CN(CC(=O)N2CCNC(=O)C2)C(=O)C3 ,Clc1ccc(cc1)C3CN(CC(=O)N2CCNC(=O)C2)C(=O)C3 ,,1,
Adenot,,,celucloral,OC1OC(COCCOC(O)C(Cl)(Cl)Cl)C(OC2OC(COCCOCCOC(O)C(Cl)(Cl)Cl)CC(OC(O)C(Cl)(Cl)Cl)C2O)C(OCCOCCOC(O)C(Cl)(Cl)Cl)C1O,OC1OC(COCCOC(O)C(Cl)(Cl)Cl)C(OC2OC(COCCOCCOC(O)C(Cl)(Cl)Cl)CC(OC(O)C(Cl)(Cl)Cl)C2O)C(OCCOCCOC(O)C(Cl)(Cl)Cl)C1O,,1,
Adenot,,,cerivastatin,COCc1c(nc(C(C)C)c(C=CC(O)CC(O)CC(O)=O)c1c2ccc(F)cc2)C(C)C ,COCc1c(nc(C(C)C)c(C=CC(O)CC(O)CC(O)=O)c1c2ccc(F)cc2)C(C)C ,,1,
Adenot,,,cetohexazine,Cc1cc(C)c(=O)[nH]n1 ,Cc1cc(C)c(=O)[nH]n1 ,,1,
Adenot,,,cetophenicol (cetofenicol),CC(=O)c1ccc(cc1)C(O)C(CO)NC(=O)C(Cl)Cl,CC(=O)c1ccc(cc1)C(O)C(CO)NC(=O)C(Cl)Cl,,1,
Adenot,,,cetotiamine,CCOC(=O)OCCC(SC(=O)OCC)=C(C)N(Cc1cnc(C)nc1N)C=O ,CCOC(=O)OCCC(SC(=O)OCC)=C(C)N(Cc1cnc(C)nc1N)C=O ,,1,
Adenot,,,chloralhydrate,OC(O)C(Cl)(Cl)Cl ,OC(O)C(Cl)(Cl)Cl ,,1,
Adenot,,,chloralose,OCC(O)C2OC1OC(OC1C2O)C(Cl)(Cl)Cl ,OCC(O)C2OC1OC(OC1C2O)C(Cl)(Cl)Cl ,,1,
Adenot,,,chloramphenicol,OCC(NC(=O)C(Cl)Cl)C(O)c1ccc(cc1)N(=O)=O ,OCC(NC(=O)C(Cl)Cl)C(O)c1ccc(cc1)N(=O)=O ,,1,
Adenot,,,chlordiazepoxide,CNC2=Nc1ccc(Cl)cc1C(=N(=O)C2)c3ccccc3 ,CNC2=Nc1ccc(Cl)cc1C(=N(=O)C2)c3ccccc3 ,,1,
Adenot,,,chlorhexadol (chloralodol),CC(CC(C)(C)O)OC(O)C(Cl)(Cl)Cl,CC(CC(C)(C)O)OC(O)C(Cl)(Cl)Cl,,1,
Adenot,,,chlormezanone,CN2C(c1ccc(Cl)cc1)S(=O)(=O)CCC2=O ,CN2C(c1ccc(Cl)cc1)S(=O)(=O)CCC2=O ,,1,
Adenot,,,chloroform,ClC(Cl)Cl ,ClC(Cl)Cl ,,1,
Adenot,,,chloroprednisone-acetate,CC(=O)OCC(=O)C3(O)CCC4C2CC(Cl)C1=CC(=O)C=CC1(C)C2C(=O)CC34C ,CC(=O)OCC(=O)C3(O)CCC4C2CC(Cl)C1=CC(=O)C=CC1(C)C2C(=O)CC34C ,,1,
Adenot,,,chromocarb,OC(=O)c2cc(=O)c1ccccc1o2 ,OC(=O)c2cc(=O)c1ccccc1o2 ,,1,
Adenot,,,ciclesonide,CC(C)C(=O)OCC(=O)C14OC(OC1CC5C3CCC2=CC(=O)C=CC2(C)C3C(O)CC45C)C6CCCCC6 ,CC(C)C(=O)OCC(=O)C14OC(OC1CC5C3CCC2=CC(=O)C=CC2(C)C3C(O)CC45C)C6CCCCC6 ,,1,
Adenot,,,ciclotizolam,Clc1ccccc1C4=NCc3nnc(C2CCCCC2)n3c5sc(Br)cc45 ,Clc1ccccc1C4=NCc3nnc(C2CCCCC2)n3c5sc(Br)cc45 ,,1,
Adenot,,,cicortonide,CC(=O)CC(=O)C14OC(C)(C)OC1CC5C3CC(=C2C=C(CCC2(C)C3(F)C(O)CC45C)OCCCl)C#N ,CC(=O)CC(=O)C14OC(C)(C)OC1CC5C3CC(=C2C=C(CCC2(C)C3(F)C(O)CC45C)OCCCl)C#N ,,1,
Adenot,,,cilobamine,CC(C)NC2C1CCC(CC1)C2(O)c3ccc(Cl)c(Cl)c3 ,CC(C)NC2C1CCC(CC1)C2(O)c3ccc(Cl)c(Cl)c3 ,,1,
Adenot,,,cimemoxin,NNCC1CCCCC1 ,NNCC1CCCCC1 ,,1,
Adenot,,,cimepanol,CC(C)C(O)C1CCCCC1 ,CC(C)C(O)C1CCCCC1 ,,1,
Adenot,,,cimoxatone,COCC1CN(C(=O)O1)c3ccc(OCc2cccc(C#N)c2)cc3 ,COCC1CN(C(=O)O1)c3ccc(OCc2cccc(C#N)c2)cc3 ,,1,
Adenot,,,cinoctramide,COc2cc(C=CC(=O)N1CCCCCCC1)cc(OC)c2OC ,COc2cc(C=CC(=O)N1CCCCCCC1)cc(OC)c2OC ,,1,
Adenot,,,cinolazepam,OC3N=C(c1ccccc1F)c2cc(Cl)ccc2N(CCC#N)C3=O ,OC3N=C(c1ccccc1F)c2cc(Cl)ccc2N(CCC#N)C3=O ,,1,
Adenot,,,ciprazafone,CN(C(=O)CNC1CC1)c2ccc(Cl)cc2C(=O)c3ccccc3Cl ,CN(C(=O)CNC1CC1)c2ccc(Cl)cc2C(=O)c3ccccc3Cl ,,1,
Adenot,,,ciprocinonide,CC5(C)OC4CC3C2CC(F)C1=CC(=O)C=CC1(C)C2(F)C(O)CC3(C)C4(O5)C(=O)COC(=O)C6CC6 ,CC5(C)OC4CC3C2CC(F)C1=CC(=O)C=CC1(C)C2(F)C(O)CC3(C)C4(O5)C(=O)COC(=O)C6CC6 ,,1,
Adenot,,,citatepine,CN1CCC3=C(CC1)c2cc(C#N)ccc2Sc4ccccc34 ,CN1CCC3=C(CC1)c2cc(C#N)ccc2Sc4ccccc34 ,,1,
Adenot,,,clebopride,COc1cc(N)c(Cl)cc1C(=O)NC2CCN(CC2)Cc3ccccc3 ,COc1cc(N)c(Cl)cc1C(=O)NC2CCN(CC2)Cc3ccccc3 ,,1,
Adenot,,,clidafidine,Clc1cccc(Cl)c1N=C2NCCO2 ,Clc1cccc(Cl)c1N=C2NCCO2 ,,1,
Adenot,,,clobazam,CN2C(=O)CC(=O)N(c1ccccc1)c3cc(Cl)ccc23 ,CN2C(=O)CC(=O)N(c1ccccc1)c3cc(Cl)ccc23 ,,1,
Adenot,,,clobetasone,CC4CC3C2CCC1=CC(=O)C=CC1(C)C2(F)C(=O)CC3(C)C4(O)C(=O)CCl ,CC4CC3C2CCC1=CC(=O)C=CC1(C)C2(F)C(=O)CC3(C)C4(O)C(=O)CCl ,,1,
Adenot,,,clobetasone-butyrate,CCCC(=O)OC3(C(C)CC4C2CCC1=CC(=O)C=CC1(C)C2(F)C(=O)CC34C)C(=O)CCl ,CCCC(=O)OC3(C(C)CC4C2CCC1=CC(=O)C=CC1(C)C2(F)C(=O)CC34C)C(=O)CCl ,,1,
Adenot,,,clocapramine,NC(=O)C4(CCN(CCCN2c1ccccc1CCc3ccc(Cl)cc23)CC4)N5CCCCC5 ,NC(=O)C4(CCN(CCCN2c1ccccc1CCc3ccc(Cl)cc23)CC4)N5CCCCC5 ,,1,
Adenot,,,clocortolone,CC4CC3C2CC(F)C1=CC(=O)C=CC1(C)C2(Cl)C(O)CC3(C)C4C(=O)CO ,CC4CC3C2CC(F)C1=CC(=O)C=CC1(C)C2(Cl)C(O)CC3(C)C4C(=O)CO ,,1,
Adenot,,,clocortolone-acetate,CC4CC3C2CC(F)C1=CC(=O)C=CC1(C)C2(Cl)C(O)CC3(C)C4C(=O)COC(C)=O ,CC4CC3C2CC(F)C1=CC(=O)C=CC1(C)C2(Cl)C(O)CC3(C)C4C(=O)COC(C)=O ,,1,
Adenot,,,clocortolone-pivalate,CC4CC3C2CC(F)C1=CC(=O)C=CC1(C)C2(Cl)C(O)CC3(C)C4C(=O)COC(=O)C(C)(C)C ,CC4CC3C2CC(F)C1=CC(=O)C=CC1(C)C2(Cl)C(O)CC3(C)C4C(=O)COC(=O)C(C)(C)C ,,1,
Adenot,,,clodazon,CN(C)CCCn2c(=O)n(c1ccccc1)c3cc(Cl)ccc23 ,CN(C)CCCn2c(=O)n(c1ccccc1)c3cc(Cl)ccc23 ,,1,
Adenot,,,clofenciclan,CCN(CC)CCOC1(CCCCC1)c2ccc(Cl)cc2 ,CCN(CC)CCOC1(CCCCC1)c2ccc(Cl)cc2 ,,1,
Adenot,,,clofluperol,OC2(CCN(CCCC(=O)c1ccc(F)cc1)CC2)c3ccc(Cl)c(c3)C(F)(F)F ,OC2(CCN(CCCC(=O)c1ccc(F)cc1)CC2)c3ccc(Cl)c(c3)C(F)(F)F ,,1,
Adenot,,,clomethiazole,Cc1ncsc1CCCl ,Cc1ncsc1CCCl ,,1,
Adenot,,,clopenthixol (zuclopenthixol),OCCN4CCN(CCC=C2c1ccccc1Sc3ccc(Cl)cc23)CC4 ,OCCN4CCN(CCC=C2c1ccccc1Sc3ccc(Cl)cc23)CC4 ,,1,
Adenot,,,cloperidone,Clc1cccc(c1)N4CCN(CCCn3c(=O)[nH]c2ccccc2c3=O)CC4 ,Clc1cccc(c1)N4CCN(CCCn3c(=O)[nH]c2ccccc2c3=O)CC4 ,,1,
Adenot,,,clopimozide,Fc1ccc(cc1)C(CCCN2CCC(CC2)n3c(=O)[nH]c4cc(Cl)ccc34)c5ccc(F)cc5 ,Fc1ccc(cc1)C(CCCN2CCC(CC2)n3c(=O)[nH]c4cc(Cl)ccc34)c5ccc(F)cc5 ,,1,
Adenot,,,cloprednol,CC13C=CC(=O)C=C1C(=CC4C2CCC(O)(C(=O)CO)C2(C)CC(O)C34)Cl ,CC13C=CC(=O)C=C1C(=CC4C2CCC(O)(C(=O)CO)C2(C)CC(O)C34)Cl ,,1,
Adenot,,,clorethate (cloretate),ClC(Cl)(Cl)COC(=O)OCC(Cl)(Cl)Cl,ClC(Cl)(Cl)COC(=O)OCC(Cl)(Cl)Cl,,1,
Adenot,,,clorgiline,CN(CCCOc1ccc(Cl)cc1Cl)CC#C ,CN(CCCOc1ccc(Cl)cc1Cl)CC#C ,,1,
Adenot,,,cloroperone,Fc1ccc(cc1)C(=O)CCCN2CCC(CC2)C(=O)c3ccc(Cl)cc3 ,Fc1ccc(cc1)C(=O)CCCN2CCC(CC2)C(=O)c3ccc(Cl)cc3 ,,1,
Adenot,,,clorotepine,CN1CCN(CC1)C3Cc2ccccc2Sc4ccc(Cl)cc34 ,CN1CCN(CC1)C3Cc2ccccc2Sc4ccc(Cl)cc34 ,,1,
Adenot,,,clotiazepam,CCc2cc1C(=NCC(=O)N(C)c1s2)c3ccccc3Cl ,CCc2cc1C(=NCC(=O)N(C)c1s2)c3ccccc3Cl ,,1,
Adenot,,,cloticasone (cloticasone-propionate),CCC(=O)OC3(C(C)CC4C2CC(F)C1=CC(=O)C=CC1(C)C2(F)C(O)CC34C)C(=O)SCCl ,CCC(=O)OC3(C(C)CC4C2CC(F)C1=CC(=O)C=CC1(C)C2(F)C(O)CC34C)C(=O)SCCl ,,1,
Adenot,,,clotixamide (clotixamide),CNC(=O)CCN1CCN(CCC=C2c3ccccc3Sc3ccc(cc23)Cl)CC1,CNC(=O)CCN1CCN(CCC=C2c3ccccc3Sc3ccc(cc23)Cl)CC1,,1,
Adenot,,,clozapine,CN1CCN(CC1)C3=Nc2cc(Cl)ccc2Nc4ccccc34 ,CN1CCN(CC1)C3=Nc2cc(Cl)ccc2Nc4ccccc34 ,,1,
Adenot,,,cogazocine,CCC24CCN(CC1CCC1)C(Cc3ccc(O)cc23)C4(C)C ,CCC24CCN(CC1CCC1)C(Cc3ccc(O)cc23)C4(C)C ,,1,
Adenot,,,conorphone (conorfone),CCC1CC(=O)C2Oc5c(OC)ccc6CC3C1C2(CCN3CC4CC4)c56,CCC1CC(=O)C2Oc5c(OC)ccc6CC3C1C2(CCN3CC4CC4)c56,,1,
Adenot,,,cormetasone,CC1CC2C3CC(F)(F)C4=CC(=O)C=C[C@]4(C)C3(F)C(O)CC2(C)C1(O)C(=O)CO,CC1CC2C3CC(F)(F)C4=CC(=O)C=C[C@]4(C)C3(F)C(O)CC2(C)C1(O)C(=O)CO,,1,
Adenot,,,cortexolone (cortodoxone cortifen),CC12CCC(=O)C=C1CCC3C2CCC4(C)C3CCC4(O)C(=O)CO,CC12CCC(=O)C=C1CCC3C2CCC4(C)C3CCC4(O)C(=O)CO,,1,
Adenot,,,cortisone-acetate,CC(=O)OCC(=O)C3(O)CCC4C2CCC1=CC(=O)CCC1(C)C2C(=O)CC34C ,CC(=O)OCC(=O)C3(O)CCC4C2CCC1=CC(=O)CCC1(C)C2C(=O)CC34C ,,1,
Adenot,,,cortisuzol,CC4CC3C2C=C(C)C1=Cc6c(CC1(C)C2C(O)CC3(C)C4(O)C(=O)COC(=O)c5cccc(c5)S(O)(=O)=O)cnn6c7ccccc7 ,CC4CC3C2C=C(C)C1=Cc6c(CC1(C)C2C(O)CC3(C)C4(O)C(=O)COC(=O)c5cccc(c5)S(O)(=O)=O)cnn6c7ccccc7 ,,1,
Adenot,,,cortivazol,CC4CC3C2C=C(C)C1=Cc5c(CC1(C)C2C(O)CC3(C)C4(O)C(=O)COC(C)=O)cnn5c6ccccc6 ,CC4CC3C2C=C(C)C1=Cc5c(CC1(C)C2C(O)CC3(C)C4(O)C(=O)COC(C)=O)cnn5c6ccccc6 ,,1,
Adenot,,,cotinine,CN1C(CCC1=O)c2cccnc2 ,CN1C(CCC1=O)c2cccnc2 ,,1,
Adenot,,,cotriptyline,CN(C)CC(=O)C=C2c1ccccc1CCc3ccccc23 ,CN(C)CC(=O)C=C2c1ccccc1CCc3ccccc23 ,,1,
Adenot,,,crilvastatin,CC1CC(CC(C)(C)C1)OC(=O)C2CCC(=O)N2 ,CC1CC(CC(C)(C)C1)OC(=O)C2CCC(=O)N2 ,,1,
Adenot,,,crotetamide,CCC(N(CC)C(=O)C=CC)C(=O)N(C)C ,CCC(N(CC)C(=O)C=CC)C(=O)N(C)C ,,1,
Adenot,,,cyclarbamate,O=C(Nc1ccccc1)OCC2(CCCC2)COC(=O)Nc3ccccc3 ,O=C(Nc1ccccc1)OCC2(CCCC2)COC(=O)Nc3ccccc3 ,,1,
Adenot,,,cyclazocine,CC2C3Cc1ccc(O)cc1C2(C)CCN3CC4CC4 ,CC2C3Cc1ccc(O)cc1C2(C)CCN3CC4CC4 ,,1,
Adenot,,,cyclindole (ciclindole),CN(C)C1CCc2[nH]c3ccccc3c2C1,CN(C)C1CCc2[nH]c3ccccc3c2C1,,1,
Adenot,,,cyclobarbital,CCC1(C(=O)NC(=O)NC1=O)C2=CCCCC2 ,CCC1(C(=O)NC(=O)NC1=O)C2=CCCCC2 ,,1,
Adenot,,,cyclobenzaprine,CN(C)CCC=C2c1ccccc1C=Cc3ccccc23,CN(C)CCC=C2c1ccccc1C=Cc3ccccc23,,1,
Adenot,,,cyclophenazine (ciclofenazine),FC(F)(F)c5ccc4Sc1ccccc1N(CCCN2CCN(CC2)C3CC3)c4c5 ,FC(F)(F)c5ccc4Sc1ccccc1N(CCCN2CCN(CC2)C3CC3)c4c5 ,,1,
Adenot,,,cyclopregnol,CC(=O)C4CCC5C3CC(O)C12CC1CCC2(C)C3CCC45C ,CC(=O)C4CCC5C3CC(O)C12CC1CCC2(C)C3CCC45C ,,1,
Adenot,,,cycotiamine,CC(N(Cc1cnc(C)nc1N)C=O)=C2CCOC(=O)S2 ,CC(N(Cc1cnc(C)nc1N)C=O)=C2CCOC(=O)S2 ,,1,
Adenot,,,cyheptamide,NC(=O)C2c1ccccc1CCc3ccccc23 ,NC(=O)C2c1ccccc1CCc3ccccc23 ,,1,
Adenot,,,cyprenorphine,COC12C=CC3(CC1C(C)(C)O)C4Cc6ccc(O)c7OC2C3(CCN4CC5CC5)c67 ,COC12C=CC3(CC1C(C)(C)O)C4Cc6ccc(O)c7OC2C3(CCN4CC5CC5)c67 ,,1,
Adenot,,,cyprodenate,CN(C)CCOC(=O)CCC1CCCCC1 ,CN(C)CCOC(=O)CCC1CCCCC1 ,,1,
Adenot,,,cyprolidol,OC(C1CC1c2ccncc2)(c3ccccc3)c4ccccc4 ,OC(C1CC1c2ccncc2)(c3ccccc3)c4ccccc4 ,,1,
Adenot,,,cyproximide (ciproximide),Clc1ccc(cc1)C12CC2C(=O)NC1=O,Clc1ccc(cc1)C12CC2C(=O)NC1=O,,1,
Adenot,,,dacemazine,CN(C)CC(=O)N2c1ccccc1Sc3ccccc23 ,CN(C)CC(=O)N2c1ccccc1Sc3ccccc23 ,,1,
Adenot,,,dapsone,Nc1ccc(cc1)S(=O)(=O)c2ccc(N)cc2 ,Nc1ccc(cc1)S(=O)(=O)c2ccc(N)cc2 ,,1,
Adenot,,,dazadrol,OC(C1=NCCN1)(c2ccc(Cl)cc2)c3ccccn3 ,OC(C1=NCCN1)(c2ccc(Cl)cc2)c3ccccn3 ,,1,
Adenot,,,deanol,CN(C)CCO,CN(C)CCO,,1,
Adenot,,,decimemide,CCCCCCCCCCOc1c(OC)cc(cc1OC)C(N)=O ,CCCCCCCCCCOc1c(OC)cc(cc1OC)C(N)=O ,,1,
Adenot,,,delfaprazine,Cc1ccc(c(c1)N1CCNCC1)Cc1ccccc1,Cc1ccc(c(c1)N1CCNCC1)Cc1ccccc1,,1,
Adenot,,,demoxepam,Clc3ccc2NC(=O)CN(=C(c1ccccc1)c2c3)=O ,Clc3ccc2NC(=O)CN(=C(c1ccccc1)c2c3)=O ,,1,
Adenot,,,denbufylline,CCCCn2c(=O)n(CCCC)c1ncn(CC(C)=O)c1c2=O ,CCCCn2c(=O)n(CCCC)c1ncn(CC(C)=O)c1c2=O ,,1,
Adenot,,,deprodone,CC(=O)C3(O)CCC4C2CCC1=CC(=O)C=CC1(C)C2C(O)CC34C ,CC(=O)C3(O)CCC4C2CCC1=CC(=O)C=CC1(C)C2C(O)CC34C ,,1,
Adenot,,,desciclovir,Nc2ncc1ncn(COCCO)c1n2 ,Nc2ncc1ncn(COCCO)c1n2 ,,1,
Adenot,,,descinolone (descinolone-acetonide),CC(=O)C14OC(C)(C)OC1CC5C3CCC2=CC(=O)C=CC2(C)C3(F)C(O)CC45C ,CC(=O)C14OC(C)(C)OC1CC5C3CCC2=CC(=O)C=CC2(C)C3(F)C(O)CC45C ,,1,
Adenot,,,deserpidine,COC5C(CC4CN3CCc1c([nH]c2ccccc12)C3CC4C5C(=O)OC)OC(=O)c6cc(OC)c(OC)c(OC)c6 ,COC5C(CC4CN3CCc1c([nH]c2ccccc12)C3CC4C5C(=O)OC)OC(=O)c6cc(OC)c(OC)c(OC)c6 ,,1,
Adenot,,,desonide,CC5(C)OC4CC3C2CCC1=CC(=O)C=CC1(C)C2C(O)CC3(C)C4(O5)C(=O)CO ,CC5(C)OC4CC3C2CCC1=CC(=O)C=CC1(C)C2C(O)CC3(C)C4(O5)C(=O)CO ,,1,
Adenot,,,desoximetasone,CC4CC3C2CCC1=CC(=O)C=CC1(C)C2(F)C(O)CC3(C)C4C(=O)CO ,CC4CC3C2CCC1=CC(=O)C=CC1(C)C2(F)C(O)CC3(C)C4C(=O)CO ,,1,
Adenot,,,detomidine,Cc2cccc(Cc1c[nH]cn1)c2C ,Cc2cccc(Cc1c[nH]cn1)c2C ,,1,
Adenot,,,dexamethasone-acefurate,CC4CC3C2CCC1=CC(=O)C=CC1(C)C2(F)C(O)CC3(C)C4(OC(=O)c5ccco5)C(=O)COC(C)=O ,CC4CC3C2CCC1=CC(=O)C=CC1(C)C2(F)C(O)CC3(C)C4(OC(=O)c5ccco5)C(=O)COC(C)=O ,,1,
Adenot,,,dexamisole,C2CN1CC(N=C1S2)c3ccccc3 ,C2CN1CC(N=C1S2)c3ccccc3 ,,1,
Adenot,,,deximafen (imafen),C2CN1C(CN=C1N2)c3ccccc3 ,C2CN1C(CN=C1N2)c3ccccc3 ,,1,
Adenot,,,dexoxadrol (dioxadrol and levoxadrol),C1CCC(NC1)C2COC(O2)(c3ccccc3)c4ccccc4 ,C1CCC(NC1)C2COC(O2)(c3ccccc3)c4ccccc4 ,,1,
Adenot,,,dichlorisone,CC34CC(Cl)C1(Cl)C(CCC2=CC(=O)C=CC12C)C3CCC4(O)C(=O)CO ,CC34CC(Cl)C1(Cl)C(CCC2=CC(=O)C=CC12C)C3CCC4(O)C(=O)CO ,,1,
Adenot,,,dichlorisone-acetate,CC(=O)CC(=O)C3(O)CCC4C2CCC1=CC(=O)C=CC1(C)C2(Cl)C(Cl)CC34C ,CC(=O)CC(=O)C3(O)CCC4C2CCC1=CC(=O)C=CC1(C)C2(Cl)C(Cl)CC34C ,,1,
Adenot,,,Dichloromethane (methylene-chloride),ClCCl ,ClCCl ,,1,
Adenot,,,diclometide,CCN(CC)CCNC(=O)c1cc(Cl)cc(Cl)c1OC ,CCN(CC)CCNC(=O)c1cc(Cl)cc(Cl)c1OC ,,1,
Adenot,,,didrovaltrate,CC(C)CC(=O)OCC1=COC(OC(=O)CC(C)C)C2C1CC(OC(C)=O)C23CO3 ,CC(C)CC(=O)OCC1=COC(OC(=O)CC(C)C)C2C1CC(OC(C)=O)C23CO3 ,,1,
Adenot,,,difebarbamate,CCCCOCC(CN1C(=O)N(CC(COCCCC)OC(N)=O)C(=O)C(CC)(C1=O)c2ccccc2)OC(N)=O ,CCCCOCC(CN1C(=O)N(CC(COCCCC)OC(N)=O)C(=O)C(CC)(C1=O)c2ccccc2)OC(N)=O ,,1,
Adenot,,,difluanine (difluanazine),Fc1ccc(cc1)C(CCCN1CCN(CCNc2ccccc2)CC1)c1ccc(cc1)F,Fc1ccc(cc1)C(CCCN1CCN(CCNc2ccccc2)CC1)c1ccc(cc1)F,,1,
Adenot,,,diflucortolone,CC4CC3C2CC(F)C1=CC(=O)C=CC1(C)C2(F)C(O)CC3(C)C4C(=O)CO ,CC4CC3C2CC(F)C1=CC(=O)C=CC1(C)C2(F)C(O)CC3(C)C4C(=O)CO ,,1,
Adenot,,,diflucortolone-pivalate,CC4CC3C2CC(F)C1=CC(=O)C=CC1(C)C2(F)C(O)CC3(C)C4C(=O)COC(=O)C(C)(C)C ,CC4CC3C2CC(F)C1=CC(=O)C=CC1(C)C2(F)C(O)CC3(C)C4C(=O)COC(=O)C(C)(C)C ,,1,
Adenot,,,dihydrocodeine,COc1ccc2CC5C3CCC(O)C4Oc1c2C34CCN5C ,COc1ccc2CC5C3CCC(O)C4Oc1c2C34CCN5C ,,1,
Adenot,,,dimelazine,CN1CCC(C)(C1)CN3c2ccccc2Sc4ccccc34 ,CN1CCC(C)(C1)CN3c2ccccc2Sc4ccccc34 ,,1,
Adenot,,,dimethadione,CC1(C)OC(=O)NC1=O ,CC1(C)OC(=O)NC1=O ,,1,
Adenot,,,dimethazan,CN(C)CCn1cnc2n(C)c(=O)n(C)c(=O)c12 ,CN(C)CCn1cnc2n(C)c(=O)n(C)c(=O)c12 ,,1,
Adenot,,,dimethylamphetamine (dimethamphetamine),C[CH](Cc1ccccc1)N(C)C ,C[CH](Cc1ccccc1)N(C)C ,,1,
Adenot,,,dimiracetam,O=C1CN2C(CCC2=O)N1,O=C1CN2C(CCC2=O)N1,,1,
Adenot,,,dioxamate,CCCCCCCCCC1(C)OCC(COC(N)=O)O1 ,CCCCCCCCCC1(C)OCC(COC(N)=O)O1 ,,1,
Adenot,,,diphenhydramine,CN(C)CCOC(c1ccccc1)c2ccccc2 ,CN(C)CCOC(c1ccccc1)c2ccccc2 ,,1,
Adenot,,,diphoxazide,CC(=O)NNC(=O)CC(O)(c1ccccc1)c2ccccc2 ,CC(=O)NNC(=O)CC(O)(c1ccccc1)c2ccccc2 ,,1,
Adenot,,,diprenorphine,COC12CCC3(CC1C(C)(C)O)C4Cc6ccc(O)c7OC2C3(CCN4CC5CC5)c67 ,COC12CCC3(CC1C(C)(C)O)C4Cc6ccc(O)c7OC2C3(CCN4CC5CC5)c67 ,,1,
Adenot,,,divaplon,CCc2c(OC)nc1nc(cn1c2C)C(=O)c3ccccc3 ,CCc2c(OC)nc1nc(cn1c2C)C(=O)c3ccccc3 ,,1,
Adenot,,,dizocilpine (MK-801),CC13NC(Cc2ccccc12)c4ccccc34 ,CC13NC(Cc2ccccc12)c4ccccc34 ,,1,
Adenot,,,domoprednate,CCCC(=O)OC3(CCCC4C2CCC1=CC(=O)C=CC1(C)C2C(O)CC34C)C(C)=O ,CCCC(=O)OC3(CCCC4C2CCC1=CC(=O)C=CC1(C)C2C(O)CC34C)C(C)=O ,,1,
Adenot,,,donepezil,COc4cc3CC(CC1CCN(CC1)Cc2ccccc2)C(=O)c3cc4OC ,COc4cc3CC(CC1CCN(CC1)Cc2ccccc2)C(=O)c3cc4OC ,,1,
Adenot,,,dopamantine,Oc4ccc(CCNC(=O)C23CC1CC(CC(C1)C2)C3)cc4O ,Oc4ccc(CCNC(=O)C23CC1CC(CC(C1)C2)C3)cc4O ,,1,
Adenot,,,doxapram,CCN2CC(CCN1CCOCC1)C(C2=O)(c3ccccc3)c4ccccc4,CCN2CC(CCN1CCOCC1)C(C2=O)(c3ccccc3)c4ccccc4,,1,
Adenot,,,drotebanol,COc4ccc3CC1N(C)CCC2(CC(O)CCC12O)c3c4OC ,COc4ccc3CC1N(C)CCC2(CC(O)CCC12O)c3c4OC ,,1,
Adenot,,,duloxetine,CNCCC(Oc1cccc2ccccc12)c3cccs3 ,CNCCC(Oc1cccc2ccccc12)c3cccs3 ,,1,
Adenot,,,duoperone,Fc1ccc(cc1)C(=O)C5CCN(CCCN3c2ccccc2Sc4ccc(cc34)C(F)(F)F)CC5 ,Fc1ccc(cc1)C(=O)C5CCN(CCCN3c2ccccc2Sc4ccc(cc34)C(F)(F)F)CC5 ,,1,
Adenot,,,dupracetam,O=C(CN1CCCC1=O)NNC(=O)CN2CCCC2=O ,O=C(CN1CCCC1=O)NNC(=O)CN2CCCC2=O ,,1,
Adenot,,,eclanamine,CCC(=O)N(C1CCCC1N(C)C)c2ccc(Cl)c(Cl)c2 ,CCC(=O)N(C1CCCC1N(C)C)c2ccc(Cl)c(Cl)c2 ,,1,
Adenot,,,ectylurea,CCC(=CC)C(=O)NC(N)=O ,CCC(=CC)C(=O)NC(N)=O ,,1,
Adenot,,,edaravone,CC1=NN(C(=O)C1)c2ccccc2 ,CC1=NN(C(=O)C1)c2ccccc2 ,,1,
Adenot,,,efetozole,CC(c1ccccc1)n2ccnc2C ,CC(c1ccccc1)n2ccnc2C ,,1,
Adenot,,,elanzepine,CN(C)CCC=C2c1ccccc1CNc3cc(Cl)ccc23 ,CN(C)CCC=C2c1ccccc1CNc3cc(Cl)ccc23 ,,1,
Adenot,,,elfazepam,CCS(=O)(=O)CCN2C(=O)CN=C(c1ccccc1F)c3cc(Cl)ccc23 ,CCS(=O)(=O)CCN2C(=O)CN=C(c1ccccc1F)c3cc(Cl)ccc23 ,,1,
Adenot,,,elopiprazole,Fc1ccc(cc1)c5ccc(CN2CCN(CC2)c3cccc4ccoc34)[nH]5 ,Fc1ccc(cc1)c5ccc(CN2CCN(CC2)c3cccc4ccoc34)[nH]5 ,,1,
Adenot,,,eltoprazine,C1CN(CCN1)c2cccc3OCCOc23 ,C1CN(CCN1)c2cccc3OCCOc23 ,,1,
Adenot,,,embutramide,CCC(CC)(CNC(=O)CCCO)c1cccc(OC)c1 ,CCC(CC)(CNC(=O)CCCO)c1cccc(OC)c1 ,,1,
Adenot,,,emylcamate,CCC(C)(CC)OC(N)=O ,CCC(C)(CC)OC(N)=O ,,1,
Adenot,,,enciprazine,COc1ccccc1N2CCN(CC2)CC(O)COc3cc(OC)c(OC)c(OC)c3 ,COc1ccccc1N2CCN(CC2)CC(O)COc3cc(OC)c(OC)c(OC)c3 ,,1,
Adenot,,,encyprate,CCOC(=O)N(Cc1ccccc1)C2CC2 ,CCOC(=O)N(Cc1ccccc1)C2CC2 ,,1,
Adenot,,,endixaprine,OC1CCN(CC1)c2ccc(nn2)c3ccc(Cl)cc3Cl ,OC1CCN(CC1)c2ccc(nn2)c3ccc(Cl)cc3Cl ,,1,
Adenot,,,endomide,CCN(CC)C(=O)C2C1CC(C=C1)C2C(=O)N(CC)CC ,CCN(CC)C(=O)C2C1CC(C=C1)C2C(=O)N(CC)CC ,,1,
Adenot,,,endrysone (endrisone),CC3CC2C1CCC(C(C)=O)C1(C)CC(O)C2C4(C)C=CC(=O)C=C34,CC3CC2C1CCC(C(C)=O)C1(C)CC(O)C2C4(C)C=CC(=O)C=C34,,1,
Adenot,,,enflurane,FC(F)OC(F)(F)C(F)Cl ,FC(F)OC(F)(F)C(F)Cl ,,1,
Adenot,,,enilospirone,CC3OC1(CCCCC1Oc2cccc(Cl)c2)NC3=O ,CC3OC1(CCCCC1Oc2cccc(Cl)c2)NC3=O ,,1,
Adenot,,,eptastigmine,CCCCCCCNC(=O)Oc3ccc2N(C)C1N(C)CCC1(C)c2c3 ,CCCCCCCNC(=O)Oc3ccc2N(C)C1N(C)CCC1(C)c2c3 ,,1,
Adenot,,,erizepine,CN1CCC3=C(CC1)c2ccccc2N(C)c4ccccc34 ,CN1CCC3=C(CC1)c2ccccc2N(C)c4ccccc34 ,,1,
Adenot,,,estazolam,Clc1ccc2c(c1)C(=NCc3nncn23)c4ccccc4 ,Clc1ccc2c(c1)C(=NCc3nncn23)c4ccccc4 ,,1,
Adenot,,,etacepride,CCN1CCCC1CNC(=O)c2cc(ccc2OC)C(C)=O ,CCN1CCCC1CNC(=O)c2cc(ccc2OC)C(C)=O ,,1,
Adenot,,,etamiphyllin,CCN(CC)CCn1cnc2n(C)c(=O)n(C)c(=O)c12 ,CCN(CC)CCn1cnc2n(C)c(=O)n(C)c(=O)c12 ,,1,
Adenot,,,etasuline,CCNC2=Nc1ccc(Cl)cc1C(S2)c3ccccc3 ,CCNC2=Nc1ccc(Cl)cc1C(S2)c3ccccc3 ,,1,
Adenot,,,etazepine,CCOC2c1ccccc1N(C)C(=O)c3ccccc23 ,CCOC2c1ccccc1N(C)C(=O)c3ccccc23 ,,1,
Adenot,,,etazolate,CCOC(=O)c2cnc1n(CC)ncc1c2NN=C(C)C ,CCOC(=O)c2cnc1n(CC)ncc1c2NN=C(C)C ,,1,
Adenot,,,ethchlorvynol,CCC(O)(C=CCl)C#C ,CCC(O)(C=CCl)C#C ,,1,
Adenot,,,ethomoxane,CCCCNCC2COc1cccc(OCC)c1O2 ,CCCCNCC2COc1cccc(OCC)c1O2 ,,1,
Adenot,,,ethylene (ethene),C=C ,C=C ,,1,
Adenot,,,ethyl-loflazepate,CCOC(=O)C3N=C(c1ccccc1F)c2cc(Cl)ccc2NC3=O ,CCOC(=O)C3N=C(c1ccccc1F)c2cc(Cl)ccc2NC3=O ,,1,
Adenot,,,ethypicone,CCC1(CC)C(=O)NC=C(C)C1=O ,CCC1(CC)C(=O)NC=C(C)C1=O ,,1,
Adenot,,,eticyclidine,CCNC1(CCCCC1)c2ccccc2 ,CCNC1(CCCCC1)c2ccccc2 ,,1,
Adenot,,,etifoxine,CCNC2=Nc1ccc(Cl)cc1C(C)(O2)c3ccccc3 ,CCNC2=Nc1ccc(Cl)cc1C(C)(O2)c3ccccc3 ,,1,
Adenot,,,etiracetam (levetiracetam),CCC(N1CCCC1=O)C(N)=O ,CCC(N1CCCC1=O)C(N)=O ,,1,
Adenot,,,etisulergine,CCN(CC)S(=O)(=O)NC4CC1C(Cc2c[nH]c3cccc1c23)N(C)C4 ,CCN(CC)S(=O)(=O)NC4CC1C(Cc2c[nH]c3cccc1c23)N(C)C4 ,,1,
Adenot,,,etodroxizine,OCCOCCOCCN1CCN(CC1)C(c2ccccc2)c3ccc(Cl)cc3 ,OCCOCCOCCN1CCN(CC1)C(c2ccccc2)c3ccc(Cl)cc3 ,,1,
Adenot,,,etoperidone,CCc3nn(CCCN1CCN(CC1)c2cccc(Cl)c2)c(=O)n3CC ,CCc3nn(CCCN1CCN(CC1)c2cccc(Cl)c2)c(=O)n3CC ,,1,
Adenot,,,etorphine,CCCC(C)(O)C1CC23C=CC1(OC)C4Oc5c(O)ccc6CC2N(C)CCC34c56 ,CCCC(C)(O)C1CC23C=CC1(OC)C4Oc5c(O)ccc6CC2N(C)CCC34c56 ,,1,
Adenot,,,etoxadrol,CCC1(OCC(O1)C2CCCCN2)c3ccccc3 ,CCC1(OCC(O1)C2CCCCN2)c3ccccc3 ,,1,
Adenot,,,etymemazine,CCc3ccc2Sc1ccccc1N(CC(C)CN(C)C)c2c3 ,CCc3ccc2Sc1ccccc1N(CC(C)CN(C)C)c2c3 ,,1,
Adenot,,,famciclovir,CC(=O)OCC(CCn1cnc2cnc(N)nc12)COC(C)=O,CC(=O)OCC(CCn1cnc2cnc(N)nc12)COC(C)=O,,1,
Adenot,,,fantridone,CN(C)CCCn2c(=O)c1ccccc1c3ccccc23 ,CN(C)CCCn2c(=O)c1ccccc1c3ccccc23 ,,1,
Adenot,,,fasiplon,CCc2c(OC)nc1nc(cn1c2C)c3noc(C)n3 ,CCc2c(OC)nc1nc(cn1c2C)c3noc(C)n3 ,,1,
Adenot,,,fasoracetam,O=C1CCC(N1)C(=O)N1CCCCC1,O=C1CCC(N1)C(=O)N1CCCCC1,,1,
Adenot,,,febarbamate,CCCCOCC(CN1C(=O)NC(=O)C(CC)(C1=O)c2ccccc2)OC(N)=O ,CCCCOCC(CN1C(=O)NC(=O)C(CC)(C1=O)c2ccccc2)OC(N)=O ,,1,
Adenot,,,felbamate,NC(=O)OCC(COC(N)=O)c1ccccc1 ,NC(=O)OCC(COC(N)=O)c1ccccc1 ,,1,
Adenot,,,femoxetine,COc3ccc(OCC1CN(C)CCC1c2ccccc2)cc3 ,COc3ccc(OCC1CN(C)CCC1c2ccccc2)cc3 ,,1,
Adenot,,,fenaperone,Fc1ccc(cc1)C(=O)CCCN2CCN(CC2)C(=O)OC3CCCCC3 ,Fc1ccc(cc1)C(=O)CCCN2CCN(CC2)C(=O)OC3CCCCC3 ,,1,
Adenot,,,fenbutrazate,CCC(C(=O)OCCN1CCOC(C1C)c2ccccc2)c3ccccc3 ,CCC(C(=O)OCCN1CCOC(C1C)c2ccccc2)c3ccccc3 ,,1,
Adenot,,,fencamfamin,CCNC2C1CCC(C1)C2c3ccccc3 ,CCNC2C1CCC(C1)C2c3ccccc3 ,,1,
Adenot,,,fengabine,CCCCN=C(c1cc(Cl)ccc1O)c2ccccc2Cl ,CCCCN=C(c1cc(Cl)ccc1O)c2ccccc2Cl ,,1,
Adenot,,,fenharmane,C4CC2=NC1=CC=CCC1=C2C(Cc3ccccc3)N4 ,C4CC2=NC1=CC=CCC1=C2C(Cc3ccccc3)N4 ,,1,
Adenot,,,fenimide,CCC1C(=O)NC(=O)C1(C)c2ccccc2 ,CCC1C(=O)NC(=O)C1(C)c2ccccc2 ,,1,
Adenot,,,fenmetozole,Clc2ccc(OCC1=NCCN1)cc2Cl ,Clc2ccc(OCC1=NCCN1)cc2Cl ,,1,
Adenot,,,fenmetramide,CC1NC(=O)COC1c2ccccc2 ,CC1NC(=O)COC1c2ccccc2 ,,1,
Adenot,,,fenobam,CN1CC(=O)N=C1NC(=O)Nc2cccc(Cl)c2 ,CN1CC(=O)N=C1NC(=O)Nc2cccc(Cl)c2 ,,1,
Adenot,,,fenozolone,CCNC1=NC(=O)C(O1)c2ccccc2 ,CCNC1=NC(=O)C(O1)c2ccccc2 ,,1,
Adenot,,,fenpentadiol,CC(C)(O)CC(C)(O)c1ccc(Cl)cc1 ,CC(C)(O)CC(C)(O)c1ccc(Cl)cc1 ,,1,
Adenot,,,fepitrizol,Cn1nc(nc1c2ccccc2CO)c3cccnc3 ,Cn1nc(nc1c2ccccc2CO)c3cccnc3 ,,1,
Adenot,,,fipexide,Clc4ccc(OCC(=O)N1CCN(CC1)Cc3ccc2OCOc2c3)cc4 ,Clc4ccc(OCC(=O)N1CCN(CC1)Cc3ccc2OCOc2c3)cc4 ,,1,
Adenot,,,flerobuterol,CC(C)(C)NCC(O)c1ccccc1F ,CC(C)(C)NCC(O)c1ccccc1F ,,1,
Adenot,,,florfenicol,CS(=O)(=O)c1ccc(cc1)C(O)C(CF)NC(=O)C(Cl)Cl ,CS(=O)(=O)c1ccc(cc1)C(O)C(CF)NC(=O)C(Cl)Cl ,,1,
Adenot,,,fluacizine,CCN(CC)CCC(=O)N2c1ccccc1Sc3ccc(cc23)C(F)(F)F ,CCN(CC)CCC(=O)N2c1ccccc1Sc3ccc(cc23)C(F)(F)F ,,1,
Adenot,,,fluazacort,CC(=O)OCC(=O)C14N=C(C)OC1CC5C3CCC2=CC(=O)C=CC2(C)C3(F)C(O)CC45C ,CC(=O)OCC(=O)C14N=C(C)OC1CC5C3CCC2=CC(=O)C=CC2(C)C3(F)C(O)CC45C ,,1,
Adenot,,,flubanilate,CCOC(=O)N(CCN(C)C)c1cccc(c1)C(F)(F)F ,CCOC(=O)N(CCN(C)C)c1cccc(c1)C(F)(F)F ,,1,
Adenot,,,flubepride,COc1ccc(cc1C(=O)NCC2CCCN2Cc3ccc(F)cc3)S(N)(=O)=O ,COc1ccc(cc1C(=O)NCC2CCCN2Cc3ccc(F)cc3)S(N)(=O)=O ,,1,
Adenot,,,flucloronide (fluclorolone-acetonide),CC5(C)OC4CC3C2CC(F)C1=CC(=O)C=CC1(C)C2(Cl)C(Cl)CC3(C)C4(O5)C(=O)CO,CC5(C)OC4CC3C2CC(F)C1=CC(=O)C=CC1(C)C2(Cl)C(Cl)CC3(C)C4(O5)C(=O)CO,,1,
Adenot,,,fluconazole,OC(Cn1cncn1)(Cn2cncn2)c3ccc(F)cc3F ,OC(Cn1cncn1)(Cn2cncn2)c3ccc(F)cc3F ,,1,
Adenot,,,flucytosine,Nc1nc(=O)[nH]cc1F ,Nc1nc(=O)[nH]cc1F ,,1,
Adenot,,,fludrocortisone,CC34CC(O)C1(F)C(CCC2=CC(=O)CCC12C)C3CCC4(O)C(=O)CO ,CC34CC(O)C1(F)C(CCC2=CC(=O)CCC12C)C3CCC4(O)C(=O)CO ,,1,
Adenot,,,fludrocortisone-acetate,CC(=O)OCC(=O)C3(O)CCC4C2CCC1=CC(=O)CCC1(C)C2(F)C(O)CC34C ,CC(=O)OCC(=O)C3(O)CCC4C2CCC1=CC(=O)CCC1(C)C2(F)C(O)CC34C ,,1,
Adenot,,,flumezapine,CN1CCN(CC1)C3=Nc2cc(F)ccc2Nc4sc(C)cc34 ,CN1CCN(CC1)C3=Nc2cc(F)ccc2Nc4sc(C)cc34 ,,1,
Adenot,,,flumoxonide,COC(OC)C(=O)C14OC(C)(C)OC1CC5C3CC(F)C2=CC(=O)C=CC2(C)C3(F)C(O)CC45C ,COC(OC)C(=O)C14OC(C)(C)OC1CC5C3CC(F)C2=CC(=O)C=CC2(C)C3(F)C(O)CC45C ,,1,
Adenot,,,fluocinonide,CC(=O)OCC(=O)C14OC(C)(C)OC1CC5C3CC(F)C2=CC(=O)C=CC2(C)C3(F)C(O)CC45C ,CC(=O)OCC(=O)C14OC(C)(C)OC1CC5C3CC(F)C2=CC(=O)C=CC2(C)C3(F)C(O)CC45C ,,1,
Adenot,,,fluocortin,CCCCOC(=O)C(=O)C3C(C)CC4C2CC(F)C1=CC(=O)C=CC1(C)C2C(O)CC34C ,CCCCOC(=O)C(=O)C3C(C)CC4C2CC(F)C1=CC(=O)C=CC1(C)C2C(O)CC34C ,,1,
Adenot,,,fluocortolone-caproate,CCCCCC(=O)OCC(=O)C3C(C)CC4C2CC(F)C1=CC(=O)C=CC1(C)C2C(O)CC34C ,CCCCCC(=O)OCC(=O)C3C(C)CC4C2CC(F)C1=CC(=O)C=CC1(C)C2C(O)CC34C ,,1,
Adenot,,,fluoresone,CCS(=O)(=O)c1ccc(F)cc1 ,CCS(=O)(=O)c1ccc(F)cc1 ,,1,
Adenot,,,fluorometholone-acetate,CC3CC2C1CCC(OC(C)=O)(C(C)=O)C1(C)CC(O)C2(F)C4(C)C=CC(=O)C=C34 ,CC3CC2C1CCC(OC(C)=O)(C(C)=O)C1(C)CC(O)C2(F)C4(C)C=CC(=O)C=C34 ,,1,
Adenot,,,fluotracen,CC2c1ccccc1C(CCCN(C)C)c3cc(ccc23)C(F)(F)F ,CC2c1ccccc1C(CCCN(C)C)c3cc(ccc23)C(F)(F)F ,,1,
Adenot,,,fluoxetine,CNCCC(Oc1ccc(cc1)C(F)(F)F)c2ccccc2 ,CNCCC(Oc1ccc(cc1)C(F)(F)F)c2ccccc2 ,,1,
Adenot,,,flupentixol,OCCN4CCN(CCC=C2c1ccccc1Sc3ccc(cc23)C(F)(F)F)CC4 ,OCCN4CCN(CCC=C2c1ccccc1Sc3ccc(cc23)C(F)(F)F)CC4 ,,1,
Adenot,,,fluphenazine-enanthate,CCCCCCC(=O)OCCN4CCN(CCCN2c1ccccc1Sc3ccc(cc23)C(F)(F)F)CC4 ,CCCCCCC(=O)OCCN4CCN(CCCN2c1ccccc1Sc3ccc(cc23)C(F)(F)F)CC4 ,,1,
Adenot,,,flupimazine,OCCOC4CCN(CCCN2c1ccccc1Sc3ccc(cc23)C(F)(F)F)CC4 ,OCCOC4CCN(CCCN2c1ccccc1Sc3ccc(cc23)C(F)(F)F)CC4 ,,1,
Adenot,,,fluprazine,NC(=O)NCCN1CCN(CC1)c2cccc(c2)C(F)(F)F ,NC(=O)NCCN1CCN(CC1)c2cccc(c2)C(F)(F)F ,,1,
Adenot,,,flurazepam,CCN(CC)CCN2C(=O)CN=C(c1ccccc1F)c3cc(Cl)ccc23 ,CCN(CC)CCN2C(=O)CN=C(c1ccccc1F)c3cc(Cl)ccc23 ,,1,
Adenot,,,fluspirilene,Fc1ccc(cc1)C(CCCN2CCC3(CC2)N(CNC3=O)c4ccccc4)c5ccc(F)cc5 ,Fc1ccc(cc1)C(CCCN2CCC3(CC2)N(CNC3=O)c4ccccc4)c5ccc(F)cc5 ,,1,
Adenot,,,flutazolam,OCCN3C(=O)CN1CCOC1(c2ccccc2F)c4cc(Cl)ccc34 ,OCCN3C(=O)CN1CCOC1(c2ccccc2F)c4cc(Cl)ccc34 ,,1,
Adenot,,,flutemazepam,CN2C(=O)C(O)N=C(c1ccccc1F)c3cc(Cl)ccc23 ,CN2C(=O)C(O)N=C(c1ccccc1F)c3cc(Cl)ccc23 ,,1,
Adenot,,,fluticasone,CC4CC3C2CC(F)C1=CC(=O)C=CC1(C)C2(F)C(O)CC3(C)C4(O)C(=O)SCF ,CC4CC3C2CC(F)C1=CC(=O)C=CC1(C)C2(F)C(O)CC3(C)C4(O)C(=O)SCF ,,1,
Adenot,,,fluticasone-propionate,CCC(=O)OC3(C(C)CC4C2CC(F)C1=CC(=O)C=CC1(C)C2(F)C(O)CC34C)C(=O)SCF ,CCC(=O)OC3(C(C)CC4C2CC(F)C1=CC(=O)C=CC1(C)C2(F)C(O)CC34C)C(=O)SCF ,,1,
Adenot,,,flutizenol,OCCN4CCN(CCCN2c1cc(ccc1Sc3sccc23)C(F)(F)F)CC4 ,OCCN4CCN(CCCN2c1cc(ccc1Sc3sccc23)C(F)(F)F)CC4 ,,1,
Adenot,,,flutomidate,CCOC(=O)c1cncn1C(C)c1ccc(cc1)F,CCOC(=O)c1cncn1C(C)c1ccc(cc1)F,,1,
Adenot,,,flutroline,OC(CCCN1CCc3c(C1)c2cc(F)ccc2n3c4ccc(F)cc4)c5ccc(F)cc5 ,OC(CCCN1CCc3c(C1)c2cc(F)ccc2n3c4ccc(F)cc4)c5ccc(F)cc5 ,,1,
Adenot,,,fluvastatin,CC(C)n2c(C=CC(O)CC(O)CC(O)=O)c(c1ccc(F)cc1)c3ccccc23 ,CC(C)n2c(C=CC(O)CC(O)CC(O)=O)c(c1ccc(F)cc1)c3ccccc23 ,,1,
Adenot,,,fluvoxamine,COCCCCC(=NOCCN)c1ccc(cc1)C(F)(F)F,COCCCCC(=NOCCN)c1ccc(cc1)C(F)(F)F,,1,
Adenot,,,fluzinamide,CNC(=O)N1CC(C1)Oc2cccc(c2)C(F)(F)F ,CNC(=O)N1CC(C1)Oc2cccc(c2)C(F)(F)F ,,1,
Adenot,,,folic-acid,Nc3nc(=O)c2nc(CNc1ccc(cc1)C(=O)NC(CCC(O)=O)C(O)=O)cnc2[nH]3 ,Nc3nc(=O)c2nc(CNc1ccc(cc1)C(=O)NC(CCC(O)=O)C(O)=O)cnc2[nH]3 ,,1,
Adenot,,,formocortal,CC(=O)OCC(=O)C14OC(C)(C)OC1CC5C3CC(=C2C=C(CCC2(C)C3(F)C(O)CC45C)OCCCl)C=O ,CC(=O)OCC(=O)C14OC(C)(C)OC1CC5C3CC(=C2C=C(CCC2(C)C3(F)C(O)CC45C)OCCCl)C=O ,,1,
Adenot,,,fosazepam,CP(C)(=O)CN2C(=O)CN=C(c1ccccc1)c3cc(Cl)ccc23 ,CP(C)(=O)CN2C(=O)CN=C(c1ccccc1)c3cc(Cl)ccc23 ,,1,
Adenot,,,fosenazide,NNC(=O)CP(=O)(c1ccccc1)c2ccccc2 ,NNC(=O)CP(=O)(c1ccccc1)c2ccccc2 ,,1,
Adenot,,,fosfomycin,CC1OC1P(O)(O)=O ,CC1OC1P(O)(O)=O ,,1,
Adenot,,,fosphenytoin,OP(O)(=O)CN1C(=O)NC(C1=O)(c2ccccc2)c3ccccc3 ,OP(O)(=O)CN1C(=O)NC(C1=O)(c2ccccc2)c3ccccc3 ,,1,
Adenot,,,ftormetazine,CN1CCN(CC1)CCC(=O)N3c2ccccc2Sc4ccc(cc34)C(F)(F)F ,CN1CCN(CC1)CCC(=O)N3c2ccccc2Sc4ccc(cc34)C(F)(F)F ,,1,
Adenot,,,ftorpropazine,OCCN1CCN(CC1)CCC(=O)N3c2ccccc2Sc4ccc(cc34)C(F)(F)F ,OCCN1CCN(CC1)CCC(=O)N3c2ccccc2Sc4ccc(cc34)C(F)(F)F ,,1,
Adenot,,,furomazine,OC4(CCN(CCCN2c1ccccc1Sc3ccc(Cl)cc23)CC4)C5CCOC5=O ,OC4(CCN(CCCN2c1ccccc1Sc3ccc(Cl)cc23)CC4)C5CCOC5=O ,,1,
Adenot,,,fursultiamine,CC(N(Cc1cnc(C)nc1N)C=O)=C(CCO)SSCC2CCCO2 ,CC(N(Cc1cnc(C)nc1N)C=O)=C(CCO)SSCC2CCCO2 ,,1,
Adenot,,,gabapentin,NCC1(CCCCC1)CC(O)=O ,NCC1(CCCCC1)CC(O)=O ,,1,
Adenot,,,gaboxadol,Oc1noc2CNCCc12 ,Oc1noc2CNCCc12 ,,1,
Adenot,,,ganaxolone,CC(=O)C3CCC4C2CCC1CC(C)(O)CCC1(C)C2CCC34C ,CC(=O)C3CCC4C2CCC1CC(C)(O)CCC1(C)C2CCC34C ,,1,
Adenot,,,gedocarnil,COCc3c(ncc4[nH]c2cccc(Oc1ccc(Cl)cc1)c2c34)C(=O)OC(C)C ,COCc3c(ncc4[nH]c2cccc(Oc1ccc(Cl)cc1)c2c34)C(=O)OC(C)C ,,1,
Adenot,,,gemazocine,CCC24CCN(CC1CC1)C(Cc3ccc(O)cc23)C4(C)C ,CCC24CCN(CC1CC1)C(Cc3ccc(O)cc23)C4(C)C ,,1,
Adenot,,,gepirone,CC3(C)CC(=O)N(CCCCN1CCN(CC1)c2ncccn2)C(=O)C3 ,CC3(C)CC(=O)N(CCCCN1CCN(CC1)c2ncccn2)C(=O)C3 ,,1,
Adenot,,,gevotroline,Fc4ccc3[nH]c2CCN(CCCc1cccnc1)Cc2c3c4 ,Fc4ccc3[nH]c2CCN(CCCc1cccnc1)Cc2c3c4 ,,1,
Adenot,,,girisopam,COc3cc2CC(=NN=C(c1cccc(Cl)c1)c2cc3OC)C ,COc3cc2CC(=NN=C(c1cccc(Cl)c1)c2cc3OC)C ,,1,
Adenot,,,glaziovine,COc2cc3CCN(C)C4CC1(C=CC(=O)C=C1)c(c2O)c34 ,COc2cc3CCN(C)C4CC1(C=CC(=O)C=C1)c(c2O)c34 ,,1,
Adenot,,,halcinonide,CC5(C)OC4CC3C2CCC1=CC(=O)CCC1(C)C2(F)C(O)CC3(C)C4(O5)C(=O)CCl ,CC5(C)OC4CC3C2CCC1=CC(=O)CCC1(C)C2(F)C(O)CC3(C)C4(O5)C(=O)CCl ,,1,
Adenot,,,halocortolone,CC4CC3C2CC(F)C1=CC(=O)C=CC1(C)C2(Cl)C(F)CC3(C)C4C(=O)CO ,CC4CC3C2CC(F)C1=CC(=O)C=CC1(C)C2(Cl)C(F)CC3(C)C4C(=O)CO ,,1,
Adenot,,,halopemide,Fc1ccc(cc1)C(=O)NCCN2CCC(CC2)n3c(=O)[nH]c4cc(Cl)ccc34 ,Fc1ccc(cc1)C(=O)NCCN2CCC(CC2)n3c(=O)[nH]c4cc(Cl)ccc34 ,,1,
Adenot,,,haloperidol-decanoate,CCCCCCCCCC(=O)OC2(CCN(CCCC(=O)c1ccc(F)cc1)CC2)c3ccc(Cl)cc3 ,CCCCCCCCCC(=O)OC2(CCN(CCCC(=O)c1ccc(F)cc1)CC2)c3ccc(Cl)cc3 ,,1,
Adenot,,,halopredone (halopredone-acetate),CC(=O)OCC(=O)C3(CCC4C2CC(F)C1=CC(=O)C(=CC1(C)C2(F)C(O)CC34C)Br)OC(C)=O ,CC(=O)OCC(=O)C3(CCC4C2CC(F)C1=CC(=O)C(=CC1(C)C2(F)C(O)CC34C)Br)OC(C)=O ,,1,
Adenot,,,halothane,FC(F)(F)C(Cl)Br ,FC(F)(F)C(Cl)Br ,,1,
Adenot,,,haloxazolam,Fc1ccccc1C23OCCN2CC(=O)Nc4ccc(Br)cc34 ,Fc1ccccc1C23OCCN2CC(=O)Nc4ccc(Br)cc34 ,,1,
Adenot,,,heroin (diacetylmorphine),CN1CCC24C3Oc5c(OC(C)=O)ccc(CC1C2C=CC3OC(C)=O)c45 ,CN1CCC24C3Oc5c(OC(C)=O)ccc(CC1C2C=CC3OC(C)=O)c45 ,,1,
Adenot,,,hexapradol,CCCCCC(N)C(O)(c1ccccc1)c2ccccc2 ,CCCCCC(N)C(O)(c1ccccc1)c2ccccc2 ,,1,
Adenot,,,hexapropymate,NC(=O)OC1(CCCCC1)CC#C ,NC(=O)OC1(CCCCC1)CC#C ,,1,
Adenot,,,homatropine,CN1C2CCC1CC(C2)OC(=O)C(O)c3ccccc3 ,CN1C2CCC1CC(C2)OC(=O)C(O)c3ccccc3 ,,1,
Adenot,,,homopipramol,OCCN4CCCN(CCCN2c1ccccc1C=Cc3ccccc23)CC4 ,OCCN4CCCN(CCCN2c1ccccc1C=Cc3ccccc23)CC4 ,,1,
Adenot,,,homprenorphine,CCC(C)(O)C1CC23C=CC1(OC)C4Oc5c(OC)ccc6CC2N(CCC34c56)CC7CC7 ,CCC(C)(O)C1CC23C=CC1(OC)C4Oc5c(OC)ccc6CC2N(CCC34c56)CC7CC7 ,,1,
Adenot,,,hopantenic-acid,CC(C)(CO)C(O)C(=O)NCCCC(O)=O ,CC(C)(CO)C(O)C(=O)NCCCC(O)=O ,,1,
Adenot,,,hydrocortamate,CCN(CC)CC(=O)OCC(=O)C3(O)CCC4C2CCC1=CC(=O)CCC1(C)C2C(O)CC34C ,CCN(CC)CC(=O)OCC(=O)C3(O)CCC4C2CCC1=CC(=O)CCC1(C)C2C(O)CC34C ,,1,
Adenot,,,hydrocortisone-aceponate,CCC(=O)OC3(CCC4C2CCC1=CC(=O)CCC1(C)C2C(O)CC34C)C(=O)COC(C)=O ,CCC(=O)OC3(CCC4C2CCC1=CC(=O)CCC1(C)C2C(O)CC34C)C(=O)COC(C)=O ,,1,
Adenot,,,hydrocortisonecypionate (hydrocortisone-cipionate),CC14CCC(=O)C=C1CCC5C3CCC(O)(C(=O)COC(=O)CCC2CCCC2)C3(C)CC(O)C45,CC14CCC(=O)C=C1CCC5C3CCC(O)(C(=O)COC(=O)CCC2CCCC2)C3(C)CC(O)C45,,1,
Adenot,,,hydrocortisone-hemisuccinate,CC13CCC(=O)C=C1CCC4C2CCC(O)(C(=O)COC(=O)CCC(O)=O)C2(C)CC(O)C34 ,CC13CCC(=O)C=C1CCC4C2CCC(O)(C(=O)COC(=O)CCC(O)=O)C2(C)CC(O)C34 ,,1,
Adenot,,,hydrocortisone-valerate,CCCCC(=O)OC3(CCC4C2CCC1=CC(=O)CCC1(C)C2C(O)CC34C)C(=O)CO ,CCCCC(=O)OC3(CCC4C2CCC1=CC(=O)CCC1(C)C2C(O)CC34C)C(=O)CO ,,1,
Adenot,,,hydromorphinol,CN1CCC24C3Oc5c(O)ccc(CC1C2(O)CCC3O)c45 ,CN1CCC24C3Oc5c(O)ccc(CC1C2(O)CCC3O)c45 ,,1,
Adenot,,,hydroxindasol,COc3ccc(Cn1c(C)c(CCN)c2cc(O)ccc12)cc3 ,COc3ccc(Cn1c(C)c(CCN)c2cc(O)ccc12)cc3 ,,1,
Adenot,,,ibrotamide,CCC(Br)(C(C)C)C(N)=O ,CCC(Br)(C(C)C)C(N)=O ,,1,
Adenot,,,iclazepam,Clc4ccc3N(CCOCC1CC1)C(=O)CN=C(c2ccccc2)c3c4 ,Clc4ccc3N(CCOCC1CC1)C(=O)CN=C(c2ccccc2)c3c4 ,,1,
Adenot,,,ifoxetine,Cc2cccc(OC1CCNCC1O)c2C ,Cc2cccc(OC1CCNCC1O)c2C ,,1,
Adenot,,,ilepcimide,O=C(C=Cc2ccc1OCOc1c2)N3CCCCC3 ,O=C(C=Cc2ccc1OCOc1c2)N3CCCCC3 ,,1,
Adenot,,,iloperidone,COc1cc(ccc1OCCCN2CCC(CC2)c3noc4cc(F)ccc34)C(C)=O ,COc1cc(ccc1OCCCN2CCC(CC2)c3noc4cc(F)ccc34)C(C)=O ,,1,
Adenot,,,imiclopazine,CN5CCN(CCN4CCN(CCCN2c1ccccc1Sc3ccc(Cl)cc23)CC4)C5=O ,CN5CCN(CCN4CCN(CCCN2c1ccccc1Sc3ccc(Cl)cc23)CC4)C5=O ,,1,
Adenot,,,imidoline,CN(C)CCN1CCN(C1=O)c2cccc(Cl)c2 ,CN(C)CCN1CCN(C1=O)c2cccc(Cl)c2 ,,1,
Adenot,,,imipraminoxide,CN(C)(=O)CCCN2c1ccccc1CCc3ccccc23 ,CN(C)(=O)CCCN2c1ccccc1CCc3ccccc23 ,,1,
Adenot,,,indatraline,CNC2CC(c1ccc(Cl)c(Cl)c1)c3ccccc23 ,CNC2CC(c1ccc(Cl)c(Cl)c1)c3ccccc23 ,,1,
Adenot,,,indeloxazine,C1COC(CN1)COc2cccc3C=CCc23 ,C1COC(CN1)COc2cccc3C=CCc23 ,,1,
Adenot,,,indomethacin (indometacin),COc3ccc2n(C(=O)c1ccc(Cl)cc1)c(C)c(CC(O)=O)c2c3 ,COc3ccc2n(C(=O)c1ccc(Cl)cc1)c(C)c(CC(O)=O)c2c3 ,,1,
Adenot,,,indriline,CN(C)CCC1(C=Cc2ccccc12)c3ccccc3 ,CN(C)CCC1(C=Cc2ccccc12)c3ccccc3 ,,1,
Adenot,,,iproclozide,CC(C)NNC(=O)COc1ccc(Cl)cc1 ,CC(C)NNC(=O)COc1ccc(Cl)cc1 ,,1,
Adenot,,,iprozilamine,CSc1c(Cl)nc(NC(C)C)nc1N2CCN(C)CC2 ,CSc1c(Cl)nc(NC(C)C)nc1N2CCN(C)CC2 ,,1,
Adenot,,,ipsapirone,O=C3N(CCCCN1CCN(CC1)c2ncccn2)S(=O)(=O)c4ccccc34 ,O=C3N(CCCCN1CCN(CC1)c2ncccn2)S(=O)(=O)c4ccccc34 ,,1,
Adenot,,,isocarboxazid,Cc1cc(no1)C(=O)NNCc2ccccc2 ,Cc1cc(no1)C(=O)NNCc2ccccc2 ,,1,
Adenot,,,isoflupredone,CC34CC(O)C1(F)C(CCC2=CC(=O)C=CC12C)C3CCC4(O)C(=O)CO ,CC34CC(O)C1(F)C(CCC2=CC(=O)C=CC12C)C3CCC4(O)C(=O)CO ,,1,
Adenot,,,isoflupredone-acetate,CC(=O)OCC(=O)C3(O)CCC4C2CCC1=CC(=O)C=CC1(C)C2(F)C(O)CC34C ,CC(=O)OCC(=O)C3(O)CCC4C2CCC1=CC(=O)C=CC1(C)C2(F)C(O)CC34C ,,1,
Adenot,,,itrocinonide,CCCC5OC4CC3C2CC(F)C1=CC(=O)C=CC1(C)C2(F)C(O)CC3(C)C4(O5)C(=O)OC(C)OC(=O)OCC ,CCCC5OC4CC3C2CC(F)C1=CC(=O)C=CC1(C)C2(F)C(O)CC3(C)C4(O5)C(=O)OC(C)OC(=O)OCC ,,1,
Adenot,,,ivoqualine,COc3ccc2nccc(CCCC1CCNCC1C=C)c2c3 ,COc3ccc2nccc(CCCC1CCNCC1C=C)c2c3 ,,1,
Adenot,,,ketamine,CNC1(CCCCC1=O)c2ccccc2Cl ,CNC1(CCCCC1=O)c2ccccc2Cl ,,1,
Adenot,,,ketazocine,CC1C3N(CCC1(C)c2cc(O)ccc2C3=O)CC4CC4 ,CC1C3N(CCC1(C)c2cc(O)ccc2C3=O)CC4CC4 ,,1,
Adenot,,,ketazolam,CN3C(=O)CN1C(=O)C=C(C)OC1(c2ccccc2)c4cc(Cl)ccc34 ,CN3C(=O)CN1C(=O)C=C(C)OC1(c2ccccc2)c4cc(Cl)ccc34 ,,1,
Adenot,,,ketobemidone,CCC(=O)C1(CCN(C)CC1)c2cccc(O)c2 ,CCC(=O)C1(CCN(C)CC1)c2cccc(O)c2 ,,1,
Adenot,,,ketoprofen,CC(C(O)=O)c1cccc(c1)C(=O)c2ccccc2 ,CC(C(O)=O)c1cccc(c1)C(=O)c2ccccc2 ,,1,
Adenot,,,lamotrigine,Nc1nnc(c(N)n1)c2cccc(Cl)c2Cl ,Nc1nnc(c(N)n1)c2cccc(Cl)c2Cl ,,1,
Adenot,,,lenperone,Fc1ccc(cc1)C(=O)CCCN2CCC(CC2)C(=O)c3ccc(F)cc3 ,Fc1ccc(cc1)C(=O)CCCN2CCC(CC2)C(=O)c3ccc(F)cc3 ,,1,
Adenot,,,lesopitron,Clc3cnn(CCCCN1CCN(CC1)c2ncccn2)c3 ,Clc3cnn(CCCCN1CCN(CC1)c2ncccn2)c3 ,,1,
Adenot,,,levallorphan,Oc4ccc3CC2C1CCCCC1(CCN2CC=C)c3c4 ,Oc4ccc3CC2C1CCCCC1(CCN2CC=C)c3c4 ,,1,
Adenot,,,levophenacylmorphan,Oc5ccc4CC2C1CCCCC1(CCN2CC(=O)c3ccccc3)c4c5 ,Oc5ccc4CC2C1CCCCC1(CCN2CC(=O)c3ccccc3)c4c5 ,,1,
Adenot,,,linopirdine,O=C3N(c1ccccc1)c2ccccc2C3(Cc4ccncc4)Cc5ccncc5 ,O=C3N(c1ccccc1)c2ccccc2C3(Cc4ccncc4)Cc5ccncc5 ,,1,
Adenot,,,lisuride,CCN(CC)C(=O)NC2CN(C)C1Cc3c[nH]c4cccc(C1=C2)c34 ,CCN(CC)C(=O)NC2CN(C)C1Cc3c[nH]c4cccc(C1=C2)c34 ,,1,
Adenot,,,litracen,CNCCC=C2c1ccccc1C(C)(C)c3ccccc23 ,CNCCC=C2c1ccccc1C(C)(C)c3ccccc23 ,,1,
Adenot,,,lofendazam,Clc3ccc2NCCC(=O)N(c1ccccc1)c2c3 ,Clc3ccc2NCCC(=O)N(c1ccccc1)c2c3 ,,1,
Adenot,,,lofentanil,CCC(=O)N(c1ccccc1)C3(CCN(CCc2ccccc2)CC3C)C(=O)OC ,CCC(=O)N(c1ccccc1)C3(CCN(CCc2ccccc2)CC3C)C(=O)OC ,,1,
Adenot,,,lofepramine,CN(CCCN2c1ccccc1CCc3ccccc23)CC(=O)c4ccc(Cl)cc4 ,CN(CCCN2c1ccccc1CCc3ccccc23)CC(=O)c4ccc(Cl)cc4 ,,1,
Adenot,,,lometraline,COc1ccc(Cl)c2C(CCCc12)N(C)C ,COc1ccc(Cl)c2C(CCCc12)N(C)C ,,1,
Adenot,,,lopirazepam,OC3N=C(c1ccccc1Cl)c2nc(Cl)ccc2NC3=O ,OC3N=C(c1ccccc1Cl)c2nc(Cl)ccc2NC3=O ,,1,
Adenot,,,loprazolam,CN1CCN(CC1)C=C5N=C4CN=C(c2ccccc2Cl)c3cc(ccc3N4C5=O)N(=O)=O ,CN1CCN(CC1)C=C5N=C4CN=C(c2ccccc2Cl)c3cc(ccc3N4C5=O)N(=O)=O ,,1,
Adenot,,,loratadine,CCOC(=O)N1CCC(CC1)=C3c2ccc(Cl)cc2CCc4cccnc34 ,CCOC(=O)N1CCC(CC1)=C3c2ccc(Cl)cc2CCc4cccnc34 ,,1,
Adenot,,,lormetazepam,CN2C(=O)C(O)N=C(c1ccccc1Cl)c3cc(Cl)ccc23 ,CN2C(=O)C(O)N=C(c1ccccc1Cl)c3cc(Cl)ccc23 ,,1,
Adenot,,,lorpiprazole,FC(F)(F)c1cccc(c1)N2CCN(CC2)CCc4nnc5C3CCCC3Cn45 ,FC(F)(F)c1cccc(c1)N2CCN(CC2)CCc4nnc5C3CCCC3Cn45 ,,1,
Adenot,,,lortalamine,Clc4ccc3OC12CCNCC1C(CC(=O)N2)c3c4 ,Clc4ccc3OC12CCNCC1C(CC(=O)N2)c3c4 ,,1,
Adenot,,,lorzafone,CN(C(=O)CNC(=O)CN)c1ccc(Cl)cc1C(=O)c2ccccc2Cl ,CN(C(=O)CNC(=O)CN)c1ccc(Cl)cc1C(=O)c2ccccc2Cl ,,1,
Adenot,,,losigamone,COC1=CC(=O)OC1C(O)c2ccccc2Cl ,COC1=CC(=O)OC1C(O)c2ccccc2Cl ,,1,
Adenot,,,loteprednol (loteprednol-etabonate),CCOC(=O)OC3(CCC4C2CCC1=CC(=O)C=CC1(C)C2C(O)CC34C)C(=O)OCCl ,CCOC(=O)OC3(CCC4C2CCC1=CC(=O)C=CC1(C)C2C(O)CC34C)C(=O)OCCl ,,1,
Adenot,,,loxapine,CN1CCN(CC1)C3=Nc2ccccc2Oc4ccc(Cl)cc34 ,CN1CCN(CC1)C3=Nc2ccccc2Oc4ccc(Cl)cc34 ,,1,
Adenot,,,lufuradom,CN3C(CNC(=O)c1ccoc1)CN=C(c2ccccc2)c4ccc(F)cc34 ,CN3C(CNC(=O)c1ccoc1)CN=C(c2ccccc2)c4ccc(F)cc34 ,,1,
Adenot,,,mazindol,OC2(N1CCN=C1c3ccccc23)c4ccc(Cl)cc4 ,OC2(N1CCN=C1c3ccccc23)c4ccc(Cl)cc4 ,,1,
Adenot,,,mazipredone,CN1CCN(CC1)CC(=O)C4(O)CCC5C3CCC2=CC(=O)C=CC2(C)C3C(O)CC45C ,CN1CCN(CC1)CC(=O)C4(O)CCC5C3CCC2=CC(=O)C=CC2(C)C3C(O)CC45C ,,1,
Adenot,,,mebanazine,CC(NN)c1ccccc1 ,CC(NN)c1ccccc1 ,,1,
Adenot,,,mebutamate,CCC(C)C(C)(COC(N)=O)COC(N)=O ,CCC(C)C(C)(COC(N)=O)COC(N)=O ,,1,
Adenot,,,meclofenoxate,CN(C)CCC(=O)COc1ccc(Cl)cc1 ,CN(C)CCC(=O)COc1ccc(Cl)cc1 ,,1,
Adenot,,,meclonazepam,CC3N=C(c1ccccc1Cl)c2cc(ccc2NC3=O)N(=O)=O ,CC3N=C(c1ccccc1Cl)c2cc(ccc2NC3=O)N(=O)=O ,,1,
Adenot,,,mecloqualone,Cc2nc1ccccc1c(=O)n2c3ccccc3Cl ,Cc2nc1ccccc1c(=O)n2c3ccccc3Cl ,,1,
Adenot,,,mecloralurea,CNC(=O)NC(O)C(Cl)(Cl)Cl ,CNC(=O)NC(O)C(Cl)(Cl)Cl ,,1,
Adenot,,,meclorisone (meclorisone-dibutyrate),CCCC(=O)OCC(=O)C3(OC(=O)CCC)C(C)CC4C2CCC1=CC(=O)C=CC1(C)C2(Cl)C(Cl)CC34C ,CCCC(=O)OCC(=O)C3(OC(=O)CCC)C(C)CC4C2CCC1=CC(=O)C=CC1(C)C2(Cl)C(Cl)CC34C ,,1,
Adenot,,,medazepam,CN2CCN=C(c1ccccc1)c3cc(Cl)ccc23 ,CN2CCN=C(c1ccccc1)c3cc(Cl)ccc23 ,,1,
Adenot,,,medrysone,CC3CC2C1CCC(C(O)=O)C1(C)CC(O)C2C4(C)CCC(=O)C=C34 ,CC3CC2C1CCC(C(O)=O)C1(C)CC(O)C2C4(C)CCC(=O)C=C34 ,,1,
Adenot,,,mefexamide,CCN(CC)CCNC(=O)COc1ccc(OC)cc1 ,CCN(CC)CCNC(=O)COc1ccc(OC)cc1 ,,1,
Adenot,,,melitracen,CN(C)CCC=C2c1ccccc1C(C)(C)c3ccccc23 ,CN(C)CCC=C2c1ccccc1C(C)(C)c3ccccc23 ,,1,
Adenot,,,melperone,CC2CCN(CCCC(=O)c1ccc(F)cc1)CC2 ,CC2CCN(CCCC(=O)c1ccc(F)cc1)CC2 ,,1,
Adenot,,,memantine,CC13CC2CC(C)(C1)CC(N)(C2)C3 ,CC13CC2CC(C)(C1)CC(N)(C2)C3 ,,1,
Adenot,,,mephenoxalone,COc1ccccc1OCC2CNC(=O)O2 ,COc1ccccc1OCC2CNC(=O)O2 ,,1,
Adenot,,,meprotixol,COc3ccc2Sc1ccccc1C(O)(CCCN(C)C)c2c3 ,COc3ccc2Sc1ccccc1C(O)(CCCN(C)C)c2c3 ,,1,
Adenot,,,mequitazine,C1CN2CCC1C(C2)CN4c3ccccc3Sc5ccccc45 ,C1CN2CCC1C(C2)CN4c3ccccc3Sc5ccccc45 ,,1,
Adenot,,,mesoridazine,CN1CCCCC1CCN3c2ccccc2Sc4ccc(cc34)S(C)=O ,CN1CCCCC1CCN3c2ccccc2Sc4ccc(cc34)S(C)=O ,,1,
Adenot,,,mesulergine,CN1CC(CC2C1Cc3cn(C)c4cccc2c34)NS(=O)(=O)N(C)C ,CN1CC(CC2C1Cc3cn(C)c4cccc2c34)NS(=O)(=O)N(C)C ,,1,
Adenot,,,metacetamol,CC(=O)Nc1cccc(O)c1 ,CC(=O)Nc1cccc(O)c1 ,,1,
Adenot,,,metaglycodol,CC(C)(O)C(C)(O)c1cccc(Cl)c1 ,CC(C)(O)C(C)(O)c1cccc(Cl)c1 ,,1,
Adenot,,,methamphetamine,CNC(C)Cc1ccccc1 ,CNC(C)Cc1ccccc1 ,,1,
Adenot,,,methapyrilene,CN(C)CCN(Cc1cccs1)c2ccccn2 ,CN(C)CCN(Cc1cccs1)c2ccccn2 ,,1,
Adenot,,,metharbital,CCC1(CC)C(=O)NC(=O)N(C)C1=O ,CCC1(CC)C(=O)NC(=O)N(C)C1=O ,,1,
Adenot,,,methitural,CCCC(C)C1(CCSC)C(=O)NC(=S)NC1=O ,CCCC(C)C1(CCSC)C(=O)NC(=S)NC1=O ,,1,
Adenot,,,methohexital,CCC#CC(C)C1(CC=C)C(=O)NC(=O)N(C)C1=O ,CCC#CC(C)C1(CC=C)C(=O)NC(=O)N(C)C1=O ,,1,
Adenot,,,methoxyflurane,COC(F)(F)C(Cl)Cl ,COC(F)(F)C(Cl)Cl ,,1,
Adenot,,,methyldesorphine,CN2CC14C3CC=C(C)C1Oc5c(O)ccc(CC23)c45 ,CN2CC14C3CC=C(C)C1Oc5c(O)ccc(CC23)c45 ,,1,
Adenot,,,methyldihydromorphine,CN2CCC14C3CCC(C)(O)C1Oc5c(O)ccc(CC23)c45 ,CN2CCC14C3CCC(C)(O)C1Oc5c(O)ccc(CC23)c45 ,,1,
Adenot,,,methylpentynol,CCC(C)(O)C#C,CCC(C)(O)C#C,,1,
Adenot,,,methylprednisolone21hemisuccinate (methylprednisolone-hemisuccinate),CC3CC2C1CCC(O)(C(=O)COC(=O)CCC(O)=O)C1(C)CC(O)C2C4(C)C=CC(=O)C=C34,CC3CC2C1CCC(O)(C(=O)COC(=O)CCC(O)=O)C1(C)CC(O)C2C4(C)C=CC(=O)C=C34,,1,
Adenot,,,metiapine,CN1CCN(CC1)C3=Nc2ccccc2Sc4ccc(C)cc34 ,CN1CCN(CC1)C3=Nc2ccccc2Sc4ccc(C)cc34 ,,1,
Adenot,,,metofenazate,COc1cc(cc(OC)c1OC)C(=O)OCCN5CCN(CCCN3c2ccccc2Sc4ccc(Cl)cc34)CC5 ,COc1cc(cc(OC)c1OC)C(=O)OCCN5CCN(CCCN3c2ccccc2Sc4ccc(Cl)cc34)CC5 ,,1,
Adenot,,,metopimazine,CS(=O)(=O)c4ccc3Sc1ccccc1N(CCCN2CCC(CC2)C(N)=O)c3c4 ,CS(=O)(=O)c4ccc3Sc1ccccc1N(CCCN2CCC(CC2)C(N)=O)c3c4 ,,1,
Adenot,,,metopon,CN2CCC14C3CCC(=O)C1(C)Oc5c(O)ccc(CC23)c45 ,CN2CCC14C3CCC(=O)C1(C)Oc5c(O)ccc(CC23)c45 ,,1,
Adenot,,,metoserpate,COC5CC4CN3CCc1c([nH]c2cc(OC)ccc12)C3CC4C(C5OC)C(=O)OC ,COC5CC4CN3CCc1c([nH]c2cc(OC)ccc12)C3CC4C(C5OC)C(=O)OC ,,1,
Adenot,,,metoxepin,COc4ccc3Oc1ccccc1C=C(N2CCN(C)CC2)c3c4 ,COc4ccc3Oc1ccccc1C=C(N2CCN(C)CC2)c3c4 ,,1,
Adenot,,,metralindole,COc4ccc3n1CCN(C)C2=NCCc(c12)c3c4 ,COc4ccc3n1CCN(C)C2=NCCc(c12)c3c4 ,,1,
Adenot,,,metronidazole,Cc1ncc(N(=O)=O)n1CCO ,Cc1ncc(N(=O)=O)n1CCO ,,1,
Adenot,,,mevastatin,CCC(C)C(=O)OC2CCC=C3C=CC(C)C(CCC1CC(O)CC(=O)O1)C23 ,CCC(C)C(=O)OC2CCC=C3C=CC(C)C(CCC1CC(O)CC(=O)O1)C23 ,,1,
Adenot,,,mexazolam,CC1COC2(N1CC(=O)Nc3ccc(Cl)cc23)c4ccccc4Cl ,CC1COC2(N1CC(=O)Nc3ccc(Cl)cc23)c4ccccc4Cl ,,1,
Adenot,,,mezilamine,CNc1nc(Cl)c(SC)c(n1)N2CCN(C)CC2 ,CNc1nc(Cl)c(SC)c(n1)N2CCN(C)CC2 ,,1,
Adenot,,,mianserin,CN1CCN3C(C1)c2ccccc2Cc4ccccc34 ,CN1CCN3C(C1)c2ccccc2Cc4ccccc34 ,,1,
Adenot,,,miconazole,Clc3ccc(COC(Cn1ccnc1)c2ccc(Cl)cc2Cl)c(Cl)c3 ,Clc3ccc(COC(Cn1ccnc1)c2ccc(Cl)cc2Cl)c(Cl)c3 ,,1,
Adenot,,,midaflur,NC1=NC(NC1(C(F)(F)F)C(F)(F)F)(C(F)(F)F)C(F)(F)F ,NC1=NC(NC1(C(F)(F)F)C(F)(F)F)(C(F)(F)F)C(F)(F)F ,,1,
Adenot,,,milacemide,CCCCCNCC(N)=O ,CCCCCNCC(N)=O ,,1,
Adenot,,,milameline,CON=CC1=CCCN(C)C1 ,CON=CC1=CCCN(C)C1 ,,1,
Adenot,,,minaprine,Cc1cc(nnc1NCCN2CCOCC2)c3ccccc3 ,Cc1cc(nnc1NCCN2CCOCC2)c3ccccc3 ,,1,
Adenot,,,minaxolone,CCOC4CC2(C)C(CCC3C1CCC(C(C)=O)C1(C)CC(C23)N(C)C)CC4O ,CCOC4CC2(C)C(CCC3C1CCC(C(C)=O)C1(C)CC(C23)N(C)C)CC4O ,,1,
Adenot,,,mirisetron,CN1C2CCC1CC(C2)NC(=O)c5cn(C3CCCCC3)c4ccccc4c5=O ,CN1C2CCC1CC(C2)NC(=O)c5cn(C3CCCCC3)c4ccccc4c5=O ,,1,
Adenot,,,mirtazapine,CN1CCN3C(C1)c2ccccc2Cc4cccnc34 ,CN1CCN3C(C1)c2ccccc2Cc4cccnc34 ,,1,
Adenot,,,moclobemide,Clc1ccc(cc1)C(=O)NCCN2CCOCC2 ,Clc1ccc(cc1)C(=O)NCCN2CCOCC2 ,,1,
Adenot,,,modafinil,NC(=O)CS(=O)C(c1ccccc1)c2ccccc2 ,NC(=O)CS(=O)C(c1ccccc1)c2ccccc2 ,,1,
Adenot,,,mometasone (mometasone-furoate),CC4CC3C2CCC1=CC(=O)C=CC1(C)C2(Cl)C(O)CC3(C)C4(OC(=O)c5ccco5)C(=O)CCl ,CC4CC3C2CCC1=CC(=O)C=CC1(C)C2(Cl)C(O)CC3(C)C4(OC(=O)c5ccco5)C(=O)CCl ,,1,
Adenot,,,monometacrine,CNCCCN2c1ccccc1C(C)(C)c3ccccc23 ,CNCCCN2c1ccccc1C(C)(C)c3ccccc23 ,,1,
Adenot,,,moperone,Cc1ccc(cc1)C3(O)CCN(CCCC(=O)c2ccc(F)cc2)CC3 ,Cc1ccc(cc1)C3(O)CCN(CCCC(=O)c2ccc(F)cc2)CC3 ,,1,
Adenot,,,morphine,CN1CCC24C3Oc5c(O)ccc(CC1C2C=CC3O)c45 ,CN1CCC24C3Oc5c(O)ccc(CC1C2C=CC3O)c45 ,,1,
Adenot,,,morsuximide,CC2(CC(=O)N(CN1CCOCC1)C2=O)c3ccccc3 ,CC2(CC(=O)N(CN1CCOCC1)C2=O)c3ccccc3 ,,1,
Adenot,,,mosapramine,Clc6ccc5CCc1ccccc1N(CCCN2CCC4(CC2)N3CCCCC3NC4=O)c5c6 ,Clc6ccc5CCc1ccccc1N(CCCN2CCC4(CC2)N3CCCCC3NC4=O)c5c6 ,,1,
Adenot,,,motrazepam,COCN2C(=O)CN=C(c1ccccc1)c3cc(ccc23)N(=O)=O ,COCN2C(=O)CN=C(c1ccccc1)c3cc(ccc23)N(=O)=O ,,1,
Adenot,,,moxadolen,CNC(=O)OC2OC(=O)C3C1CC(C=C1)C23 ,CNC(=O)OC2OC(=O)C3C1CC(C=C1)C23 ,,1,
Adenot,,,moxiraprine,Cc1cc(nnc1NCCN1CCOCC1)c1ccc(cc1)O,Cc1cc(nnc1NCCN1CCOCC1)c1ccc(cc1)O,,1,
Adenot,,,myrophine,CCCCCCCCCCCCCC(=O)OC2C=CC3C4Cc5ccc(OCc1ccccc1)c6OC2C3(CCN4C)c56 ,CCCCCCCCCCCCCC(=O)OC2C=CC3C4Cc5ccc(OCc1ccccc1)c6OC2C3(CCN4C)c56 ,,1,
Adenot,,,nabazenil,CCCCCC(C)C(C)c4cc(OC(=O)CCCN1CCCCCC1)c3C2=C(CCC(C)C2)C(C)(C)Oc3c4 ,CCCCCC(C)C(C)c4cc(OC(=O)CCCN1CCCCCC1)c3C2=C(CCC(C)C2)C(C)(C)Oc3c4 ,,1,
Adenot,,,nabilone,CCCCCCC(C)(C)c3cc(O)c2C1CC(=O)CCC1C(C)(C)Oc2c3 ,CCCCCCC(C)(C)c3cc(O)c2C1CC(=O)CCC1C(C)(C)Oc2c3 ,,1,
Adenot,,,nafimidone,O=C(Cn1ccnc1)c3ccc2ccccc2c3 ,O=C(Cn1ccnc1)c3ccc2ccccc2c3 ,,1,
Adenot,,,naflocort,CC35CC(O)C1(F)C(CCC2=CC(=O)C=CC12C)C3CC6Cc4ccccc4CC56C(=O)CO ,CC35CC(O)C1(F)C(CCC2=CC(=O)C=CC12C)C3CC6Cc4ccccc4CC56C(=O)CO ,,1,
Adenot,,,nalbuphine,OC1CCC2(O)C3Cc5ccc(O)c6OC1C2(CCN3CC4CCC4)c56,OC1CCC2(O)C3Cc5ccc(O)c6OC1C2(CCN3CC4CCC4)c56,,1,
Adenot,,,nalmefene,Oc1ccc2CC4N(CCC35C(Oc1c23)C(=C)CCC45O)CC6CC6 ,Oc1ccc2CC4N(CCC35C(Oc1c23)C(=C)CCC45O)CC6CC6 ,,1,
Adenot,,,nalmexone,CC(C)=CCN1CCC24C3Oc5c(O)ccc(CC1C2(O)CCC3=O)c45 ,CC(C)=CCN1CCC24C3Oc5c(O)ccc(CC1C2(O)CCC3=O)c45 ,,1,
Adenot,,,naltrexone,Oc1ccc2CC4N(CCC35C(Oc1c23)C(=O)CCC45O)CC6CC6 ,Oc1ccc2CC4N(CCC35C(Oc1c23)C(=O)CCC45O)CC6CC6 ,,1,
Adenot,,,napactadine,CNC(Cc2ccc1ccccc1c2)=NC ,CNC(Cc2ccc1ccccc1c2)=NC ,,1,
Adenot,,,napamezole,C3CN=C(CC2=Cc1ccccc1CC2)N3 ,C3CN=C(CC2=Cc1ccccc1CC2)N3 ,,1,
Adenot,,,naprodoxime,CC(Oc1cccc2ccccc12)C(N)=NO ,CC(Oc1cccc2ccccc12)C(N)=NO ,,1,
Adenot,,,nefazodone,CCc3nn(CCCN1CCN(CC1)c2cccc(Cl)c2)c(=O)n3CCOc4ccccc4 ,CCc3nn(CCCN1CCN(CC1)c2cccc(Cl)c2)c(=O)n3CCOc4ccccc4 ,,1,
Adenot,,,nefiracetam,Cc1cccc(C)c1NC(=O)CN2CCCC2=O ,Cc1cccc(C)c1NC(=O)CN2CCCC2=O ,,1,
Adenot,,,neflumozide,Fc5ccc4c(CCCN1CCC(CC1)n2c(=O)[nH]c3ccccc23)noc4c5 ,Fc5ccc4c(CCCN1CCC(CC1)n2c(=O)[nH]c3ccccc23)noc4c5 ,,1,
Adenot,,,nialamide,O=C(CCNNC(=O)c1ccncc1)NCc2ccccc2 ,O=C(CCNNC(=O)c1ccncc1)NCc2ccccc2 ,,1,
Adenot,,,niaprazine,CC(CCN1CCN(CC1)c2ccc(F)cc2)NC(=O)c3cccnc3 ,CC(CCN1CCN(CC1)c2ccc(F)cc2)NC(=O)c3cccnc3 ,,1,
Adenot,,,nicocortonide,CC=CC1OC34CCC(O1)(C(=O)COC(=O)c2ccncc2)C3(C)CC(O)C5C4CCC6=CC(=O)CCC56C ,CC=CC1OC34CCC(O1)(C(=O)COC(=O)c2ccncc2)C3(C)CC(O)C5C4CCC6=CC(=O)CCC56C ,,1,
Adenot,,,nicomorphine,CN2CCC36C4Oc7c(OC(=O)c1cccnc1)ccc(CC2C3C=CC4OC(=O)c5cccnc5)c67 ,CN2CCC36C4Oc7c(OC(=O)c1cccnc1)ccc(CC2C3C=CC4OC(=O)c5cccnc5)c67 ,,1,
Adenot,,,nicopholine,O=C(N1CCOCC1)c2cccnc2 ,O=C(N1CCOCC1)c2cccnc2 ,,1,
Adenot,,,nicotinamide,NC(=O)c1cccnc1 ,NC(=O)c1cccnc1 ,,1,
Adenot,,,nicotine,CN1CCCC1c2cccnc2 ,CN1CCCC1c2cccnc2 ,,1,
Adenot,,,nikethamide,CCN(CC)C(=O)c1cccnc1 ,CCN(CC)C(=O)c1cccnc1 ,,1,
Adenot,,,nimetazepam,CN2C(=O)CN=C(c1ccccc1)c3cc(ccc23)N(=O)=O ,CN2C(=O)CN=C(c1ccccc1)c3cc(ccc23)N(=O)=O ,,1,
Adenot,,,nisobamate,CCC(C)C(C)(COC(N)=O)COC(=O)NC(C)C ,CCC(C)C(C)(COC(N)=O)COC(=O)NC(C)C ,,1,
Adenot,,,nisoxetine,CNCCC(Oc1ccccc1OC)c2ccccc2 ,CNCCC(Oc1ccccc1OC)c2ccccc2 ,,1,
Adenot,,,nitrafudam,NC(=N)c1ccc(o1)c2ccccc2N(=O)=O ,NC(=N)c1ccc(o1)c2ccccc2N(=O)=O ,,1,
Adenot,,,nivazol (nivacortol),CC34Cc2cnn(c1ccc(F)cc1)c2C=C3CCC5C4CCC6(C)C5CCC6(O)C#C,CC34Cc2cnn(c1ccc(F)cc1)c2C=C3CCC5C4CCC6(C)C5CCC6(O)C#C,,1,
Adenot,,,nomelidine,CNCC=C(c1ccc(Br)cc1)c2cccnc2 ,CNCC=C(c1ccc(Br)cc1)c2cccnc2 ,,1,
Adenot,,,nomifensine,CN3CC(c1ccccc1)c2cccc(N)c2C3 ,CN3CC(c1ccccc1)c2cccc(N)c2C3 ,,1,
Adenot,,,nonapyrimine,CCCCCCCCCNc1ncnc2[nH]ccc12 ,CCCCCCCCCNc1ncnc2[nH]ccc12 ,,1,
Adenot,,,nordazepam,Clc3ccc2NC(=O)CN=C(c1ccccc1)c2c3 ,Clc3ccc2NC(=O)CN=C(c1ccccc1)c2c3 ,,1,
Adenot,,,norflurane,FCC(F)(F)F ,FCC(F)(F)F ,,1,
Adenot,,,norlevorphanol,Oc4ccc3CC1NCCC2(CCCCC12)c3c4 ,Oc4ccc3CC1NCCC2(CCCCC12)c3c4 ,,1,
Adenot,,,normorphine,OC1C=CC2C3Cc4ccc(O)c5OC1C2(CCN3)c45 ,OC1C=CC2C3Cc4ccc(O)c5OC1C2(CCN3)c45 ,,1,
Adenot,,,nortetrazepam,Clc3ccc2NC(=O)CN=C(C1=CCCCC1)c2c3 ,Clc3ccc2NC(=O)CN=C(C1=CCCCC1)c2c3 ,,1,
Adenot,,,nortriptyline (nortriptylene and Quinpirole),CNCCC=C2c1ccccc1CCc3ccccc23,CNCCC=C2c1ccccc1CCc3ccccc23,,1,
Adenot,,,noscapine,COc2ccc1C(OC(=O)c1c2OC)C4N(C)CCc5cc3OCOc3c(OC)c45,COc2ccc1C(OC(=O)c1c2OC)C4N(C)CCc5cc3OCOc3c(OC)c45,,1,
Adenot,,,noxiptiline,CN(C)CCON=C2c1ccccc1CCc3ccccc23 ,CN(C)CCON=C2c1ccccc1CCc3ccccc23 ,,1,
Adenot,,,nuclotixene,Clc5ccc4Sc1ccccc1C(=CC2CN3CCC2CC3)c4c5 ,Clc5ccc4Sc1ccccc1C(=CC2CN3CCC2CC3)c4c5 ,,1,
Adenot,,,ocaperidone,Cc2nc1c(C)cccn1c(=O)c2CCN3CCC(CC3)c4noc5cc(F)ccc45 ,Cc2nc1c(C)cccn1c(=O)c2CCN3CCC(CC3)c4noc5cc(F)ccc45 ,,1,
Adenot,,,ocinaplon,O=C(c1ccccn1)c2cnn3c(ccnc23)c4ccncc4 ,O=C(c1ccccn1)c2cnn3c(ccnc23)c4ccncc4 ,,1,
Adenot,,,octamoxin,CCCCCCC(C)NN ,CCCCCCC(C)NN ,,1,
Adenot,,,octriptyline,CNCCC=C3c1ccccc1C2CC2c4ccccc34 ,CNCCC=C3c1ccccc1C2CC2c4ccccc34 ,,1,
Adenot,,,omiloxetine,Fc1ccc(cc1)C2CCN(CC2COc4ccc3OCOc3c4)CC(=O)c5ccc(F)cc5 ,Fc1ccc(cc1)C2CCN(CC2COc4ccc3OCOc3c4)CC(=O)c5ccc(F)cc5 ,,1,
Adenot,,,ornidazole,Cc1ncc(N(=O)=O)n1CC(O)CCl ,Cc1ncc(N(=O)=O)n1CC(O)CCl ,,1,
Adenot,,,oxaflozane,CC(C)N1CCOC(C1)c2cccc(c2)C(F)(F)F ,CC(C)N1CCOC(C1)c2cccc(c2)C(F)(F)F ,,1,
Adenot,,,oxazepam,OC3N=C(c1ccccc1)c2cc(Cl)ccc2NC3=O ,OC3N=C(c1ccccc1)c2cc(Cl)ccc2NC3=O ,,1,
Adenot,,,oxcarbazepine,NC(=O)N2c1ccccc1CC(=O)c3ccccc23 ,NC(=O)N2c1ccccc1CC(=O)c3ccccc23 ,,1,
Adenot,,,oxifentorex,CC(Cc1ccccc1)N(C)(=O)Cc2ccccc2 ,CC(Cc1ccccc1)N(C)(=O)Cc2ccccc2 ,,1,
Adenot,,,oxiperomide,O=c2[nH]c1ccccc1n2C4CCN(CCOc3ccccc3)CC4 ,O=c2[nH]c1ccccc1n2C4CCN(CCOc3ccccc3)CC4 ,,1,
Adenot,,,oxiracetam,NC(=O)CN1CC(O)CC1=O ,NC(=O)CN1CC(O)CC1=O ,,1,
Adenot,,,oxisopred,CC13C=CC(=O)C1C(=O)CCC4C2CCC(O)(C(=O)CO)C2(C)CC(O)C34 ,CC13C=CC(=O)C1C(=O)CCC4C2CCC(O)(C(=O)CO)C2(C)CC(O)C34 ,,1,
Adenot,,,oxitriptan,NC(Cc1c[nH]c2ccc(O)cc12)C(O)=O ,NC(Cc1c[nH]c2ccc(O)cc12)C(O)=O ,,1,
Adenot,,,oxitriptyline,CN(C)C(=O)COC2c1ccccc1CCc3ccccc23 ,CN(C)C(=O)COC2c1ccccc1CCc3ccccc23 ,,1,
Adenot,,,oxycodone,COc1ccc2CC4N(C)CCC35C(Oc1c23)C(=O)CCC45O ,COc1ccc2CC4N(C)CCC35C(Oc1c23)C(=O)CCC45O ,,1,
Adenot,,,oxymorphone,CN1CCC24C3Oc5c(O)ccc(CC1C2(O)CCC3=O)c45 ,CN1CCC24C3Oc5c(O)ccc(CC1C2(O)CCC3=O)c45 ,,1,
Adenot,,,pagoclone,CC(C)CCC(=O)CC1N(C(=O)c2ccccc12)c4ccc3ccc(Cl)nc3n4 ,CC(C)CCC(=O)CC1N(C(=O)c2ccccc12)c4ccc3ccc(Cl)nc3n4 ,,1,
Adenot,,,panadiplon,CC(C)n2c(=O)c1c(ncn1c3ccccc23)c4noc(n4)C5CC5 ,CC(C)n2c(=O)c1c(ncn1c3ccccc23)c4noc(n4)C5CC5 ,,1,
Adenot,,,panamesine,COc1ccc(cc1)N5CC(CN2CCC(O)(CC2)c4ccc3OCOc3c4)OC5=O ,COc1ccc(cc1)N5CC(CN2CCC(O)(CC2)c4ccc3OCOc3c4)OC5=O ,,1,
Adenot,,,pancopride,Nc2cc(OCC1CC1)c(cc2Cl)C(=O)NC3CN4CCC3CC4 ,Nc2cc(OCC1CC1)c(cc2Cl)C(=O)NC3CN4CCC3CC4 ,,1,
Adenot,,,panuramine,O=C(NC1CCN(CC1)Cc3ccc2ccccc2c3)NC(=O)c4ccccc4 ,O=C(NC1CCN(CC1)Cc3ccc2ccccc2c3)NC(=O)c4ccccc4 ,,1,
Adenot,,,paraldehyde,CC1OC(C)OC(C)O1 ,CC1OC(C)OC(C)O1 ,,1,
Adenot,,,paramethasone-acetate,CC4CC3C2CC(F)C1=CC(=O)C=CC1(C)C2C(O)CC3(C)C4(O)C(=O)COC(C)=O ,CC4CC3C2CC(F)C1=CC(=O)C=CC1(C)C2C(O)CC3(C)C4(O)C(=O)COC(C)=O ,,1,
Adenot,,,pargyline,CN(CC#C)Cc1ccccc1 ,CN(CC#C)Cc1ccccc1 ,,1,
Adenot,,,paroxetine,Fc1ccc(cc1)C2CCNCC2COc4ccc3OCOc3c4 ,Fc1ccc(cc1)C2CCNCC2COc4ccc3OCOc3c4 ,,1,
Adenot,,,pazinaclone,Clc2ccc1ccc(nc1n2)N6C(CC(=O)N3CCC4(CC3)OCCO4)c5ccccc5C6=O ,Clc2ccc1ccc(nc1n2)N6C(CC(=O)N3CCC4(CC3)OCCO4)c5ccccc5C6=O ,,1,
Adenot,,,pemoline,NC1=NC(=O)C(O1)c2ccccc2 ,NC1=NC(=O)C(O1)c2ccccc2 ,,1,
Adenot,,,penfluridol,OC3(CCN(CCCC(c1ccc(F)cc1)c2ccc(F)cc2)CC3)c4ccc(Cl)c(c4)C(F)(F)F ,OC3(CCN(CCCC(c1ccc(F)cc1)c2ccc(F)cc2)CC3)c4ccc(Cl)c(c4)C(F)(F)F ,,1,
Adenot,,,pentabamate,CC(OC(N)=O)C(C)C(C)OC(N)=O ,CC(OC(N)=O)C(C)C(C)OC(N)=O ,,1,
Adenot,,,pentamorphone,CCCCCNC12C=CC(=O)C3Oc4c(O)ccc5CC1N(C)CCC23c45 ,CCCCCNC12C=CC(=O)C3Oc4c(O)ccc5CC1N(C)CCC23c45 ,,1,
Adenot,,,pentazocine,CC2C3Cc1ccc(O)cc1C2(C)CCN3CC=C(C)C ,CC2C3Cc1ccc(O)cc1C2(C)CCN3CC=C(C)C ,,1,
Adenot,,,penthrichloral,OCC1(CO)COC(OC1)C(Cl)(Cl)Cl ,OCC1(CO)COC(OC1)C(Cl)(Cl)Cl ,,1,
Adenot,,,pentiapine,CN1CCN(CC1)C3=Nc2ccccc2Sc4nccn34 ,CN1CCN(CC1)C3=Nc2ccccc2Sc4nccn34 ,,1,
Adenot,,,perafensine,C1CN(CCN1)c3cc2ccccc2c(n3)c4ccccc4 ,C1CN(CCN1)c3cc2ccccc2c(n3)c4ccccc4 ,,1,
Adenot,,,pergolide,CCCN1CC(CSC)CC2C1Cc3c[nH]c4cccc2c34 ,CCCN1CC(CSC)CC2C1Cc3c[nH]c4cccc2c34 ,,1,
Adenot,,,perospirone,O=C2C1CCCCC1C(=O)N2CCCCN3CCN(CC3)c4nsc5ccccc45 ,O=C2C1CCCCC1C(=O)N2CCCCN3CCN(CC3)c4nsc5ccccc45 ,,1,
Adenot,,,perphenazine,OCCN4CCN(CCCN2c1ccccc1Sc3ccc(Cl)cc23)CC4 ,OCCN4CCN(CCCN2c1ccccc1Sc3ccc(Cl)cc23)CC4 ,,1,
Adenot,,,pethidine (demerol),CCOC(=O)C1(CCN(C)CC1)c2ccccc2 ,CCOC(=O)C1(CCN(C)CC1)c2ccccc2 ,,1,
Adenot,,,petrichloral,OC(OCC(COC(O)C(Cl)(Cl)Cl)(COC(O)C(Cl)(Cl)Cl)COC(O)C(Cl)(Cl)Cl)C(Cl)(Cl)Cl ,OC(OCC(COC(O)C(Cl)(Cl)Cl)(COC(O)C(Cl)(Cl)Cl)COC(O)C(Cl)(Cl)Cl)C(Cl)(Cl)Cl ,,1,
Adenot,,,phenacemide,NC(=O)NC(=O)Cc1ccccc1 ,NC(=O)NC(=O)Cc1ccccc1 ,,1,
Adenot,,,phenacetin,CCOc1ccc(NC(C)=O)cc1 ,CCOc1ccc(NC(C)=O)cc1 ,,1,
Adenot,,,phenazocine,CC2C3Cc1ccc(O)cc1C2(C)CCN3CCc4ccccc4 ,CC2C3Cc1ccc(O)cc1C2(C)CCN3CCc4ccccc4 ,,1,
Adenot,,,pheneturide,CCC(C(=O)NC(N)=O)c1ccccc1 ,CCC(C(=O)NC(N)=O)c1ccccc1 ,,1,
Adenot,,,phenmetrazine,CC1NCCOC1c2ccccc2 ,CC1NCCOC1c2ccccc2 ,,1,
Adenot,,,phenoxypropazine (fenoxypropazine),CC(COc1ccccc1)NN,CC(COc1ccccc1)NN,,1,
Adenot,,,phensuximide,CN1C(=O)CC(C1=O)c2ccccc2 ,CN1C(=O)CC(C1=O)c2ccccc2 ,,1,
Adenot,,,phenyl-salicylate,Oc1ccccc1C(=O)Oc2ccccc2 ,Oc1ccccc1C(=O)Oc2ccccc2 ,,1,
Adenot,,,phenytoin,O=C1NC(=O)C(N1)(c2ccccc2)c3ccccc3 ,O=C1NC(=O)C(N1)(c2ccccc2)c3ccccc3 ,,1,
Adenot,,,phetharbital,CCC1(CC)C(=O)NC(=O)N(C1=O)c2ccccc2 ,CCC1(CC)C(=O)NC(=O)N(C1=O)c2ccccc2 ,,1,
Adenot,,,physostigmine,CNC(=O)Oc3ccc2N(C)C1N(C)CCC1(C)c2c3 ,CNC(=O)Oc3ccc2N(C)C1N(C)CCC1(C)c2c3 ,,1,
Adenot,,,piberaline,O=C(N1CCN(CC1)Cc2ccccc2)c3ccccn3 ,O=C(N1CCN(CC1)Cc2ccccc2)c3ccccn3 ,,1,
Adenot,,,picenadol,CCCC1(CCN(C)CC1C)c2cccc(O)c2 ,CCCC1(CCN(C)CC1C)c2cccc(O)c2 ,,1,
Adenot,,,pidolacetamol,CC(=O)Nc2ccc(OC(=O)C1CCC(=O)N1)cc2 ,CC(=O)Nc2ccc(OC(=O)C1CCC(=O)N1)cc2 ,,1,
Adenot,,,piflutixol,OCCC4CCN(CCC=C2c1ccc(F)cc1Sc3ccc(cc23)C(F)(F)F)CC4 ,OCCC4CCN(CCC=C2c1ccc(F)cc1Sc3ccc(cc23)C(F)(F)F)CC4 ,,1,
Adenot,,,pimozide,Fc1ccc(cc1)C(CCCN2CCC(CC2)n3c(=O)[nH]c4ccccc34)c5ccc(F)cc5 ,Fc1ccc(cc1)C(CCCN2CCC(CC2)n3c(=O)[nH]c4ccccc34)c5ccc(F)cc5 ,,1,
Adenot,,,pipamperone,NC(=O)C2(CCN(CCCC(=O)c1ccc(F)cc1)CC2)N3CCCCC3 ,NC(=O)C2(CCN(CCCC(=O)c1ccc(F)cc1)CC2)N3CCCCC3 ,,1,
Adenot,,,pipequaline,C1CC(CCN1)CCc2cc(nc3ccccc23)c4ccccc4 ,C1CC(CCN1)CCc2cc(nc3ccccc23)c4ccccc4 ,,1,
Adenot,,,piperacetazine,CC(=O)c4ccc3Sc1ccccc1N(CCCN2CCC(CCO)CC2)c3c4 ,CC(=O)c4ccc3Sc1ccccc1N(CCCN2CCC(CCO)CC2)c3c4 ,,1,
Adenot,,,piperilate (pipethanate),OC(C(=O)OCCN1CCCCC1)(c1ccccc1)c1ccccc1,OC(C(=O)OCCN1CCCCC1)(c1ccccc1)c1ccccc1,,1,
Adenot,,,pipofezine,CN1CCN(CC1)c4cc3N(C)c2ccccc2Oc3nn4 ,CN1CCN(CC1)c4cc3N(C)c2ccccc2Oc3nn4 ,,1,
Adenot,,,pipotiazine-palmitate,CCCCCCCCCCCCCCCC(=O)OCCC4CCN(CCCN2c1ccccc1Sc3ccc(cc23)S(=O)(=O)N(C)C)CC4 ,CCCCCCCCCCCCCCCC(=O)OCCC4CCN(CCCN2c1ccccc1Sc3ccc(cc23)S(=O)(=O)N(C)C)CC4 ,,1,
Adenot,,,piquindone,CCc2c(C)[nH]c3CC1CCN(C)CC1C(=O)c23 ,CCc2c(C)[nH]c3CC1CCN(C)CC1C(=O)c23 ,,1,
Adenot,,,piracetam,NC(=O)CN1CCCC1=O ,NC(=O)CN1CCCC1=O ,,1,
Adenot,,,pirandamine,CN(C)CCC1(C)OCCC2=C1Cc3ccccc23 ,CN(C)CCC1(C)OCCC2=C1Cc3ccccc23 ,,1,
Adenot,,,piriqualone,Cc1ccccc1n4c(C=Cc2ccccn2)nc3ccccc3c4=O ,Cc1ccccc1n4c(C=Cc2ccccn2)nc3ccccc3c4=O ,,1,
Adenot,,,piritramide,NC(=O)C1(CCN(CC1)CCC(C#N)(c2ccccc2)c3ccccc3)N4CCCCC4 ,NC(=O)C1(CCN(CC1)CCC(C#N)(c2ccccc2)c3ccccc3)N4CCCCC4 ,,1,
Adenot,,,pirlindole,Cc4ccc3n1CCNC2CCCc(c12)c3c4 ,Cc4ccc3n1CCNC2CCCc(c12)c3c4 ,,1,
Adenot,,,pivagabine,CC(C)(C)C(=O)NCCCC(O)=O ,CC(C)(C)C(=O)NCCCC(O)=O ,,1,
Adenot,,,pivoxazepam,CC(C)(C)C(=O)OC3N=C(c1ccccc1)c2cc(Cl)ccc2NC3=O ,CC(C)(C)C(=O)OC3N=C(c1ccccc1)c2cc(Cl)ccc2NC3=O ,,1,
Adenot,,,pramiracetam,CC(C)N(CCNC(=O)CN1CCCC1=O)C(C)C ,CC(C)N(CCNC(=O)CN1CCCC1=O)C(C)C ,,1,
Adenot,,,prazitone,O=C2NC(=O)C(CC1CCCCN1)(C(=O)N2)c3ccccc3 ,O=C2NC(=O)C(CC1CCCCN1)(C(=O)N2)c3ccccc3 ,,1,
Adenot,,,prednicarbate,CCOC(=O)OC3(CCC4C2CCC1=CC(=O)C=CC1(C)C2C(O)CC34C)C(=O)COC(=O)CC ,CCOC(=O)OC3(CCC4C2CCC1=CC(=O)C=CC1(C)C2C(O)CC34C)C(=O)COC(=O)CC ,,1,
Adenot,,,prednisolamate,CCN(CC)CC(=O)OCC(=O)C3(O)CCC4C2CCC1=CC(=O)C=CC1(C)C2C(O)CC34C ,CCN(CC)CC(=O)OCC(=O)C3(O)CCC4C2CCC1=CC(=O)C=CC1(C)C2C(O)CC34C ,,1,
Adenot,,,prednisolone-steaglate,CCCCCCCCCCCCCCCCCC(=O)OCC(=O)OCC(=O)C3(O)CCC4C2CCC1=CC(=O)C=CC1(C)C2C(O)CC34C ,CCCCCCCCCCCCCCCCCC(=O)OCC(=O)OCC(=O)C3(O)CCC4C2CCC1=CC(=O)C=CC1(C)C2C(O)CC34C ,,1,
Adenot,,,prednisolone-tebutate,CC(C)(C)CC(=O)OCC(=O)C3(O)CCC4C2CCC1=CC(=O)C=CC1(C)C2C(O)CC34C ,CC(C)(C)CC(=O)OCC(=O)C3(O)CCC4C2CCC1=CC(=O)C=CC1(C)C2C(O)CC34C ,,1,
Adenot,,,prednisone,CC13C=CC(=O)C=C1CCC4C2CCC(O)(C(=O)CO)C2(C)CC(=O)C34 ,CC13C=CC(=O)C=C1CCC4C2CCC(O)(C(=O)CO)C2(C)CC(=O)C34 ,,1,
Adenot,,,prednylidene,CC13C=CC(=O)C=C1CCC4C2CC(=C)C(O)(C(=O)CO)C2(C)CC(O)C34 ,CC13C=CC(=O)C=C1CCC4C2CC(=C)C(O)(C(=O)CO)C2(C)CC(O)C34 ,,1,
Adenot,,,pregabalin,CC(C)CC(CN)CC(O)=O,CC(C)CC(CN)CC(O)=O,,1,
Adenot,,,pregnenolone-succinate,CC(=O)C3CCC4C2CC=C1CC(CCC1(C)C2CCC34C)OC(=O)CCC(O)=O ,CC(=O)C3CCC4C2CC=C1CC(CCC1(C)C2CCC34C)OC(=O)CCC(O)=O ,,1,
Adenot,,,pridefine,CCN1CCC(C1)=C(c2ccccc2)c3ccccc3 ,CCN1CCC(C1)=C(c2ccccc2)c3ccccc3 ,,1,
Adenot,,,procarbazine,CNNCc1ccc(cc1)C(=O)NC(C)C ,CNNCc1ccc(cc1)C(=O)NC(C)C ,,1,
Adenot,,,prochlorperazine,CN4CCN(CCCN2c1ccccc1Sc3ccc(Cl)cc23)CC4 ,CN4CCN(CCCN2c1ccccc1Sc3ccc(Cl)cc23)CC4 ,,1,
Adenot,,,procymate,CCC(OC(N)=O)C1CCCCC1 ,CCC(OC(N)=O)C1CCCCC1 ,,1,
Adenot,,,proflazepam,OCC(O)CN2C(=O)CN=C(c1ccccc1F)c3cc(Cl)ccc23 ,OCC(O)CN2C(=O)CN=C(c1ccccc1F)c3cc(Cl)ccc23 ,,1,
Adenot,,,progabide,NC(=O)CCCN=C(c1ccc(Cl)cc1)c2cc(F)ccc2O ,NC(=O)CCCN=C(c1ccc(Cl)cc1)c2cc(F)ccc2O ,,1,
Adenot,,,prolintane,CCCC(Cc1ccccc1)N2CCCC2 ,CCCC(Cc1ccccc1)N2CCCC2 ,,1,
Adenot,,,promoxolane,CC(C)C1(OCC(CO)O1)C(C)C ,CC(C)C1(OCC(CO)O1)C(C)C ,,1,
Adenot,,,propacetamol,CCN(CC)CC(=O)Oc1ccc(NC(C)=O)cc1 ,CCN(CC)CC(=O)Oc1ccc(NC(C)=O)cc1 ,,1,
Adenot,,,propanidid,CCCOC(=O)Cc1ccc(OCC(=O)N(CC)CC)c(OC)c1 ,CCCOC(=O)Cc1ccc(OCC(=O)N(CC)CC)c(OC)c1 ,,1,
Adenot,,,propizepine,CC(CN2C(=O)c1cccnc1Nc3ccccc23)N(C)C ,CC(CN2C(=O)c1cccnc1Nc3ccccc23)N(C)C ,,1,
Adenot,,,propofol,CC(C)c1cccc(C(C)C)c1O ,CC(C)c1cccc(C(C)C)c1O ,,1,
Adenot,,,propyperone,CCC(=O)C2(CCN(CCCC(=O)c1ccc(F)cc1)CC2)N3CCCCC3 ,CCC(=O)C2(CCN(CCCC(=O)c1ccc(F)cc1)CC2)N3CCCCC3 ,,1,
Adenot,,,prothixene,CN(C)CCC=C2c1ccccc1Sc3ccccc23 ,CN(C)CCC=C2c1ccccc1Sc3ccccc23 ,,1,
Adenot,,,proxibarbal,CC(O)CC1(CC=C)C(=O)NC(=O)NC1=O ,CC(O)CC1(CC=C)C(=O)NC(=O)NC1=O ,,1,
Adenot,,,proxorphan,Oc5ccc4CC2C1CCOCC1(CCN2CC3CC3)c4c5 ,Oc5ccc4CC2C1CCOCC1(CCN2CC3CC3)c4c5 ,,1,
Adenot,,,proxyphylline,CC(O)Cn1cnc2n(C)c(=O)n(C)c(=O)c12 ,CC(O)Cn1cnc2n(C)c(=O)n(C)c(=O)c12 ,,1,
Adenot,,,psilocybine,CN(C)CCc1c[nH]c2cccc(OP(O)(O)=O)c12 ,CN(C)CCc1c[nH]c2cccc(OP(O)(O)=O)c12 ,,1,
Adenot,,,pyridarone,c2ccc1oc(cc1c2)c3ccncc3 ,c2ccc1oc(cc1c2)c3ccncc3 ,,1,
Adenot,,,pyritinol,Cc2ncc(CSSCc1cnc(C)c(O)c1CO)c(CO)c2O ,Cc2ncc(CSSCc1cnc(C)c(O)c1CO)c(CO)c2O ,,1,
Adenot,,,quetiapine,OCCOCCN1CCN(CC1)C3=Nc2ccccc2Sc4ccccc34 ,OCCOCCN1CCN(CC1)C3=Nc2ccccc2Sc4ccccc34 ,,1,
Adenot,,,quilostigmine,CN1CCC4(C)C1N(C)c5ccc(OC(=O)N3CCc2ccccc2C3)cc45 ,CN1CCC4(C)C1N(C)c5ccc(OC(=O)N3CCc2ccccc2C3)cc45 ,,1,
Adenot,,,quinagolide,CCCN2CC(CC3Cc1c(O)cccc1CC23)NS(=O)(=O)N(CC)CC ,CCCN2CC(CC3Cc1c(O)cccc1CC23)NS(=O)(=O)N(CC)CC ,,1,
Adenot,,,ramciclane,CN(C)CCOC1(CC2CCC1(C)C2(C)C)Cc3ccccc3 ,CN(C)CCOC1(CC2CCC1(C)C2(C)C)Cc3ccccc3 ,,1,
Adenot,,,rasagiline,N#CCNC1CCc2ccccc12 ,N#CCNC1CCc2ccccc12 ,,1,
Adenot,,,reclazepam,Clc3ccc2N(CCN=C(c1ccccc1Cl)c2c3)C4=NC(=O)CO4 ,Clc3ccc2N(CCN=C(c1ccccc1Cl)c2c3)C4=NC(=O)CO4 ,,1,
Adenot,,,remacemide,CC(Cc1ccccc1)(NC(=O)CN)c2ccccc2 ,CC(Cc1ccccc1)(NC(=O)CN)c2ccccc2 ,,1,
Adenot,,,remifentanil,CCC(=O)N(c1ccccc1)C2(CCN(CCC(=O)OC)CC2)C(=O)OC ,CCC(=O)N(c1ccccc1)C2(CCN(CCC(=O)OC)CC2)C(=O)OC ,,1,
Adenot,,,reserpine,COC5C(CC4CN3CCc1c([nH]c2cc(OC)ccc12)C3CC4C5OC(C)=O)OC(=O)c6cc(OC)c(OC)c(OC)c6 ,COC5C(CC4CN3CCc1c([nH]c2cc(OC)ccc12)C3CC4C5OC(C)=O)OC(=O)c6cc(OC)c(OC)c(OC)c6 ,,1,
Adenot,,,resocortol,CCC(=O)C1(O)CCC2C3CCC4=CC(=O)CCC4(C)C3C(O)CC21C,CCC(=O)C1(O)CCC2C3CCC4=CC(=O)CCC4(C)C3C(O)CC21C,,1,
Adenot,,,retigabine,CCOC(=O)Nc2ccc(NCc1ccc(F)cc1)cc2N ,CCOC(=O)Nc2ccc(NCc1ccc(F)cc1)cc2N ,,1,
Adenot,,,ricasetron,CN1C2CCC1CC(C2)NC(=O)N3CC(C)(C)c4ccccc34 ,CN1C2CCC1CC(C2)NC(=O)N3CC(C)(C)c4ccccc34 ,,1,
Adenot,,,rilmazafone,CN(C)C(=O)c1nc(CNC(=O)CN)n(n1)c2ccc(Cl)cc2C(=O)c3ccccc3Cl ,CN(C)C(=O)c1nc(CNC(=O)CN)n(n1)c2ccc(Cl)cc2C(=O)c3ccccc3Cl ,,1,
Adenot,,,rimcazole,CC4CN(CCCn2c1ccccc1c3ccccc23)CC(C)N4 ,CC4CN(CCCn2c1ccccc1c3ccccc23)CC(C)N4 ,,1,
Adenot,,,rimexolone,CCC(=O)C3(C)C(C)CC4C2CCC1=CC(=O)C=CC1(C)C2C(O)CC34C ,CCC(=O)C3(C)C(C)CC4C2CCC1=CC(=O)C=CC1(C)C2C(O)CC34C ,,1,
Adenot,,,ripazepam,CCn2nc(C)c3NC(=O)CN=C(c1ccccc1)c23 ,CCn2nc(C)c3NC(=O)CN=C(c1ccccc1)c23 ,,1,
Adenot,,,risperidone (ripseridone),Cc2nc1CCCCn1c(=O)c2CCN3CCC(CC3)c4noc5cc(F)ccc45 ,Cc2nc1CCCCn1c(=O)c2CCN3CCC(CC3)c4noc5cc(F)ccc45 ,,1,
Adenot,,,rivastigmine,CCN(C)C(=O)Oc1cccc(c1)C(C)N(C)C ,CCN(C)C(=O)Oc1cccc(c1)C(C)N(C)C ,,1,
Adenot,,,robalzotan,NC(=O)c1ccc(c2c1CC(CO2)N(C1CCC1)C1CCC1)F,NC(=O)c1ccc(c2c1CC(CO2)N(C1CCC1)C1CCC1)F,,1,
Adenot,,,rociclovir,CC(C)OCC(COC(C)C)OCn1cnc2cnc(N)nc12 ,CC(C)OCC(COC(C)C)OCn1cnc2cnc(N)nc12 ,,1,
Adenot,,,rofelodine,O=C1CCN=C2CC(CN12)c3ccccc3 ,O=C1CCN=C2CC(CN12)c3ccccc3 ,,1,
Adenot,,,rofleponide,CCCC5OC4CC3C2CC(F)C1=CC(=O)CCC1(C)C2(F)C(O)CC3(C)C4(O5)C(=O)CO ,CCCC5OC4CC3C2CC(F)C1=CC(=O)CCC1(C)C2(F)C(O)CC3(C)C4(O5)C(=O)CO ,,1,
Adenot,,,rolicyprine,O=C1CCC(N1)C(=O)NC2CC2c3ccccc3 ,O=C1CCC(N1)C(=O)NC2CC2c3ccccc3 ,,1,
Adenot,,,rolipram,COc1ccc(cc1OC2CCCC2)C3CNC(=O)C3 ,COc1ccc(cc1OC2CCCC2)C3CNC(=O)C3 ,,1,
Adenot,,,romergoline,CN2CC(CN1CC(=O)NC(=O)C1)C=C3C2Cc4c[nH]c5cccc3c45 ,CN2CC(CN1CC(=O)NC(=O)C1)C=C3C2Cc4c[nH]c5cccc3c45 ,,1,
Adenot,,,romifidine,Fc1cccc(Br)c1NC2=NCCN2 ,Fc1cccc(Br)c1NC2=NCCN2 ,,1,
Adenot,,,ropinirole,CCCN(CCC)CCc1cccc2NC(=O)Cc12 ,CCCN(CCC)CCc1cccc2NC(=O)Cc12 ,,1,
Adenot,,,roxoperone,CN3C(=O)CC2(CCN(CCCC(=O)c1ccc(F)cc1)CC2)C3=O ,CN3C(=O)CC2(CCN(CCCC(=O)c1ccc(F)cc1)CC2)C3=O ,,1,
Adenot,,,sabcomeline,CON=C(C#N)C1CN2CCC1CC2 ,CON=C(C#N)C1CN2CCC1CC2 ,,1,
Adenot,,,salicin,OCC2OC(Oc1ccccc1CO)C(O)C(O)C2O ,OCC2OC(Oc1ccccc1CO)C(O)C(O)C2O ,,1,
Adenot,,,salicylamide,NC(=O)c1ccccc1O ,NC(=O)c1ccccc1O ,,1,
Adenot,,,salsalate (salsalic-acid),OC(=O)c1ccccc1OC(=O)c1ccccc1O,OC(=O)c1ccccc1OC(=O)c1ccccc1O,,1,
Adenot,,,sameridine,CCCCCCN1CCC(CC1)(C(=O)N(C)CC)c2ccccc2 ,CCCCCCN1CCC(CC1)(C(=O)N(C)CC)c2ccccc2 ,,1,
Adenot,,,saripidem,CCCC(=O)N(C)Cc1c(nc2ccccn12)c3ccc(Cl)cc3 ,CCCC(=O)N(C)Cc1c(nc2ccccn12)c3ccc(Cl)cc3 ,,1,
Adenot,,,savoxepin,N#Cc5ccc4Oc1ccccc1C2=C(CCN(CC2)CC3CCCC3)c4c5 ,N#Cc5ccc4Oc1ccccc1C2=C(CCN(CC2)CC3CCCC3)c4c5 ,,1,
Adenot,,,selegiline,CC(Cc1ccccc1)N(C)CC#C,CC(Cc1ccccc1)N(C)CC#C,,1,
Adenot,,,semorphone,COCCN1CCC24C3Oc5c(O)ccc(CC1C2(O)CCC3=O)c45 ,COCCN1CCC24C3Oc5c(O)ccc(CC1C2(O)CCC3=O)c45 ,,1,
Adenot,,,sertindole,Fc1ccc(cc1)n4cc(C2CCN(CC2)CCN3CCNC3=O)c5cc(Cl)ccc45 ,Fc1ccc(cc1)n4cc(C2CCN(CC2)CCN3CCNC3=O)c5cc(Cl)ccc45 ,,1,
Adenot,,,setiptiline,CN1CCC3=C(C1)c2ccccc2Cc4ccccc34 ,CN1CCC3=C(C1)c2ccccc2Cc4ccccc34 ,,1,
Adenot,,,sevoflurane,FCOC(C(F)(F)F)C(F)(F)F ,FCOC(C(F)(F)F)C(F)(F)F ,,1,
Adenot,,,sibopirdine,C(c1ccncc1)C4(Cc2ccncc2)c3cccnc3c5ncccc45 ,C(c1ccncc1)C4(Cc2ccncc2)c3cccnc3c5ncccc45 ,,1,
Adenot,,,sibutramine,CC(C)CC(N(C)C)C1(CCC1)c2ccc(Cl)cc2 ,CC(C)CC(N(C)C)C1(CCC1)c2ccc(Cl)cc2 ,,1,
Adenot,,,sifaprazine,CN1CCN(CC1)c2ccccc2Cc3ccccc3 ,CN1CCN(CC1)c2ccccc2Cc3ccccc3 ,,1,
Adenot,,,simvastatin,CCC(C)(C)C(=O)OC2CC(C)C=C3C=CC(C)C(CCC1CC(O)CC(=O)O1)C23 ,CCC(C)(C)C(=O)OC2CC(C)C=C3C=CC(C)C(CCC1CC(O)CC(=O)O1)C23 ,,1,
Adenot,,,soretolide,Cc2cc(NC(=O)c1c(C)cccc1C)no2 ,Cc2cc(NC(=O)c1c(C)cccc1C)no2 ,,1,
Adenot,,,spiclomazine,Clc5ccc4Sc1ccccc1N(CCCN2CCC3(CC2)NC(=O)CS3)c4c5 ,Clc5ccc4Sc1ccccc1N(CCCN2CCC3(CC2)NC(=O)CS3)c4c5 ,,1,
Adenot,,,spiperone,Fc1ccc(cc1)C(=O)CCCN2CCC3(CC2)N(CNC3=O)c4ccccc4 ,Fc1ccc(cc1)C(=O)CCCN2CCC3(CC2)N(CNC3=O)c4ccccc4 ,,1,
Adenot,,,spiradoline,CN(C2CCC1(CCCO1)CC2N3CCCC3)C(=O)Cc4ccc(Cl)c(Cl)c4 ,CN(C2CCC1(CCCO1)CC2N3CCCC3)C(=O)Cc4ccc(Cl)c(Cl)c4 ,,1,
Adenot,,,spiramide,Fc4ccc(OCCCN1CCC2(CC1)N(CNC2=O)c3ccccc3)cc4 ,Fc4ccc(OCCCN1CCC2(CC1)N(CNC2=O)c3ccccc3)cc4 ,,1,
Adenot,,,spirilene,CC(=CCCN1CCC2(CC1)N(CNC2=O)c3ccccc3)c4ccc(F)cc4 ,CC(=CCCN1CCC2(CC1)N(CNC2=O)c3ccccc3)c4ccc(F)cc4 ,,1,
Adenot,,,spiroxepin,CN(C)CC1COC3(O1)c2ccccc2COc4ccccc34 ,CN(C)CC1COC3(O1)c2ccccc2COc4ccccc34 ,,1,
Adenot,,,stacofylline,CCN(CC)C(=O)N3CCN(CCCc2nc1n(C)c(=O)n(C)c(=O)c1n2C)CC3 ,CCN(CC)C(=O)N3CCN(CCCc2nc1n(C)c(=O)n(C)c(=O)c1n2C)CC3 ,,1,
Adenot,,,stiripentol,CC(C)(C)C(O)C=Cc2ccc1OCOc1c2 ,CC(C)(C)C(O)C=Cc2ccc1OCOc1c2 ,,1,
Adenot,,,suclofenide,NS(=O)(=O)c3ccc(N1C(=O)CC(C1=O)c2ccccc2)c(Cl)c3 ,NS(=O)(=O)c3ccc(N1C(=O)CC(C1=O)c2ccccc2)c(Cl)c3 ,,1,
Adenot,,,sulfadiazine,Nc1ccc(cc1)S(=O)(=O)Nc2ncccn2 ,Nc1ccc(cc1)S(=O)(=O)Nc2ncccn2 ,,1,
Adenot,,,sulfamethoxazole (tiabendazole),Cc1onc(c1)NS(=O)(=O)c1ccc(cc1)N,Cc1onc(c1)NS(=O)(=O)c1ccc(cc1)N,,1,
Adenot,,,sulfonmethane,CCS(=O)(=O)C(C)(C)S(=O)(=O)CC ,CCS(=O)(=O)C(C)(C)S(=O)(=O)CC ,,1,
Adenot,,,sulmepride,COc1ccc(cc1C(=O)NCC2CCCN2C)S(N)(=O)=O ,COc1ccc(cc1C(=O)NCC2CCCN2C)S(N)(=O)=O ,,1,
Adenot,,,sulthiame (sultiame),NS(=O)(=O)c1ccc(cc1)N1CCCCS1(=O)=O,NS(=O)(=O)c1ccc(cc1)N1CCCCS1(=O)=O,,1,
Adenot,,,sultopride,CCN1CCCC1CNC(=O)c2cc(ccc2OC)S(=O)(=O)CC ,CCN1CCCC1CNC(=O)c2cc(ccc2OC)S(=O)(=O)CC ,,1,
Adenot,,,sumacetamol,CSCCC(NC(C)=O)C(=O)Oc1ccc(NC(C)=O)cc1 ,CSCCC(NC(C)=O)C(=O)Oc1ccc(NC(C)=O)cc1 ,,1,
Adenot,,,sunepitron,O=C1CCC(=O)N1CC1CCC2CN(CCN2C1)c1ncccn1,O=C1CCC(=O)N1CC1CCC2CN(CCN2C1)c1ncccn1,,1,
Adenot,,,suproclone,CCC(=O)N1CCN(CC1)C(=O)OC2N(C(=O)C3=C2SCCS3)c5ccc4ccc(Cl)nc4n5 ,CCC(=O)N1CCN(CC1)C(=O)OC2N(C(=O)C3=C2SCCS3)c5ccc4ccc(Cl)nc4n5 ,,1,
Adenot,,,suriclone,CN1CCN(CC1)C(=O)OC2N(C(=O)C3=C2SCCS3)c5ccc4ccc(Cl)nc4n5 ,CN1CCN(CC1)C(=O)OC2N(C(=O)C3=C2SCCS3)c5ccc4ccc(Cl)nc4n5 ,,1,
Adenot,,,suritozole,Cn2nc(c1cccc(F)c1)n(C)c2=S ,Cn2nc(c1cccc(F)c1)n(C)c2=S ,,1,
Adenot,,,taglutimide (biglumide),O=C4CCC(N3C(=O)C2C1CCC(C1)C2C3=O)C(=O)N4,O=C4CCC(N3C(=O)C2C1CCC(C1)C2C3=O)C(=O)N4,,1,
Adenot,,,talopram,CNCCCC1(OC(C)(C)c2ccccc12)c3ccccc3 ,CNCCCC1(OC(C)(C)c2ccccc12)c3ccccc3 ,,1,
Adenot,,,talsupram,CNCCCC1(SC(C)(C)c2ccccc12)c3ccccc3 ,CNCCCC1(SC(C)(C)c2ccccc12)c3ccccc3 ,,1,
Adenot,,,taltrimide,CC(C)NS(=O)(=O)CCN2C(=O)c1ccccc1C2=O ,CC(C)NS(=O)(=O)CCN2C(=O)c1ccccc1C2=O ,,1,
Adenot,,,tameridone,Cn5c(=O)n(C)c4ncn(CCN1CCC(CC1)c2c[nH]c3ccccc23)c4c5=O ,Cn5c(=O)n(C)c4ncn(CCN1CCC(CC1)c2c[nH]c3ccccc23)c4c5=O ,,1,
Adenot,,,tametraline,CNC2CCC(c1ccccc1)c3ccccc23 ,CNC2CCC(c1ccccc1)c3ccccc23 ,,1,
Adenot,,,tamitinol,CCNCc1c(CSC)cnc(C)c1O ,CCNCc1c(CSC)cnc(C)c1O ,,1,
Adenot,,,tamolarizine,COc1ccc(cc1OC)C(O)CN2CCN(CC2)C(c3ccccc3)c4ccccc4 ,COc1ccc(cc1OC)C(O)CN2CCN(CC2)C(c3ccccc3)c4ccccc4 ,,1,
Adenot,,,tampramine,CN(C)CCCN2c1ccccc1C(=Nc3cccnc23)c4ccccc4 ,CN(C)CCCN2c1ccccc1C(=Nc3cccnc23)c4ccccc4 ,,1,
Adenot,,,tandamine,CCn2c1c(CCSC1(C)CCN(C)C)c3ccccc23 ,CCn2c1c(CCSC1(C)CCN(C)C)c3ccccc23 ,,1,
Adenot,,,tandospirone,O=C3C2C1CCC(C1)C2C(=O)N3CCCCN4CCN(CC4)c5ncccn5 ,O=C3C2C1CCC(C1)C2C(=O)N3CCCCN4CCN(CC4)c5ncccn5 ,,1,
Adenot,,,taniplon,COC1=Nc2nc(cn2C2=C1CCCC2)c1noc(n1)C,COC1=Nc2nc(cn2C2=C1CCCC2)c1noc(n1)C,,1,
Adenot,,,tasosartan,Cc5nc(C)c4CCC(=O)N(Cc1ccc(cc1)c2ccccc2c3nnn[nH]3)c4n5 ,Cc5nc(C)c4CCC(=O)N(Cc1ccc(cc1)c2ccccc2c3nnn[nH]3)c4n5 ,,1,
Adenot,,,tazomeline,CCCCCCSc1nsnc1C1=CCCN(C)C1,CCCCCCSc1nsnc1C1=CCCN(C)C1,,1,
Adenot,,,tefludazine,OCCN1CCN(CC1)C3CC(c2ccc(F)cc2)c4ccc(cc34)C(F)(F)F ,OCCN1CCN(CC1)C3CC(c2ccc(F)cc2)c4ccc(cc34)C(F)(F)F ,,1,
Adenot,,,teflurane,BrC(C(F)(F)F)F,BrC(C(F)(F)F)F,,1,
Adenot,,,teflutixol,OCCN4CCN(CCCC2c1ccc(F)cc1Sc3ccc(cc23)C(F)(F)F)CC4 ,OCCN4CCN(CCCC2c1ccc(F)cc1Sc3ccc(cc23)C(F)(F)F)CC4 ,,1,
Adenot,,,tenilsetam,O=C1NCCNC1c2cccs2 ,O=C1NCCNC1c2cccs2 ,,1,
Adenot,,,tepirindole,CCCN1CCC(=CC1)c2c[nH]c3ccc(Cl)cc23 ,CCCN1CCC(=CC1)c2c[nH]c3ccc(Cl)cc23 ,,1,
Adenot,,,terguride,CCN(CC)C(=O)NC4CC1C(Cc2c[nH]c3cccc1c23)N(C)C4 ,CCN(CC)C(=O)NC4CC1C(Cc2c[nH]c3cccc1c23)N(C)C4 ,,1,
Adenot,,,tetrabarbital,CCCC(CC)C1(CC)C(=O)NC(=O)NC1=O ,CCCC(CC)C1(CC)C(=O)NC(=O)NC1=O ,,1,
Adenot,,,tetrabenazine (tetrabenzine),COc3cc2CCN1CC(CC(C)C)C(=O)CC1c2cc3OC ,COc3cc2CCN1CC(CC(C)C)C(=O)CC1c2cc3OC ,,1,
Adenot,,,tetrantoin,O=C3NC(=O)C2(CCc1ccccc1C2)N3 ,O=C3NC(=O)C2(CCc1ccccc1C2)N3 ,,1,
Adenot,,,thalidomide,O=C3CCC(N2C(=O)c1ccccc1C2=O)C(=O)N3 ,O=C3CCC(N2C(=O)c1ccccc1C2=O)C(=O)N3 ,,1,
Adenot,,,thebacon,COc1ccc2CC5C3CC=C(OC(C)=O)C4Oc1c2C34CCN5C ,COc1ccc2CC5C3CC=C(OC(C)=O)C4Oc1c2C34CCN5C ,,1,
Adenot,,,theobromine,Cn1cnc2n(C)c(=O)[nH]c(=O)c12 ,Cn1cnc2n(C)c(=O)[nH]c(=O)c12 ,,1,
Adenot,,,thialbarbital,C=CCC2(C1CCCC=C1)C(=O)NC(=S)NC2=O ,C=CCC2(C1CCCC=C1)C(=O)NC(=S)NC2=O ,,1,
Adenot,,,thiamphenicol (racefenicol),CS(=O)(=O)c1ccc(cc1)C(O)C(CO)NC(=O)C(Cl)Cl ,CS(=O)(=O)c1ccc(cc1)C(O)C(CO)NC(=O)C(Cl)Cl ,,1,
Adenot,,,thiamylal,CCCC(C)C1(CC=C)C(=O)NC(=S)NC1=O ,CCCC(C)C1(CC=C)C(=O)NC(=S)NC1=O ,,1,
Adenot,,,thiazesim (tiazesim),CN(C)CCN1C(=O)CC(Sc2ccccc12)c1ccccc1,CN(C)CCN1C(=O)CC(Sc2ccccc12)c1ccccc1,,1,
Adenot,,,thiethylperazine,CCSc4ccc3Sc1ccccc1N(CCCN2CCN(C)CC2)c3c4 ,CCSc4ccc3Sc1ccccc1N(CCCN2CCN(C)CC2)c3c4 ,,1,
Adenot,,,thiopropazate,CC(=O)OCCN4CCN(CCCN2c1ccccc1Sc3ccc(Cl)cc23)CC4 ,CC(=O)OCCN4CCN(CCCN2c1ccccc1Sc3ccc(Cl)cc23)CC4 ,,1,
Adenot,,,thioproperazine,CN4CCN(CCCN2c1ccccc1Sc3ccc(cc23)S(=O)(=O)N(C)C)CC4 ,CN4CCN(CCCN2c1ccccc1Sc3ccc(cc23)S(=O)(=O)N(C)C)CC4 ,,1,
Adenot,,,thioridazine,CSc4ccc3Sc1ccccc1N(CCC2CCCCN2C)c3c4 ,CSc4ccc3Sc1ccccc1N(CCC2CCCCN2C)c3c4 ,,1,
Adenot,,,thiothixene (tiotixene),CN4CCN(CCC=C2c1ccccc1Sc3ccc(cc23)S(=O)(=O)N(C)C)CC4 ,CN4CCN(CCC=C2c1ccccc1Sc3ccc(cc23)S(=O)(=O)N(C)C)CC4 ,,1,
Adenot,,,thozalinone (tozalinone),CN(C)C1=NC(=O)C(O1)c1ccccc1,CN(C)C1=NC(=O)C(O1)c1ccccc1,,1,
Adenot,,,tiagabine,Cc1ccsc1C(=CCCN2CCCC(C2)C(O)=O)c3sccc3C ,Cc1ccsc1C(=CCCN2CCCC(C2)C(O)=O)c3sccc3C ,,1,
Adenot,,,tianeptine,CN3c1ccccc1C(NCCCCCCC(O)=O)c2ccc(Cl)cc2S3(=O)=O ,CN3c1ccccc1C(NCCCCCCC(O)=O)c2ccc(Cl)cc2S3(=O)=O ,,1,
Adenot,,,tienocarbine,CN4CCc3[nH]c2ccc1scc(C)c1c2c3C4 ,CN4CCc3[nH]c2ccc1scc(C)c1c2c3C4 ,,1,
Adenot,,,tifemoxone,S=C2NCCC(COc1ccccc1)O2 ,S=C2NCCC(COc1ccccc1)O2 ,,1,
Adenot,,,tilidine,CCOC(=O)C1(CCC=CC1N(C)C)c2ccccc2 ,CCOC(=O)C1(CCC=CC1N(C)C)c2ccccc2 ,,1,
Adenot,,,timelotem,CN4CCN2C(CN=C(c1cccs1)c3ccc(F)cc23)C4 ,CN4CCN2C(CN=C(c1cccs1)c3ccc(F)cc23)C4 ,,1,
Adenot,,,timiperone,Fc1ccc(cc1)C(=O)CCCN2CCC(CC2)n3c(=S)[nH]c4ccccc34 ,Fc1ccc(cc1)C(=O)CCCN2CCC(CC2)n3c(=S)[nH]c4ccccc34 ,,1,
Adenot,,,timirdine,Nc1cc(Cl)ccc1N2CCSC2=N ,Nc1cc(Cl)ccc1N2CCSC2=N ,,1,
Adenot,,,timobesone-acetate,CSC(=O)C3(OC(C)=O)C(C)CC4C2CCC1=CC(=O)C=CC1(C)C2(F)C(O)CC34C ,CSC(=O)C3(OC(C)=O)C(C)CC4C2CCC1=CC(=O)C=CC1(C)C2(F)C(O)CC34C ,,1,
Adenot,,,tinidazole,CCS(=O)(=O)CCn1c(C)ncc1N(=O)=O ,CCS(=O)(=O)CCn1c(C)ncc1N(=O)=O ,,1,
Adenot,,,tiomergine,CN2CC(CSc1ccccn1)C=C3C2Cc4c[nH]c5cccc3c45 ,CN2CC(CSc1ccccn1)C=C3C2Cc4c[nH]c5cccc3c45 ,,1,
Adenot,,,tioperidone,CCCSc1ccccc1N4CCN(CCCCn3c(=O)[nH]c2ccccc2c3=O)CC4 ,CCCSc1ccccc1N4CCN(CCCCn3c(=O)[nH]c2ccccc2c3=O)CC4 ,,1,
Adenot,,,tiospirone,O=C2CC1(CCCC1)CC(=O)N2CCCCN3CCN(CC3)c4nsc5ccccc45 ,O=C2CC1(CCCC1)CC(=O)N2CCCCN3CCN(CC3)c4nsc5ccccc45 ,,1,
Adenot,,,tipredane,CCSC3(CCC4C2CCC1=CC(=O)C=CC1(C)C2(F)C(O)CC34C)SC ,CCSC3(CCC4C2CCC1=CC(=O)C=CC1(C)C2(F)C(O)CC34C)SC ,,1,
Adenot,,,tisocromide,COc2cc1CC(OS(=O)(=O)c1cc2OC)C(=O)NC(C)CC(C)(C)N(C)C ,COc2cc1CC(OS(=O)(=O)c1cc2OC)C(=O)NC(C)CC(C)(C)N(C)C ,,1,
Adenot,,,tixadil,CC(Cc1ccccc1)NCCC3c2ccccc2Sc4ccccc34 ,CC(Cc1ccccc1)NCCC3c2ccccc2Sc4ccccc34 ,,1,
Adenot,,,tixocortol,CC13CCC(=O)C=C1CCC4C2CCC(O)(C(=O)CS)C2(C)CC(O)C34 ,CC13CCC(=O)C=C1CCC4C2CCC(O)(C(=O)CS)C2(C)CC(O)C34 ,,1,
Adenot,,,tixocortol-pivalate,CC(C)(C)C(=O)SCC(=O)C3(O)CCC4C2CCC1=CC(=O)CCC1(C)C2C(O)CC34C ,CC(C)(C)C(=O)SCC(=O)C3(O)CCC4C2CCC1=CC(=O)CCC1(C)C2C(O)CC34C ,,1,
Adenot,,,tofenacin,CNCCOC(c1ccccc1)c2ccccc2C ,CNCCOC(c1ccccc1)c2ccccc2C ,,1,
Adenot,,,tofisopam,CCC2C(=NN=C(c1ccc(OC)c(OC)c1)c3cc(OC)c(OC)cc23)C ,CCC2C(=NN=C(c1ccc(OC)c(OC)c1)c3cc(OC)c(OC)cc23)C ,,1,
Adenot,,,toloxychlorinol,Cc1ccccc1OCC(COC(O)C(Cl)(Cl)Cl)OC(O)C(Cl)(Cl)Cl ,Cc1ccccc1OCC(COC(O)C(Cl)(Cl)Cl)OC(O)C(Cl)(Cl)Cl ,,1,
Adenot,,,tolpiprazole,Cc1cccc(c1)N2CCN(CC2)CCc3cc(C)[nH]n3 ,Cc1cccc(c1)N2CCN(CC2)CCc3cc(C)[nH]n3 ,,1,
Adenot,,,tolquinzole,CCC3(O)CCN2CCc1ccc(C)cc1C2C3 ,CCC3(O)CCN2CCc1ccc(C)cc1C2C3 ,,1,
Adenot,,,tolufazepam,Cc1ccc(cc1)S(=O)(=O)CCN3C(=O)CN=C(c2ccccc2Cl)c4cc(Cl)ccc34 ,Cc1ccc(cc1)S(=O)(=O)CCN3C(=O)CN=C(c2ccccc2Cl)c4cc(Cl)ccc34 ,,1,
Adenot,,,tonazocine,CCCCCC(=O)CCC2(C)C3Cc1ccc(O)cc1C2(C)CCN3C ,CCCCCC(=O)CCC2(C)C3Cc1ccc(O)cc1C2(C)CCN3C ,,1,
Adenot,,,topiramate,CC3(C)OC2COC1(COS(N)(=O)=O)OC(C)(C)OC1C2O3 ,CC3(C)OC2COC1(COS(N)(=O)=O)OC(C)(C)OC1C2O3 ,,1,
Adenot,,,tracazolate,CCCCNc1c(C(=O)OCC)c(C)nc2n(CC)ncc12 ,CCCCNc1c(C(=O)OCC)c(C)nc2n(CC)ncc12 ,,1,
Adenot,,,tralonide,CC5(C)OC4CC3C2CC(F)C1=CC(=O)C=CC1(C)C2(Cl)C(Cl)CC3(C)C4(O5)C(=O)CF ,CC5(C)OC4CC3C2CC(F)C1=CC(=O)C=CC1(C)C2(Cl)C(Cl)CC3(C)C4(O5)C(=O)CF ,,1,
Adenot,,,tramadol,COc1cccc(c1)C2(O)CCCCC2CN(C)C ,COc1cccc(c1)C2(O)CCCCC2CN(C)C ,,1,
Adenot,,,tranylcypromine,NC1CC1c2ccccc2 ,NC1CC1c2ccccc2 ,,1,
Adenot,,,trazodone,Clc1cccc(c1)N4CCN(CCCn3nc2ccccn2c3=O)CC4 ,Clc1cccc(c1)N4CCN(CCCn3nc2ccccn2c3=O)CC4 ,,1,
Adenot,,,trebenzomine,CC2Oc1ccccc1CC2N(C)C ,CC2Oc1ccccc1CC2N(C)C ,,1,
Adenot,,,trefentanil,CCC(=O)N(c1ccccc1F)C3(CCN(CCn2nnn(CC)c2=O)CC3)c4ccccc4 ,CCC(=O)N(c1ccccc1F)C3(CCN(CCn2nnn(CC)c2=O)CC3)c4ccccc4 ,,1,
Adenot,,,triamcinolone,CC34CC(O)C1(F)C(CCC2=CC(=O)C=CC12C)C3CC(O)C4(O)C(=O)CO ,CC34CC(O)C1(F)C(CCC2=CC(=O)C=CC12C)C3CC(O)C4(O)C(=O)CO ,,1,
Adenot,,,triamcinolone-benetonide,CC(CNC(=O)c1ccccc1)C(=O)OCC(=O)C25OC(C)(C)OC2CC6C4CCC3=CC(=O)C=CC3(C)C4(F)C(O)CC56C ,CC(CNC(=O)c1ccccc1)C(=O)OCC(=O)C25OC(C)(C)OC2CC6C4CCC3=CC(=O)C=CC3(C)C4(F)C(O)CC56C ,,1,
Adenot,,,triamcinolone-furetonide,CC5(C)OC4CC3C2CC1=CC(=O)C=CC1(C)C2(F)C(O)CC3(C)C4(O5)C(=O)COC(=O)c7cc6ccccc6o7 ,CC5(C)OC4CC3C2CC1=CC(=O)C=CC1(C)C2(F)C(O)CC3(C)C4(O5)C(=O)COC(=O)c7cc6ccccc6o7 ,,1,
Adenot,,,tribromoethanol,OCC(Br)(Br)Br ,OCC(Br)(Br)Br ,,1,
Adenot,,,tricetamide,CCN(CC)C(=O)CNC(=O)c1cc(OC)c(OC)c(OC)c1 ,CCN(CC)C(=O)CNC(=O)c1cc(OC)c(OC)c(OC)c1 ,,1,
Adenot,,,trichloroethylene,ClC=C(Cl)Cl ,ClC=C(Cl)Cl ,,1,
Adenot,,,triclodazol,OC(N1CNC(C1=O)(c2ccccc2)c3ccccc3)C(Cl)(Cl)Cl ,OC(N1CNC(C1=O)(c2ccccc2)c3ccccc3)C(Cl)(Cl)Cl ,,1,
Adenot,,,triclofos,OP(O)(=O)OCC(Cl)(Cl)Cl ,OP(O)(=O)OCC(Cl)(Cl)Cl ,,1,
Adenot,,,triclonide,CC5(C)OC4CC3C2CC(F)C1=CC(=O)C=CC1(C)C2(Cl)C(Cl)CC3(C)C4(O5)C(=O)CCl ,CC5(C)OC4CC3C2CC(F)C1=CC(=O)C=CC1(C)C2(Cl)C(Cl)CC3(C)C4(O5)C(=O)CCl ,,1,
Adenot,,,trimetozine,COc1cc(cc(OC)c1OC)C(=O)N2CCOCC2 ,COc1cc(cc(OC)c1OC)C(=O)N2CCOCC2 ,,1,
Adenot,,,trimetrexate,COc3cc(NCc2ccc1nc(N)nc(N)c1c2C)cc(OC)c3OC ,COc3cc(NCc2ccc1nc(N)nc(N)c1c2C)cc(OC)c3OC ,,1,
Adenot,,,trizoxime,NC(=NO)C3=NNc1ccccc1N(Cc2ccccc2)C3=O ,NC(=NO)C3=NNc1ccccc1N(Cc2ccccc2)C3=O ,,1,
Adenot,,,trocimine,COc1cc(cc(OC)c1OC)C(=O)N2CCCCCCC2 ,COc1cc(cc(OC)c1OC)C(=O)N2CCCCCCC2 ,,1,
Adenot,,,tryptophan (l-tryptophan),NC(Cc1c[nH]c2ccccc12)C(O)=O,NC(Cc1c[nH]c2ccccc12)C(O)=O,,1,
Adenot,,,uldazepam,Clc3ccc2N=C(CN=C(c1ccccc1Cl)c2c3)NOCC=C ,Clc3ccc2N=C(CN=C(c1ccccc1Cl)c2c3)NOCC=C ,,1,
Adenot,,,umespirone,COc1ccccc1N4CCN(CCCCN2C(=O)C3C(=O)N(C(=O)C(C2=O)C3(C)C)C(C)(C)C)CC4 ,COc1ccccc1N4CCN(CCCCN2C(=O)C3C(=O)N(C(=O)C(C2=O)C3(C)C)C(C)(C)C)CC4 ,,1,
Adenot,,,urethane,CCOC(N)=O ,CCOC(N)=O ,,1,
Adenot,,,valaciclovir,CC(C)C(N)C(=O)OCCOCn1cnc2c(=O)[nH]c(N)nc12 ,CC(C)C(N)C(=O)OCCOCn1cnc2c(=O)[nH]c(N)nc12 ,,1,
Adenot,,,valdipromide,CCCC(CCC)(CCC)C(N)=O ,CCCC(CCC)(CCC)C(N)=O ,,1,
Adenot,,,valganciclovir (RS790702) ,CC(C)C(N)C(=O)OCC(CO)OCn1cnc2c(=O)[nH]c(N)nc12,CC(C)C(N)C(=O)OCC(CO)OCn1cnc2c(=O)[nH]c(N)nc12,,1,
Adenot,,,valproate pivoxil,CCCC(CCC)C(=O)OCOC(=O)C(C)(C)C ,CCCC(CCC)C(=O)OCOC(=O)C(C)(C)C ,,1,
Adenot,,,valproic acid,CCCC(CCC)C(O)=O ,CCCC(CCC)C(O)=O ,,1,
Adenot,,,valtrate,CC(C)CC(=O)OC2OC=C(COC(C)=O)C3=CC(OC(=O)CC(C)C)C1(CO1)C23 ,CC(C)CC(=O)OC2OC=C(COC(C)=O)C3=CC(OC(=O)CC(C)C)C1(CO1)C23 ,,1,
Adenot,,,velnacrine,Nc2c1C(O)CCCc1nc3ccccc23 ,Nc2c1C(O)CCCc1nc3ccccc23 ,,1,
Adenot,,,venlafaxine,COc1ccc(cc1)C(CN(C)C)C2(O)CCCCC2 ,COc1ccc(cc1)C(CN(C)C)C2(O)CCCCC2 ,,1,
Adenot,,,veralipride,COc2cc(cc(C(=O)NCC1CCCN1CC=C)c2OC)S(N)(=O)=O ,COc2cc(cc(C(=O)NCC1CCCN1CC=C)c2OC)S(N)(=O)=O ,,1,
Adenot,,,vigabatrin,NC(CCC(O)=O)C=C ,NC(CCC(O)=O)C=C ,,1,
Adenot,,,viloxazine,CCOc1ccccc1OCC2CNCCO2 ,CCOc1ccccc1OCC2CNCCO2 ,,1,
Adenot,,,vinyl-ether,C=COC=C ,C=COC=C ,,1,
Adenot,,,vitamine (alpha-tocopherol),CC(C)CCCC(C)CCCC(C)CCCC2(C)CCc1c(C)c(O)c(C)c(C)c1O2,CC(C)CCCC(C)CCCC(C)CCCC2(C)CCc1c(C)c(O)c(C)c(C)c1O2,,1,
Adenot,,,xaliproden,FC(F)(F)c1cccc(c1)C1=CCN(CCc2ccc3ccccc3c2)CC1,FC(F)(F)c1cccc(c1)C1=CCN(CCc2ccc3ccccc3c2)CC1,,1,
Adenot,,,xanthiol,OCCCN4CCN(CCCC2c1ccccc1Sc3ccc(Cl)cc23)CC4 ,OCCCN4CCN(CCCC2c1ccccc1Sc3ccc(Cl)cc23)CC4 ,,1,
Adenot,,,xorphanol,CC4CC(=C)CC25CCN(CC1CCC1)C(Cc3ccc(O)cc23)C45 ,CC4CC(=C)CC25CCN(CC1CCC1)C(Cc3ccc(O)cc23)C45 ,,1,
Adenot,,,xylazine,Cc1cccc(C)c1NC2=NCCCS2 ,Cc1cccc(C)c1NC2=NCCCS2 ,,1,
Adenot,,,zafuleptine,CC(C)C(CCCCCC(O)=O)NCc1ccc(F)cc1 ,CC(C)C(CCCCCC(O)=O)NCc1ccc(F)cc1 ,,1,
Adenot,,,zalospirone,O=C4C3C1C=CC(C2C=CC12)C3C(=O)N4CCCCN5CCN(CC5)c6ncccn6 ,O=C4C3C1C=CC(C2C=CC12)C3C(=O)N4CCCCN5CCN(CC5)c6ncccn6 ,,1,
Adenot,,,zetidoline,CC3(C)CN(CCN1CCN(C1=O)c2cccc(Cl)c2)C3 ,CC3(C)CN(CCN1CCN(C1=O)c2cccc(Cl)c2)C3 ,,1,
Adenot,,,ziprasidone,Clc2cc1NC(=O)Cc1cc2CCN3CCN(CC3)c4nsc5ccccc45 ,Clc2cc1NC(=O)Cc1cc2CCN3CCN(CC3)c4nsc5ccccc45 ,,1,
Adenot,,,zolazepam,CN2C(=O)CN=C(c1ccccc1F)c3c(C)nn(C)c23 ,CN2C(=O)CN=C(c1ccccc1F)c3c(C)nn(C)c23 ,,1,
Adenot,,,zoloperone,COc1ccccc1N2CCN(CC2)CCc3oc(=O)[nH]c3c4ccc(F)cc4 ,COc1ccccc1N2CCN(CC2)CCc3oc(=O)[nH]c3c4ccc(F)cc4 ,,1,
Adenot,,,zoniclezole,CC(c1noc2ccc(Cl)cc12)n3ccnc3 ,CC(c1noc2ccc(Cl)cc12)n3ccnc3 ,,1,
Adenot,,,zonisamide,NS(=O)(=O)Cc1noc2ccccc12 ,NS(=O)(=O)Cc1noc2ccccc12 ,,1,
Adenot,,,zopiclone,CN1CCN(CC1)C(=O)OC2N(C(=O)c3nccnc23)c4ccc(Cl)cn4 ,CN1CCN(CC1)C(=O)OC2N(C(=O)c3nccnc23)c4ccc(Cl)cn4 ,,1,
Adenot,,,zotepine,CN(C)CCOC2=Cc1ccccc1Sc3ccc(Cl)cc23 ,CN(C)CCOC2=Cc1ccccc1Sc3ccc(Cl)cc23 ,,1,
Adenot,,,zylofuramine,CCNC(Cc1ccccc1)C2CCCO2 ,CCNC(Cc1ccccc1)C2CCCO2 ,,1,
Adenot,,,acebutolol,CCCC(=O)Nc1ccc(OCC(O)CNC(C)C)c(c1)C(C)=O ,CCCC(=O)Nc1ccc(OCC(O)CNC(C)C)c(c1)C(C)=O ,,0,
Adenot,,,aclarubicin,CCC7(O)CC(OC3CC(C(OC2CC(O)C(OC1CCC(=O)C(C)O1)C(C)O2)C(C)O3)N(C)C)c6c(O)c5C(=O)c4c(O)cccc4C(=O)c5cc6C7C(=O)OC ,CCC7(O)CC(OC3CC(C(OC2CC(O)C(OC1CCC(=O)C(C)O1)C(C)O2)C(C)O3)N(C)C)c6c(O)c5C(=O)c4c(O)cccc4C(=O)c5cc6C7C(=O)OC ,,0,
Adenot,,,adicillin,CC2(C)SC1C(NC(=O)CCCC(N)C(O)=O)C(=O)N1C2C(O)=O ,CC2(C)SC1C(NC(=O)CCCC(N)C(O)=O)C(=O)N1C2C(O)=O ,,0,
Adenot,,,adrenaline (epinephrine),CNCC(O)c1ccc(O)c(O)c1 ,CNCC(O)c1ccc(O)c(O)c1 ,,0,
Adenot,,,adriamycinol-aglycone,COc1cccc2c1C(=O)c1c(c3c(c(c1C2=O)O)CC(O)(CC3O)C(O)CO)O,COc1cccc2c1C(=O)c1c(c3c(c(c1C2=O)O)CC(O)(CC3O)C(O)CO)O,,0,
Adenot,,,aldosterone,CC14CCC(=O)C=C1CCC5C2CCC(C(=O)CO)C23CC(OC3O)C45 ,CC14CCC(=O)C=C1CCC5C2CCC(C(=O)CO)C23CC(OC3O)C45 ,,0,
Adenot,,,almecillin,CC2(C)SC1C(NC(=O)CSCC=C)C(=O)N1C2C(O)=O ,CC2(C)SC1C(NC(=O)CSCC=C)C(=O)N1C2C(O)=O ,,0,
Adenot,,,amantocillin,CC5(C)SC4C(NC(=O)C23CC1CC(CC(N)(C1)C2)C3)C(=O)N4C5C(O)=O ,CC5(C)SC4C(NC(=O)C23CC1CC(CC(N)(C1)C2)C3)C(=O)N4C5C(O)=O ,,0,
Adenot,,,amikacin,NCCC(O)C(=O)NC2CC(N)C(OC1OC(CN)C(O)C(O)C1O)C(O)C2OC3OC(CO)C(O)C(N)C3O ,NCCC(O)C(=O)NC2CC(N)C(OC1OC(CN)C(O)C(O)C1O)C(O)C2OC3OC(CO)C(O)C(N)C3O ,,0,
Adenot,,,amiloride,NC(=N)NC(=O)c1nc(Cl)c(N)nc1N ,NC(=N)NC(=O)c1nc(Cl)c(N)nc1N ,,0,
Adenot,,,amiodarone,CCCCc2oc1ccccc1c2C(=O)c3cc(I)c(OCCN(CC)CC)c(I)c3 ,CCCCc2oc1ccccc1c2C(=O)c3cc(I)c(OCCN(CC)CC)c(I)c3 ,,0,
Adenot,,,amphotericin-b,CC2OC(=O)CC(O)CC(O)CC(O)CCC(O)C(O)CC3(O)CC(O)C(C(CC(OC1OC(C)C(O)C(N)C1O)C=CC=CC=CC=CC=CC=CC=CC(C)C(O)C2C)O3)C(O)=O ,CC2OC(=O)CC(O)CC(O)CC(O)CCC(O)C(O)CC3(O)CC(O)C(C(CC(OC1OC(C)C(O)C(N)C1O)C=CC=CC=CC=CC=CC=CC=CC(C)C(O)C2C)O3)C(O)=O ,,0,
Adenot,,,apalcillin,CC5(C)SC4C(NC(=O)C(NC(=O)c2cnc1cccnc1c2O)c3ccccc3)C(=O)N4C5C(O)=O ,CC5(C)SC4C(NC(=O)C(NC(=O)c2cnc1cccnc1c2O)c3ccccc3)C(=O)N4C5C(O)=O ,,0,
Adenot,,,apicycline,CN(C)C2C1CC5C(=C(O)C1(O)C(=O)C(=C2O)C(=O)NC(N3CCN(CCO)CC3)C(O)=O)C(=O)c4c(O)cccc4C5(C)O ,CN(C)C2C1CC5C(=C(O)C1(O)C(=O)C(=C2O)C(=O)NC(N3CCN(CCO)CC3)C(O)=O)C(=O)c4c(O)cccc4C5(C)O ,,0,
Adenot,,,apramycin,CNC3C(O)C2OC(OC1C(N)CC(N)C(O)C1O)C(N)CC2OC3OC4OC(CO)C(N)C(O)C4O ,CNC3C(O)C2OC(OC1C(N)CC(N)C(O)C1O)C(N)CC2OC3OC4OC(CO)C(N)C(O)C4O ,,0,
Adenot,,,arbekacin,NCCC(O)C(=O)NC2CC(N)C(OC1OC(CN)CCC1N)C(O)C2OC3OC(CO)C(O)C(N)C3O ,NCCC(O)C(=O)NC2CC(N)C(OC1OC(CN)CCC1N)C(O)C2OC3OC(CO)C(O)C(N)C3O ,,0,
Adenot,,,aspoxicillin,CNC(=O)CC(N)C(=O)NC(C(=O)NC2C1SC(C)(C)C(N1C2=O)C(O)=O)c3ccc(O)cc3 ,CNC(=O)CC(N)C(=O)NC(C(=O)NC2C1SC(C)(C)C(N1C2=O)C(O)=O)c3ccc(O)cc3 ,,0,
Adenot,,,astemizole,COc5ccc(CCN1CCC(CC1)Nc3nc2ccccc2n3Cc4ccc(F)cc4)cc5 ,COc5ccc(CCN1CCC(CC1)Nc3nc2ccccc2n3Cc4ccc(F)cc4)cc5 ,,0,
Adenot,,,astromicin,COC2C(O)C(N)C(OC1OC(CCC1N)C(C)N)C(O)C2N(C)C(=O)CN ,COC2C(O)C(N)C(OC1OC(CCC1N)C(C)N)C(O)C2N(C)C(=O)CN ,,0,
Adenot,,,azithromycin,CCC3OC(=O)C(C)C(OC1CC(C)(OC)C(O)C(C)O1)C(C)C(OC2OC(C)CC(C2O)N(C)C)C(C)(O)CC(C)CN(C)C(C)C(O)C3(C)O ,CCC3OC(=O)C(C)C(OC1CC(C)(OC)C(O)C(C)O1)C(C)C(OC2OC(C)CC(C2O)N(C)C)C(C)(O)CC(C)CN(C)C(C)C(O)C3(C)O ,,0,
Adenot,,,aztreonam,CC2C(NC(=O)C(=NOC(C)(C)C(O)=O)c1csc(N)n1)C(=O)N2S(O)(=O)=O ,CC2C(NC(=O)C(=NOC(C)(C)C(O)=O)c1csc(N)n1)C(=O)N2S(O)(=O)=O ,,0,
Adenot,,,bacmecillinam,CCOC(=O)OC(C)OC(=O)C1N3C(SC1(C)C)C(N=CN2CCCCCC2)C3=O ,CCOC(=O)OC(C)OC(=O)C1N3C(SC1(C)C)C(N=CN2CCCCCC2)C3=O ,,0,
Adenot,,,bekanamycin,NCC3OC(OC2C(N)CC(N)C(OC1OC(CO)C(O)C(N)C1O)C2O)C(N)C(O)C3O ,NCC3OC(OC2C(N)CC(N)C(OC1OC(CO)C(O)C(N)C1O)C2O)C(N)C(O)C3O ,,0,
Adenot,,,benserazide,NC(CO)C(=O)NNCc1ccc(O)c(O)c1O ,NC(CO)C(=O)NNCc1ccc(O)c(O)c1O ,,0,
Adenot,,,bepridil,CC(C)COCC(CN(Cc1ccccc1)c2ccccc2)N3CCCC3 ,CC(C)COCC(CN(Cc1ccccc1)c2ccccc2)N3CCCC3 ,,0,
Adenot,,,berythromycin,CCC3OC(=O)C(C)C(OC1CC(C)(OC)C(O)C(C)O1)C(C)C(OC2OC(C)CC(C2O)N(C)C)C(C)(O)CC(C)C(=O)C(C)C(O)C3C ,CCC3OC(=O)C(C)C(OC1CC(C)(OC)C(O)C(C)O1)C(C)C(OC2OC(C)CC(C2O)N(C)C)C(C)(O)CC(C)C(=O)C(C)C(O)C3C ,,0,
Adenot,,,carbenicillin,CC3(C)SC2C(NC(=O)C(C(O)=O)c1ccccc1)C(=O)N2C3C(O)=O ,CC3(C)SC2C(NC(=O)C(C(O)=O)c1ccccc1)C(=O)N2C3C(O)=O ,,0,
Adenot,,,carbidopa,CC(Cc1ccc(O)c(O)c1)(NN)C(O)=O ,CC(Cc1ccc(O)c(O)c1)(NN)C(O)=O ,,0,
Adenot,,,carbuterol,CC(C)(C)NCC(O)c1ccc(O)c(NC(N)=O)c1 ,CC(C)(C)NCC(O)c1ccc(O)c(NC(N)=O)c1 ,,0,
Adenot,,,carfecillin,CC4(C)SC3C(NC(=O)C(C(=O)Oc1ccccc1)c2ccccc2)C(=O)N3C4C(O)=O ,CC4(C)SC3C(NC(=O)C(C(=O)Oc1ccccc1)c2ccccc2)C(=O)N3C4C(O)=O ,,0,
Adenot,,,carindacillin,CC5(C)SC4C(NC(=O)C(C(=O)Oc2ccc1CCCc1c2)c3ccccc3)C(=O)N4C5C(O)=O ,CC5(C)SC4C(NC(=O)C(C(=O)Oc2ccc1CCCc1c2)c3ccccc3)C(=O)N4C5C(O)=O ,,0,
Adenot,,,carubicin,CC1OC(CC(N)C1O)OC4CC(O)(Cc5c(O)c3C(=O)c2cccc(O)c2C(=O)c3c(O)c45)C(C)=O ,CC1OC(CC(N)C1O)OC4CC(O)(Cc5c(O)c3C(=O)c2cccc(O)c2C(=O)c3c(O)c45)C(C)=O ,,0,
Adenot,,,carumonam,NC(=O)OCC2C(NC(=O)C(=NOCC(O)=O)c1csc(N)n1)C(=O)N2S(O)(=O)=O ,NC(=O)OCC2C(NC(=O)C(=NOCC(O)=O)c1csc(N)n1)C(=O)N2S(O)(=O)=O ,,0,
Adenot,,,cefaclor,NC(C(=O)NC2C1SCC(=C(N1C2=O)C(O)=O)Cl)c3ccccc3 ,NC(C(=O)NC2C1SCC(=C(N1C2=O)C(O)=O)Cl)c3ccccc3 ,,0,
Adenot,,,cefadroxil,CC1=C(N3C(SC1)C(NC(=O)C(N)c2ccc(O)cc2)C3=O)C(O)=O ,CC1=C(N3C(SC1)C(NC(=O)C(N)c2ccc(O)cc2)C3=O)C(O)=O ,,0,
Adenot,,,cefamandole,Cn1nnnc1SCC2=C(N4C(SC2)C(NC(=O)C(O)c3ccccc3)C4=O)C(O)=O ,Cn1nnnc1SCC2=C(N4C(SC2)C(NC(=O)C(O)c3ccccc3)C4=O)C(O)=O ,,0,
Adenot,,,cefaparole,Cc4nnc(SCC1=C(N3C(SC1)C(NC(=O)C(N)c2ccc(O)cc2)C3=O)C(O)=O)s4 ,Cc4nnc(SCC1=C(N3C(SC1)C(NC(=O)C(N)c2ccc(O)cc2)C3=O)C(O)=O)s4 ,,0,
Adenot,,,cefatrizine,NC(C(=O)NC2C1SCC(=C(N1C2=O)C(O)=O)CSc3c[nH]nn3)c4ccc(O)cc4 ,NC(C(=O)NC2C1SCC(=C(N1C2=O)C(O)=O)CSc3c[nH]nn3)c4ccc(O)cc4 ,,0,
Adenot,,,cefazaflur,Cn1nnnc1SCC2=C(N3C(SC2)C(NC(=O)CSC(F)(F)F)C3=O)C(O)=O ,Cn1nnnc1SCC2=C(N3C(SC2)C(NC(=O)CSC(F)(F)F)C3=O)C(O)=O ,,0,
Adenot,,,cefazedone,Cc4nnc(SCC1=C(N3C(SC1)C(NC(=O)Cn2cc(Cl)c(=O)c(Cl)c2)C3=O)C(O)=O)s4 ,Cc4nnc(SCC1=C(N3C(SC1)C(NC(=O)Cn2C=C(Cl)C(=O)C(Cl)=C2)C3=O)C(O)=O)s4 ,,0,
Adenot,,,cefcanel,Cc4nnc(SCC1=C(N3C(SC1)C(NC(=O)C(O)c2ccccc2)C3=O)C(O)=O)s4 ,Cc4nnc(SCC1=C(N3C(SC1)C(NC(=O)C(O)c2ccccc2)C3=O)C(O)=O)s4 ,,0,
Adenot,,,cefcanel-daloxate,CC(N)C(=O)OC(C(=O)NC2C1SCC(=C(N1C2=O)C(=O)OCc3oc(=O)oc3C)CSc4nnc(C)s4)c5ccccc5 ,CC(N)C(=O)OC(C(=O)NC2C1SCC(=C(N1C2=O)C(=O)OCc3oc(=O)oc3C)CSc4nnc(C)s4)c5ccccc5 ,,0,
Adenot,,,cefdaloxime,COCC1=C(N3C(SC1)C(NC(=O)C(=NO)c2csc(N)n2)C3=O)C(O)=O ,COCC1=C(N3C(SC1)C(NC(=O)C(=NO)c2csc(N)n2)C3=O)C(O)=O ,,0,
Adenot,,,cefdinir,Nc1nc(cs1)C(=NO)C(=O)NC3C2SCC(=C(N2C3=O)C(O)=O)C=C ,Nc1nc(cs1)C(=NO)C(=O)NC3C2SCC(=C(N2C3=O)C(O)=O)C=C ,,0,
Adenot,,,cefditoren,CON=C(C(=O)NC2C1SCC(=C(N1C2=O)C(O)=O)C=Cc3scnc3C)c4csc(N)n4 ,CON=C(C(=O)NC2C1SCC(=C(N1C2=O)C(O)=O)C=Cc3scnc3C)c4csc(N)n4 ,,0,
Adenot,,,cefetamet,CON=C(C(=O)NC2C1SCC(=C(N1C2=O)C(O)=O)C)c3csc(N)n3 ,CON=C(C(=O)NC2C1SCC(=C(N1C2=O)C(O)=O)C)c3csc(N)n3 ,,0,
Adenot,,,cefetrizole,OC(=O)C2=C(CSC3C(NC(=O)Cc1cccs1)C(=O)N23)CSc4nc[nH]n4 ,OC(=O)C2=C(CSC3C(NC(=O)Cc1cccs1)C(=O)N23)CSc4nc[nH]n4 ,,0,
Adenot,,,cefivitril,Cn1nnnc1SCC2=C(N3C(SC2)C(NC(=O)CSC=CC#N)C3=O)C(O)=O ,Cn1nnnc1SCC2=C(N3C(SC2)C(NC(=O)CSC=CC#N)C3=O)C(O)=O ,,0,
Adenot,,,cefixime,Nc1nc(cs1)C(=NOCC(O)=O)C(=O)NC3C2SCC(=C(N2C3=O)C(O)=O)C=C ,Nc1nc(cs1)C(=NOCC(O)=O)C(=O)NC3C2SCC(=C(N2C3=O)C(O)=O)C=C ,,0,
Adenot,,,cefmenoxime,CON=C(C(=O)NC2C1SCC(=C(N1C2=O)C(O)=O)CSc3nnnn3C)c4csc(N)n4 ,CON=C(C(=O)NC2C1SCC(=C(N1C2=O)C(O)=O)CSc3nnnn3C)c4csc(N)n4 ,,0,
Adenot,,,cefmetazole,COC2(NC(=O)CSCC#N)C1SCC(=C(N1C2=O)C(O)=O)CSc3nnnn3C ,COC2(NC(=O)CSCC#N)C1SCC(=C(N1C2=O)C(O)=O)CSc3nnnn3C ,,0,
Adenot,,,cefminox,COC2(NC(=O)CSCC(N)C(O)=O)C1SCC(=C(N1C2=O)C(O)=O)CSc3nnnn3C ,COC2(NC(=O)CSCC(N)C(O)=O)C1SCC(=C(N1C2=O)C(O)=O)CSc3nnnn3C ,,0,
Adenot,,,cefodizime,CON=C(C(=O)NC2C1SCC(=C(N1C2=O)C(O)=O)CSc3nc(C)c(CC(O)=O)s3)c4csc(N)n4 ,CON=C(C(=O)NC2C1SCC(=C(N1C2=O)C(O)=O)CSc3nc(C)c(CC(O)=O)s3)c4csc(N)n4 ,,0,
Adenot,,,cefonicid,OC(C(=O)NC2C1SCC(=C(N1C2=O)C(O)=O)CSc3nnnn3CS(O)(=O)=O)c4ccccc4 ,OC(C(=O)NC2C1SCC(=C(N1C2=O)C(O)=O)CSc3nnnn3CS(O)(=O)=O)c4ccccc4 ,,0,
Adenot,,,cefoperazone,CCN5CCN(C(=O)NC(C(=O)NC2C1SCC(=C(N1C2=O)C(O)=O)CSc3nnnn3C)c4ccc(O)cc4)C(=O)C5=O ,CCN5CCN(C(=O)NC(C(=O)NC2C1SCC(=C(N1C2=O)C(O)=O)CSc3nnnn3C)c4ccc(O)cc4)C(=O)C5=O ,,0,
Adenot,,,ceforanide,NCc1ccccc1CC(=O)NC3C2SCC(=C(N2C3=O)C(O)=O)CSc4nnnn4CC(O)=O ,NCc1ccccc1CC(=O)NC3C2SCC(=C(N2C3=O)C(O)=O)CSc4nnnn4CC(O)=O ,,0,
Adenot,,,cefotaxime,CON=C(C(=O)NC2C1SCC(=C(N1C2=O)C(O)=O)COC(C)=O)c3csc(N)n3 ,CON=C(C(=O)NC2C1SCC(=C(N1C2=O)C(O)=O)COC(C)=O)c3csc(N)n3 ,,0,
Adenot,,,cefotetan,COC3(NC(=O)C1SC(S1)=C(C(N)=O)C(O)=O)C2SCC(=C(N2C3=O)C(O)=O)CSc4nnnn4C ,COC3(NC(=O)C1SC(S1)=C(C(N)=O)C(O)=O)C2SCC(=C(N2C3=O)C(O)=O)CSc4nnnn4C ,,0,
Adenot,,,cefotiam,CN(C)CCn1nnnc1SCC2=C(N4C(SC2)C(NC(=O)Cc3csc(N)n3)C4=O)C(O)=O ,CN(C)CCn1nnnc1SCC2=C(N4C(SC2)C(NC(=O)Cc3csc(N)n3)C4=O)C(O)=O ,,0,
Adenot,,,cefpiramide,Cc1cc(O)c(cn1)C(=O)NC(C(=O)NC3C2SCC(=C(N2C3=O)C(O)=O)CSc4nnnn4C)c5ccc(O)cc5 ,Cc1cc(O)c(cn1)C(=O)NC(C(=O)NC3C2SCC(=C(N2C3=O)C(O)=O)CSc4nnnn4C)c5ccc(O)cc5 ,,0,
Adenot,,,cefpodoxime,COCC1=C(N3C(SC1)C(NC(=O)C(=NOC)c2csc(N)n2)C3=O)C(O)=O ,COCC1=C(N3C(SC1)C(NC(=O)C(=NOC)c2csc(N)n2)C3=O)C(O)=O ,,0,
Adenot,,,cefprozil,CC=CC1=C(N3C(SC1)C(NC(=O)C(N)c2ccc(O)cc2)C3=O)C(O)=O ,CC=CC1=C(N3C(SC1)C(NC(=O)C(N)c2ccc(O)cc2)C3=O)C(O)=O ,,0,
Adenot,,,cefrotil,CC1=C(N4C(SC1)C(NC(=O)Cc2ccc(cc2)C3=NCCCN3)C4=O)C(O)=O ,CC1=C(N4C(SC1)C(NC(=O)Cc2ccc(cc2)C3=NCCCN3)C4=O)C(O)=O ,,0,
Adenot,,,cefroxadine,COC1=C(N3C(SC1)C(NC(=O)C(N)C2C=CCC=C2)C3=O)C(O)=O ,COC1=C(N3C(SC1)C(NC(=O)C(N)C2C=CCC=C2)C3=O)C(O)=O ,,0,
Adenot,,,cefsumide,CC1=C(N3C(SC1)C(NC(=O)C(N)c2cccc(NS(C)(=O)=O)c2)C3=O)C(O)=O ,CC1=C(N3C(SC1)C(NC(=O)C(N)c2cccc(NS(C)(=O)=O)c2)C3=O)C(O)=O ,,0,
Adenot,,,cefteram,CON=C(C(=O)NC2C1SCC(=C(N1C2=O)C(O)=O)Cn3nnc(C)n3)c4csc(N)n4 ,CON=C(C(=O)NC2C1SCC(=C(N1C2=O)C(O)=O)Cn3nnc(C)n3)c4csc(N)n4 ,,0,
Adenot,,,ceftezole,OC(=O)C2=C(CSC3C(NC(=O)Cn1cnnn1)C(=O)N23)CSc4nncs4 ,OC(=O)C2=C(CSC3C(NC(=O)Cn1cnnn1)C(=O)N23)CSc4nncs4 ,,0,
Adenot,,,ceftibuten,Nc1nc(cs1)C(=CCC(O)=O)C(=O)NC3C2SCC=C(N2C3=O)C(O)=O ,Nc1nc(cs1)C(=CCC(O)=O)C(=O)NC3C2SCC=C(N2C3=O)C(O)=O ,,0,
Adenot,,,ceftiofur,CON=C(C(=O)NC2C1SCC(=C(N1C2=O)C(O)=O)CSC(=O)c3ccco3)c4csc(N)n4 ,CON=C(C(=O)NC2C1SCC(=C(N1C2=O)C(O)=O)CSC(=O)c3ccco3)c4csc(N)n4 ,,0,
Adenot,,,ceftiolene,CON=C(C(=O)NC2C1SCC(=C(N1C2=O)C(O)=O)C=CSc3n[nH]c(=O)c(=O)n3CC=O)c4csc(N)n4 ,CON=C(C(=O)NC2C1SCC(=C(N1C2=O)C(O)=O)C=CSc3n[nH]c(=O)c(=O)n3CC=O)c4csc(N)n4 ,,0,
Adenot,,,ceftioxide,CON=C(C(=O)NC1C2N(C1=O)C(=C(COC(C)=O)CS2=O)C(O)=O)c3csc(N)n3 ,CON=C(C(=O)NC1C2N(C1=O)C(=C(COC(C)=O)CS2=O)C(O)=O)c3csc(N)n3 ,,0,
Adenot,,,ceftizoxime,CON=C(C(=O)NC2C1SCC=C(N1C2=O)C(O)=O)c3csc(=N)[nH]3 ,CON=C(C(=O)NC2C1SCC=C(N1C2=O)C(O)=O)c3csc(=N)[nH]3 ,,0,
Adenot,,,ceftizoxime alapivoxil (KY020),CON=C(C(=O)NC1C2SCC=C(N2C1=O)C(=O)OCOC(=O)C(C)(C)C)c1csc(n1)NC(=O)C(C)N,CON=C(C(=O)NC1C2SCC=C(N2C1=O)C(=O)OCOC(=O)C(C)(C)C)c1csc(n1)NC(=O)C(C)N,,0,
Adenot,,,ceftriaxone,CON=C(C(=O)NC2C1SCC(=C(N1C2=O)C(O)=O)CSc3nc(=O)c(=O)[nH]n3C)c4csc(N)n4 ,CON=C(C(=O)NC2C1SCC(=C(N1C2=O)C(O)=O)CSc3nc(=O)c(=O)[nH]n3C)c4csc(N)n4 ,,0,
Adenot,,,cefuracetime,CON=C(C(=O)NC2C1SCC(=C(N1C2=O)C(O)=O)COC(C)=O)c3ccco3 ,CON=C(C(=O)NC2C1SCC(=C(N1C2=O)C(O)=O)COC(C)=O)c3ccco3 ,,0,
Adenot,,,cefuroxime,CON=C(C(=O)NC2C1SCC(=C(N1C2=O)C(O)=O)COC(N)=O)c3ccco3 ,CON=C(C(=O)NC2C1SCC(=C(N1C2=O)C(O)=O)COC(N)=O)c3ccco3 ,,0,
Adenot,,,cefuroxime-axetil,CON=C(C(=O)NC2C1SCC(=C(N1C2=O)C(=O)OC(C)OC(C)=O)COC(N)=O)c3ccco3 ,CON=C(C(=O)NC2C1SCC(=C(N1C2=O)C(=O)OC(C)OC(C)=O)COC(N)=O)c3ccco3 ,,0,
Adenot,,,cefuroxime-pivoxetil,CON=C(C(=O)NC1C2SCC(=C(N2C1=O)C(=O)OC(C)OC(=O)C(C)(C)OC)COC(N)=O)c1occc1,CON=C(C(=O)NC1C2SCC(=C(N2C1=O)C(=O)OC(C)OC(=O)C(C)(C)OC)COC(N)=O)c1occc1,,0,
Adenot,,,cefuzonam,CON=C(C(=O)NC2C1SCC(=C(N1C2=O)C(O)=O)CSc3cnns3)c4csc(N)n4 ,CON=C(C(=O)NC2C1SCC(=C(N1C2=O)C(O)=O)CSc3cnns3)c4csc(N)n4 ,,0,
Adenot,,,celiprolol,CCN(CC)C(=O)Nc1ccc(OCC(O)CNC(C)(C)C)c(c1)C(C)=O ,CCN(CC)C(=O)Nc1ccc(OCC(O)CNC(C)(C)C)c(c1)C(C)=O ,,0,
Adenot,,,cephacetrile (cefacetrile),CC(=O)OCC1=C(N2C(SC1)C(NC(=O)CC#N)C2=O)C(O)=O,CC(=O)OCC1=C(N2C(SC1)C(NC(=O)CC#N)C2=O)C(O)=O,,0,
Adenot,,,cephaloglycin (cefaloglycin),CC(=O)OCC1=C(N3C(SC1)C(NC(=O)C(N)c2ccccc2)C3=O)C(O)=O,CC(=O)OCC1=C(N3C(SC1)C(NC(=O)C(N)c2ccccc2)C3=O)C(O)=O,,0,
Adenot,,,cephalosporin-c,COC3(NC(=O)C1SC(S1)=C(C#N)C(O)=O)C2SCC(=C(N2C3=O)C(O)=O)CSc4nnnn4C ,COC3(NC(=O)C1SC(S1)=C(C#N)C(O)=O)C2SCC(=C(N2C3=O)C(O)=O)CSc4nnnn4C ,,0,
Adenot,,,cephalothin (cefalotin),CC(=O)OCC1=C(N3C(SC1)C(NC(=O)Cc2cccs2)C3=O)C(O)=O ,CC(=O)OCC1=C(N3C(SC1)C(NC(=O)Cc2cccs2)C3=O)C(O)=O ,,0,
Adenot,,,cephapirin (cefapirin),CC(=O)OCC1=C(N3C(SC1)C(NC(=O)CSc2ccncc2)C3=O)C(O)=O ,CC(=O)OCC1=C(N3C(SC1)C(NC(=O)CSc2ccncc2)C3=O)C(O)=O ,,0,
Adenot,,,cephradine (cefradine),CC1=C(N3C(SC1)C(NC(=O)C(N)C2=CCC=CC2)C3=O)C(O)=O,CC1=C(N3C(SC1)C(NC(=O)C(N)C2=CCC=CC2)C3=O)C(O)=O,,0,
Adenot,,,cetirizine,OC(=O)COCCN1CCN(CC1)C(c2ccccc2)c3ccc(Cl)cc3 ,OC(=O)COCCN1CCN(CC1)C(c2ccccc2)c3ccc(Cl)cc3 ,,0,
Adenot,,,chloroquine,CCN(CC)CCCC(C)Nc1ccnc2cc(Cl)ccc12 ,CCN(CC)CCCC(C)Nc1ccnc2cc(Cl)ccc12 ,,0,
Adenot,,,cimetidine,CNC(NCCSCc1nc[nH]c1C)=NC#N ,CNC(NCCSCc1nc[nH]c1C)=NC#N ,,0,
Adenot,,,clarithromycin,CCC3OC(=O)C(C)C(OC1CC(C)(OC)C(O)C(C)O1)C(C)C(OC2OC(C)CC(C2O)N(C)C)C(C)(CC(C)C(=O)C(C)C(O)C3(C)O)OC ,CCC3OC(=O)C(C)C(OC1CC(C)(OC)C(O)C(C)O1)C(C)C(OC2OC(C)CC(C2O)N(C)C)C(C)(CC(C)C(=O)C(C)C(O)C3(C)O)OC ,,0,
Adenot,,,clindamycin,CCCC1CC(N(C)C1)C(=O)NC(C(C)Cl)C2OC(SC)C(O)C(O)C2O ,CCCC1CC(N(C)C1)C(=O)NC(C(C)Cl)C2OC(SC)C(O)C(O)C2O ,,0,
Adenot,,,clindamycin-phosphate,CCCC1CC(N(C)C1)C(=O)NC(C(C)Cl)C1OC(SC)C(OP(O)(O)=O)C(O)C1O,CCCC1CC(N(C)C1)C(=O)NC(C(C)Cl)C1OC(SC)C(OP(O)(O)=O)C(O)C1O,,0,
Adenot,,,clofazimine,CC(C)N=c4cc3n(c1ccc(Cl)cc1)c2ccccc2nc3cc4Nc5ccc(Cl)cc5 ,CC(C)N=c4C=C3N(c1ccc(Cl)cc1)c2ccccc2N=C3C=C4Nc5ccc(Cl)cc5 ,,0,
Adenot,,,clomocycline,CN(C)C2C1CC4C(=C(O)C1(O)C(=O)C(=C2O)C(=O)NCO)C(=O)c3c(O)ccc(Cl)c3C4(C)O ,CN(C)C2C1CC4C(=C(O)C1(O)C(=O)C(=C2O)C(=O)NCO)C(=O)c3c(O)ccc(Cl)c3C4(C)O ,,0,
Adenot,,,cloxacillin,Cc2onc(c1ccccc1Cl)c2C(=O)NC4C3SC(C)(C)C(N3C4=O)C(O)=O ,Cc2onc(c1ccccc1Cl)c2C(=O)NC4C3SC(C)(C)C(N3C4=O)C(O)=O ,,0,
Adenot,,,colchicine,COc3cc2CCC(NC(C)=O)c1cc(=O)c(OC)ccc1c2c(OC)c3OC ,COc3cc2CCC(NC(C)=O)c1cc(=O)c(OC)ccc1c2c(OC)c3OC ,,0,
Adenot,,,cyclacillin,CC3(C)SC2C(NC(=O)C1(N)CCCCC1)C(=O)N2C3C(O)=O ,CC3(C)SC2C(NC(=O)C1(N)CCCCC1)C(=O)N2C3C(O)=O ,,0,
Adenot,,,cyclosporina (ciclosporin),CCC1NC(=O)C(C(O)C(C)CC=CC)N(C)C(=O)C(C(C)C)N(C)C(=O)C(CC(C)C)N(C)C(=O)C(CC(C)C)N(C)C(=O)C(C)NC(=O)C(C)NC(=O)C(CC(C)C)N(C)C(=O)C(NC(=O)C(CC(C)C)N(C)C(=O)CN(C)C1=O)C(C)C,CCC1NC(=O)C(C(O)C(C)CC=CC)N(C)C(=O)C(C(C)C)N(C)C(=O)C(CC(C)C)N(C)C(=O)C(CC(C)C)N(C)C(=O)C(C)NC(=O)C(C)NC(=O)C(CC(C)C)N(C)C(=O)C(NC(=O)C(CC(C)C)N(C)C(=O)CN(C)C1=O)C(C)C,,0,
Adenot,,,dactinomycin,CC(C)C1NC(=O)C(NC(=O)c2ccc(c3c2N=C2C(=C(C)C(=O)C(=C2C(=O)NC2C(C)OC(=O)C(C(C)C)N(C)C(=O)CN(C)C(=O)C4CCCN4C(=O)C(NC2=O)C(C)C)N)O3)C)C(C)OC(=O)C(C(C)C)N(C)C(=O)CN(C)C(=O)C2CCCN2C1=O,CC(C)C1NC(=O)C(NC(=O)c2ccc(c3c2N=C2C(=C(C)C(=O)C(=C2C(=O)NC2C(C)OC(=O)C(C(C)C)N(C)C(=O)CN(C)C(=O)C4CCCN4C(=O)C(NC2=O)C(C)C)N)O3)C)C(C)OC(=O)C(C(C)C)N(C)C(=O)CN(C)C(=O)C2CCCN2C1=O,,0,
Adenot,,,daunorubicin,COc4cccc5C(=O)c3c(O)c2CC(O)(CC(OC1CC(N)C(O)C(C)O1)c2c(O)c3C(=O)c45)C(C)=O ,COc4cccc5C(=O)c3c(O)c2CC(O)(CC(OC1CC(N)C(O)C(C)O1)c2c(O)c3C(=O)c45)C(C)=O ,,0,
Adenot,,,demecycline,CN(C)C4C3CC2C(O)c1cccc(O)c1C(=O)C2=C(O)C3(O)C(=O)C(=C4O)C(N)=O ,CN(C)C4C3CC2C(O)c1cccc(O)c1C(=O)C2=C(O)C3(O)C(=O)C(=C4O)C(N)=O ,,0,
Adenot,,,detorubicin,CCOC(OCC)C(=O)OCC(=O)C5(O)CC(OC1CC(N)C(O)C(C)O1)c4c(O)c3C(=O)c2c(OC)cccc2C(=O)c3c(O)c4C5 ,CCOC(OCC)C(=O)OCC(=O)C5(O)CC(OC1CC(N)C(O)C(C)O1)c4c(O)c3C(=O)c2c(OC)cccc2C(=O)c3c(O)c4C5 ,,0,
Adenot,,,dibekacin,NCC1CCC(N)C(O1)OC3C(N)CC(N)C(OC2OC(CO)C(O)C(N)C2O)C3O ,NCC1CCC(N)C(O1)OC3C(N)CC(N)C(OC2OC(CO)C(O)C(N)C2O)C3O ,,0,
Adenot,,,digoxin,CC1OC(CC(O)C1O)OC2C(O)CC(OC2C)OC8C(O)CC(OC7CCC3(C)C(CCC4C3CC(O)C5(C)C(CCC45O)C6=CC(=O)OC6)C7)OC8C ,CC1OC(CC(O)C1O)OC2C(O)CC(OC2C)OC8C(O)CC(OC7CCC3(C)C(CCC4C3CC(O)C5(C)C(CCC45O)C6=CC(=O)OC6)C7)OC8C ,,0,
Adenot,,,dihydrostreptomycin,CNC1C(O)C(O)C(CO)OC1OC2C(OC(C)C2(O)CO)OC3C(O)C(O)C(NC(N)=N)C(O)C3NC(N)=N ,CNC1C(O)C(O)C(CO)OC1OC2C(OC(C)C2(O)CO)OC3C(O)C(O)C(NC(N)=N)C(O)C3NC(N)=N ,,0,
Adenot,,,diltiazem,COc1ccc(cc1)C3Sc2ccccc2N(CCN(C)C)C(=O)C3OC(C)=O ,COc1ccc(cc1)C3Sc2ccccc2N(CCN(C)C)C(=O)C3OC(C)=O ,,0,
Adenot,,,diosmin,COc1ccc(cc1O)c5cc(=O)c4c(O)cc(OC3OC(COC2OC(C)C(O)C(O)C2O)C(O)C(O)C3O)cc4o5 ,COc1ccc(cc1O)c5cc(=O)c4c(O)cc(OC3OC(COC2OC(C)C(O)C(O)C2O)C(O)C(O)C3O)cc4o5 ,,0,
Adenot,,,dipivefrin (dipivefrine),CNCC(O)c1ccc(c(c1)OC(=O)C(C)(C)C)OC(=O)C(C)(C)C,CNCC(O)c1ccc(c(c1)OC(=O)C(C)(C)C)OC(=O)C(C)(C)C,,0,
Adenot,,,diproleandomycin,CCC(=O)OC1C(C)C(C)OC(=O)C(C)C(OC2CC(OC)C(OC(=O)CC)C(C)O2)C(C)C(OC2OC(C)CC(C2O)N(C)C)C(C)CC2(CO2)C(=O)C1C,CCC(=O)OC1C(C)C(C)OC(=O)C(C)C(OC2CC(OC)C(OC(=O)CC)C(C)O2)C(C)C(OC2OC(C)CC(C2O)N(C)C)C(C)CC2(CO2)C(=O)C1C,,0,
Adenot,,,dipyridamole,OCCN(CCO)c4nc(N1CCCCC1)c3nc(nc(N2CCCCC2)c3n4)N(CCO)CCO ,OCCN(CCO)c4nc(N1CCCCC1)c3nc(nc(N2CCCCC2)c3n4)N(CCO)CCO ,,0,
Adenot,,,dirithromycin,CCC4OC(=O)C(C)C(OC1CC(C)(OC)C(O)C(C)O1)C(C)C(OC2OC(C)CC(C2O)N(C)C)C(C)(O)CC(C)C3NC(COCCOC)OC(C3C)C4(C)O ,CCC4OC(=O)C(C)C(OC1CC(C)(OC)C(O)C(C)O1)C(C)C(OC2OC(C)CC(C2O)N(C)C)C(C)(O)CC(C)C3NC(COCCOC)OC(C3C)C4(C)O ,,0,
Adenot,,,docetaxel,CC(=O)OC12COC1CC(O)C5(C)C2C(OC(=O)c3ccccc3)C6(O)CC(OC(=O)C(O)C(NC(=O)OC(C)(C)C)c4ccccc4)C(=C(C(O)C5=O)C6(C)C)C ,CC(=O)OC12COC1CC(O)C5(C)C2C(OC(=O)c3ccccc3)C6(O)CC(OC(=O)C(O)C(NC(=O)OC(C)(C)C)c4ccccc4)C(=C(C(O)C5=O)C6(C)C)C ,,0,
Adenot,,,domperidone,Clc5ccc4n(C3CCN(CCCn1c(=O)[nH]c2ccccc12)CC3)c(=O)[nH]c4c5 ,Clc5ccc4n(C3CCN(CCCn1c(=O)[nH]c2ccccc12)CC3)c(=O)[nH]c4c5 ,,0,
Adenot,,,dopamine,NCCc1ccc(O)c(O)c1 ,NCCc1ccc(O)c(O)c1 ,,0,
Adenot,,,doxorubicin (epirubicin),COc4cccc5C(=O)c3c(O)c2CC(O)(CC(OC1CC(N)C(O)C(C)O1)c2c(O)c3C(=O)c45)C(=O)CO ,COc4cccc5C(=O)c3c(O)c2CC(O)(CC(OC1CC(N)C(O)C(C)O1)c2c(O)c3C(=O)c45)C(=O)CO ,,0,
Adenot,,,efrotomycin,CCC(C(=O)NCC=CC=C(C)C(OC)C(C)C1OC(C=CC=CC=C(C)C(=O)C2=C(O)C=CN(C)C2=O)C(O)C1O)C1(O)OC(C=CC=CC)C(C)(C)C(OC2OC(C)C(OC3OC(C)C(OC)C(O)C3OC)C(OC)C2O)C1O,CCC(C(=O)NCC=CC=C(C)C(OC)C(C)C1OC(C=CC=CC=C(C)C(=O)C2=C(O)C=CN(C)C2=O)C(O)C1O)C1(O)OC(C=CC=CC)C(C)(C)C(OC2OC(C)C(OC3OC(C)C(OC)C(O)C3OC)C(OC)C2O)C1O,,0,
Adenot,,,emetine,CCC3CN2CCc1cc(OC)c(OC)cc1C2CC3CC4NCCc5cc(OC)c(OC)cc45 ,CCC3CN2CCc1cc(OC)c(OC)cc1C2CC3CC4NCCc5cc(OC)c(OC)cc45 ,,0,
Adenot,,,enoxacin,CCn1cc(C(O)=O)c(=O)c2cc(F)c(nc12)N3CCNCC3 ,CCn1cc(C(O)=O)c(=O)c2cc(F)c(nc12)N3CCNCC3 ,,0,
Adenot,,,eqvalan (ivermectin-ii),COC1CC(OC(C)C1O)OC2C(C)OC(CC2OC)OC3C(C)C=CC=C6COC7C(O)C(=CC(C(=O)OC5CC(CC=C3C)OC4(CCC(C)C(O4)C(C)C)C5)C67O)C,COC1CC(OC(C)C1O)OC2C(C)OC(CC2OC)OC3C(C)C=CC=C6COC7C(O)C(=CC(C(=O)OC5CC(CC=C3C)OC4(CCC(C)C(O4)C(C)C)C5)C67O)C,,0,
Adenot,,,erythromycin,CCC3OC(=O)C(C)C(OC1CC(C)(OC)C(O)C(C)O1)C(C)C(OC2OC(C)CC(C2O)N(C)C)C(C)(O)CC(C)C(=O)C(C)C(O)C3(C)O ,CCC3OC(=O)C(C)C(OC1CC(C)(OC)C(O)C(C)O1)C(C)C(OC2OC(C)CC(C2O)N(C)C)C(C)(O)CC(C)C(=O)C(C)C(O)C3(C)O ,,0,
Adenot,,,erythromycin-ethylcarbonate,CCOC(=O)OC1C(CC(C)OC1OC1C(C)C(OC2CC(C)(OC)C(O)C(C)O2)C(C)C(=O)OC(CC)C(C)(O)C(O)C(C)C(=O)C(C)CC1(C)O)N(C)C,CCOC(=O)OC1C(CC(C)OC1OC1C(C)C(OC2CC(C)(OC)C(O)C(C)O2)C(C)C(=O)OC(CC)C(C)(O)C(O)C(C)C(=O)C(C)CC1(C)O)N(C)C,,0,
Adenot,,,erythromycin-ethylsuccinate,CCOC(=O)CCC(=O)OC1C(CC(C)OC1OC1C(C)C(OC2CC(C)(OC)C(O)C(C)O2)C(C)C(=O)OC(CC)C(C)(O)C(O)C(C)C(=O)C(C)CC1(C)O)N(C)C,CCOC(=O)CCC(=O)OC1C(CC(C)OC1OC1C(C)C(OC2CC(C)(OC)C(O)C(C)O2)C(C)C(=O)OC(CC)C(C)(O)C(O)C(C)C(=O)C(C)CC1(C)O)N(C)C,,0,
Adenot,,,erythromycin-propionate,CCC1OC(=O)C(C)C(OC2CC(C)(OC)C(O)C(C)O2)C(C)C(OC2OC(C)CC(C2OC(=O)CC)N(C)C)C(C)(O)CC(C)C(=O)C(C)C(O)C1(C)O,CCC1OC(=O)C(C)C(OC2CC(C)(OC)C(O)C(C)O2)C(C)C(OC2OC(C)CC(C2OC(=O)CC)N(C)C)C(C)(O)CC(C)C(=O)C(C)C(O)C1(C)O,,0,
Adenot,,,estradiol,CC34CCC1C(CCc2cc(O)ccc12)C3CCC4O ,CC34CCC1C(CCc2cc(O)ccc12)C3CCC4O ,,0,
Adenot,,,etamocycline,CN(C)C1C2CC3C(=C(O)C2(O)C(=O)C(=C1O)C(=O)NCN(C)CCN(C)CNC(=O)C1=C(O)C(C2CC4C(=C(O)C2(O)C1=O)C(=O)c1c(cccc1C4(C)O)O)N(C)C)C(=O)c1c(cccc1C3(C)O)O,CN(C)C1C2CC3C(=C(O)C2(O)C(=O)C(=C1O)C(=O)NCN(C)CCN(C)CNC(=O)C1=C(O)C(C2CC4C(=C(O)C2(O)C1=O)C(=O)c1c(cccc1C4(C)O)O)N(C)C)C(=O)c1c(cccc1C3(C)O)O,,0,
Adenot,,,etoposide,COc1cc(cc(OC)c1O)C6C2C(COC2=O)C(OC4OC3COC(C)OC3C(O)C4O)c7cc5OCOc5cc67 ,COc1cc(cc(OC)c1O)C6C2C(COC2=O)C(OC4OC3COC(C)OC3C(O)C4O)c7cc5OCOc5cc67 ,,0,
Adenot,,,felodipine,CCOC(=O)C1=C(C)NC(=C(C1c2cccc(Cl)c2Cl)C(=O)OC)C ,CCOC(=O)C1=C(C)NC(=C(C1c2cccc(Cl)c2Cl)C(=O)OC)C ,,0,
Adenot,,,fenbenicillin,CC4(C)SC3C(NC(=O)C(Oc1ccccc1)c2ccccc2)C(=O)C3C4C(O)=O ,CC4(C)SC3C(NC(=O)C(Oc1ccccc1)c2ccccc2)C(=O)C3C4C(O)=O ,,0,
Adenot,,,fexofenadine,CC(C)(C(O)=O)c1ccc(cc1)C(O)CCCN2CCC(CC2)C(O)(c3ccccc3)c4ccccc4 ,CC(C)(C(O)=O)c1ccc(cc1)C(O)CCCN2CCC(CC2)C(O)(c3ccccc3)c4ccccc4 ,,0,
Adenot,,,fibracillin,CC4(C)SC3C(NC(=O)C(NC(=O)C(C)(C)Oc1ccc(Cl)cc1)c2ccccc2)C(=O)N3C4C(O)=O ,CC4(C)SC3C(NC(=O)C(NC(=O)C(C)(C)Oc1ccc(Cl)cc1)c2ccccc2)C(=O)N3C4C(O)=O ,,0,
Adenot,,,fleroxacin,CN1CCN(CC1)c3c(F)cc2c(=O)c(cn(CCF)c2c3F)C(O)=O,CN1CCN(CC1)c3c(F)cc2c(=O)c(cn(CCF)c2c3F)C(O)=O,,0,
Adenot,,,flomoxef,COC2(NC(=O)CSC(F)F)C1OCC(=C(N1C2=O)C(O)=O)CSc3nnnn3CCO ,COC2(NC(=O)CSC(F)F)C1OCC(=C(N1C2=O)C(O)=O)CSc3nnnn3CCO ,,0,
Adenot,,,fropenem (faropenem),CC(O)C2C1SC(=C(N1C2=O)C(O)=O)C3CCCO3,CC(O)C2C1SC(=C(N1C2=O)C(O)=O)C3CCCO3,,0,
Adenot,,,fumoxicillin,CC4(C)SC3C(NC(=O)C(N=Cc1ccco1)c2ccc(O)cc2)C(=O)N3C4C(O)=O ,CC4(C)SC3C(NC(=O)C(N=Cc1ccco1)c2ccc(O)cc2)C(=O)N3C4C(O)=O ,,0,
Adenot,,,furbucillin,CC(C)CC(OC(=O)c1ccco1)C(=O)NC3C2SC(C)(C)C(N2C3=O)C(O)=O ,CC(C)CC(OC(=O)c1ccco1)C(=O)NC3C2SC(C)(C)C(N2C3=O)C(O)=O ,,0,
Adenot,,,fusidic-acid,CC1C(O)CCC2(C)C1CCC3(C)C2C(O)CC4C(C(CC34C)OC(C)=O)=C(CCC=C(C)C)C(O)=O ,CC1C(O)CCC2(C)C1CCC3(C)C2C(O)CC4C(C(CC34C)OC(C)=O)=C(CCC=C(C)C)C(O)=O ,,0,
Adenot,,,gentamicin,CNC1C(O)C(OCC1(C)O)OC1C(N)CC(N)C(OC2OC(CN)CCC2N)C1O,CNC1C(O)C(OCC1(C)O)OC1C(N)CC(N)C(OC2OC(CN)CCC2N)C1O,,0,
Adenot,,,glibenclamide,COc1ccc(Cl)cc1C(=O)NCCc2ccc(cc2)S(=O)(=O)NC(=O)NC3CCCCC3 ,COc1ccc(Cl)cc1C(=O)NCCc2ccc(cc2)S(=O)(=O)NC(=O)NC3CCCCC3 ,,0,
Adenot,,,gloximonam,CON=C(C(=O)NC1C(C)N(OCC(=O)OCC(=O)OC(C)(C)C)C1=O)c2csc(N)n2 ,CON=C(C(=O)NC1C(C)N(OCC(=O)OCC(=O)OC(C)(C)C)C1=O)c2csc(N)n2 ,,0,
Adenot,,,gramicidin-j2,CC(C)CC(N)C(=O)NC(CCCN)C(=O)NC(C(C)C)C(=O)NC(CCCN)C(=O)N1CCCC1C(=O)NC(Cc1ccccc1)C=O ,CC(C)CC(N)C(=O)NC(CCCN)C(=O)NC(C(C)C)C(=O)NC(CCCN)C(=O)N1CCCC1C(=O)NC(Cc1ccccc1)C=O ,,0,
Adenot,,,gramicidin-s,CC(C)CC5NC(=O)C(CCCN)NC(=O)C(NC(=O)C1CCCN1C(=O)C(Cc2ccccc2)NC(=O)C(CC(C)C)NC(=O)C(CCCN)NC(=O)C(NC(=O)C3CCCN3C(=O)C(Cc4ccccc4)NC5=O)C(C)C)C(C)C ,CC(C)CC5NC(=O)C(CCCN)NC(=O)C(NC(=O)C1CCCN1C(=O)C(Cc2ccccc2)NC(=O)C(CC(C)C)NC(=O)C(CCCN)NC(=O)C(NC(=O)C3CCCN3C(=O)C(Cc4ccccc4)NC5=O)C(C)C)C(C)C ,,0,
Adenot,,,gramicidin-s-3,CCC(NC(=O)C1CCCN1C(=O)C(Cc1ccccc1)NC(=O)C(CC(C)C)NC(=O)C(CCCN)NC(=O)C(CC)NC(=O)C1CCCN1C(=O)C(Cc1ccccc1)NC(=O)C(N)CC(C)C)C(=O)NC(CCCN)C=O,CCC(NC(=O)C1CCCN1C(=O)C(Cc1ccccc1)NC(=O)C(CC(C)C)NC(=O)C(CCCN)NC(=O)C(CC)NC(=O)C1CCCN1C(=O)C(Cc1ccccc1)NC(=O)C(N)CC(C)C)C(=O)NC(CCCN)C=O,,0,
Adenot,,,grepafloxacin,CC12CC(N)C1CN(C2)c4nc3n(cc(C(O)=O)c(=O)c3cc4F)C5CC5 ,CC12CC(N)C1CN(C2)c4nc3N(C=C(C(O)=O)C(=O)c3cc4F)C5CC5 ,,0,
Adenot,,,guamecycline,CN(C)C2C1CC5C(=C(O)C1(O)C(=O)C(=C2O)C(=O)NCN3CCN(CC3)C(=N)NC(N)=N)C(=O)c4c(O)cccc4C5(C)O ,CN(C)C2C1CC5C(=C(O)C1(O)C(=O)C(=C2O)C(=O)NCN3CCN(CC3)C(=N)NC(N)=N)C(=O)c4c(O)cccc4C5(C)O ,,0,
Adenot,,,hetacillin,CC4(C)SC3C(N1C(=O)C(NC1(C)C)c2ccccc2)C(=O)N3C4C(O)=O ,CC4(C)SC3C(N1C(=O)C(NC1(C)C)c2ccccc2)C(=O)N3C4C(O)=O ,,0,
Adenot,,,hydroxyephedrine,CNC(C)C(O)c1ccc(O)cc1 ,CNC(C)C(O)c1ccc(O)cc1 ,,0,
Adenot,,,hymecromone,Cc1cc(=O)oc2cc(O)ccc12 ,Cc1cc(=O)oc2cc(O)ccc12 ,,0,
Adenot,,,idarubicin,CC1OC(CC(N)C1O)OC4CC(O)(Cc5c(O)c3C(=O)c2ccccc2C(=O)c3c(O)c45)C(C)=O ,CC1OC(CC(N)C1O)OC4CC(O)(Cc5c(O)c3C(=O)c2ccccc2C(=O)c3c(O)c45)C(C)=O ,,0,
Adenot,,,imipenem,CC(O)C2C1CC(=C(N1C2=O)C(O)=O)SCCNC=N ,CC(O)C2C1CC(=C(N1C2=O)C(O)=O)SCCNC=N ,,0,
Adenot,,,indinavir,CC(C)(C)NC(=O)C1CN(CCN1CC(O)CC(Cc2ccccc2)C(=O)NC3C(O)Cc4ccccc34)Cc5cccnc5,CC(C)(C)NC(=O)C1CN(CCN1CC(O)CC(Cc2ccccc2)C(=O)NC3C(O)Cc4ccccc34)Cc5cccnc5,,0,
Adenot,,,isepamicin (isepamycin),CNC1C(O)C(OCC1(C)O)OC3C(CC(N)C(OC2OC(CN)C(O)C(O)C2O)C3O)NC(=O)C(O)CN,CNC1C(O)C(OCC1(C)O)OC3C(CC(N)C(OC2OC(CN)C(O)C(O)C2O)C3O)NC(=O)C(O)CN,,0,
Adenot,,,itraconazole,CCC(C)n7ncn(c1ccc(cc1)N2CCN(CC2)c6ccc(OCC4COC(Cn3cncn3)(O4)c5ccc(Cl)cc5Cl)cc6)c7=O ,CCC(C)n7ncn(c1ccc(cc1)N2CCN(CC2)c6ccc(OCC4COC(Cn3cncn3)(O4)c5ccc(Cl)cc5Cl)cc6)c7=O ,,0,
Adenot,,,ketoconazole,CC(=O)N1CCN(CC1)c5ccc(OCC3COC(Cn2ccnc2)(O3)c4ccc(Cl)cc4Cl)cc5 ,CC(=O)N1CCN(CC1)c5ccc(OCC3COC(Cn2ccnc2)(O3)c4ccc(Cl)cc4Cl)cc5 ,,0,
Adenot,,,kitasamycin,COC1C(O)CC(=O)OC(C)CC=CC=CC(O)C(C)CC(CC=O)C1OC1OC(C)C(OC2CC(C)(O)C(O)C(C)O2)C(C1O)N(C)C,COC1C(O)CC(=O)OC(C)CC=CC=CC(O)C(C)CC(CC=O)C1OC1OC(C)C(OC2CC(C)(O)C(O)C(C)O2)C(C1O)N(C)C,,0,
Adenot,,,lenampicillin,Cc1oc(=O)oc1COC(=O)C2N4C(SC2(C)C)C(NC(=O)C(N)c3ccccc3)C4=O ,Cc1oc(=O)oc1COC(=O)C2N4C(SC2(C)C)C(NC(=O)C(N)c3ccccc3)C4=O ,,0,
Adenot,,,lenapenem,CNCCC(O)C1CC(CN1)SC2=C(N3C(C2C)C(C(C)O)C3=O)C(O)=O ,CNCCC(O)C1CC(CN1)SC2=C(N3C(C2C)C(C(C)O)C3=O)C(O)=O ,,0,
Adenot,,,leurubicin,COc4cccc5C(=O)c3c(O)c2CC(O)(CC(OC1CC(NC(=O)C(N)CC(C)C)C(O)C(C)O1)c2c(O)c3C(=O)c45)C(=O)CO ,COc4cccc5C(=O)c3c(O)c2CC(O)(CC(OC1CC(NC(=O)C(N)CC(C)C)C(O)C(C)O1)c2c(O)c3C(=O)c45)C(=O)CO ,,0,
Adenot,,,levodopa,NC(Cc1ccc(O)c(O)c1)C(O)=O ,NC(Cc1ccc(O)c(O)c1)C(O)=O ,,0,
Adenot,,,levofloxacin,CC2COc3c(N1CCN(C)CC1)c(F)cc4c(=O)c(cn2c34)C(O)=O ,CC2COc3c(N1CCN(C)CC1)c(F)cc4C(=O)C(=CN2c34)C(O)=O ,,0,
Adenot,,,lexithromycin,CCC3OC(=O)C(C)C(OC1CC(C)(OC)C(O)C(C)O1)C(C)C(OC2OC(C)CC(C2O)N(C)C)C(C)(O)CC(C)C(=NOC)C(C)C(O)C3(C)O ,CCC3OC(=O)C(C)C(OC1CC(C)(OC)C(O)C(C)O1)C(C)C(OC2OC(C)CC(C2O)N(C)C)C(C)(O)CC(C)C(=NOC)C(C)C(O)C3(C)O ,,0,
Adenot,,,lincomycin,CCCC1CC(N(C)C1)C(=O)NC(C(C)O)C2OC(SC)C(O)C(O)C2O ,CCCC1CC(N(C)C1)C(=O)NC(C(C)O)C2OC(SC)C(O)C(O)C2O ,,0,
Adenot,,,loracarbef,NC(C(=O)NC2C1CCC(=C(N1C2=O)C(O)=O)Cl)c3ccccc3 ,NC(C(=O)NC2C1CCC(=C(N1C2=O)C(O)=O)Cl)c3ccccc3 ,,0,
Adenot,,,losartan,CCCCc1nc(Cl)c(CO)n1Cc2ccc(cc2)c3ccccc3c4nnn[nH]4 ,CCCCc1nc(Cl)c(CO)n1Cc2ccc(cc2)c3ccccc3c4nnn[nH]4 ,,0,
Adenot,,,lymecycline,CN(C)C2C1CC4C(=C(O)C1(O)C(=O)C(=C2O)C(=O)NCNCCCCC(N)C(O)=O)C(=O)c3c(O)cccc3C4(C)O ,CN(C)C2C1CC4C(=C(O)C1(O)C(=O)C(=C2O)C(=O)NCNCCCCC(N)C(O)=O)C(=O)c3c(O)cccc3C4(C)O ,,0,
Adenot,,,mecillinam,CC3(C)SC2C(N=CN1CCCCCC1)C(=O)N2C3C(O)=O ,CC3(C)SC2C(N=CN1CCCCCC1)C(=O)N2C3C(O)=O ,,0,
Adenot,,,meclocycline,CN(C)C4C3C(O)C2C(=C)c1c(Cl)ccc(O)c1C(=O)C2=C(O)C3(O)C(=O)C(=C4O)C(N)=O ,CN(C)C4C3C(O)C2C(=C)c1c(Cl)ccc(O)c1C(=O)C2=C(O)C3(O)C(=O)C(=C4O)C(N)=O ,,0,
Adenot,,,mecloxamine,CC(CN(C)C)OC(C)(c1ccccc1)c2ccc(Cl)cc2 ,CC(CN(C)C)OC(C)(c1ccccc1)c2ccc(Cl)cc2 ,,0,
Adenot,,,medorubicin,CC1OC(CC(N)C1O)OC4CC(O)(Cc5c(O)c3C(=O)c2ccccc2C(=O)c3c(O)c45)C(=O)CO ,CC1OC(CC(N)C1O)OC4CC(O)(Cc5c(O)c3C(=O)c2ccccc2C(=O)c3c(O)c45)C(=O)CO ,,0,
Adenot,,,meropenem,CC(O)C2C1C(C)C(=C(N1C2=O)C(O)=O)SC3CNC(C3)C(=O)N(C)C ,CC(O)C2C1C(C)C(=C(N1C2=O)C(O)=O)SC3CNC(C3)C(=O)N(C)C ,,0,
Adenot,,,metampicillin,CC3(C)SC2C(NC(=O)C(N=C)c1ccccc1)C(=O)N2C3C(O)=O ,CC3(C)SC2C(NC(=O)C(N=C)c1ccccc1)C(=O)N2C3C(O)=O ,,0,
Adenot,,,meticillin (tameticillin),CCN(CC)CCOC(=O)C1N3C(SC1(C)C)C(NC(=O)c2c(OC)cccc2OC)C3=O ,CCN(CC)CCOC(=O)C1N3C(SC1(C)C)C(NC(=O)c2c(OC)cccc2OC)C3=O ,,0,
Adenot,,,mezlocillin,CC4(C)SC3C(NC(=O)C(NC(=O)N1CCN(C1=O)S(C)(=O)=O)c2ccccc2)C(=O)N3C4C(O)=O ,CC4(C)SC3C(NC(=O)C(NC(=O)N1CCN(C1=O)S(C)(=O)=O)c2ccccc2)C(=O)N3C4C(O)=O ,,0,
Adenot,,,mibefradil,COCC(=O)OC4(CCN(C)CCCc2nc1ccccc1[nH]2)CCc3cc(F)ccc3C4C(C)C ,COCC(=O)OC4(CCN(C)CCCc2nc1ccccc1[nH]2)CCc3cc(F)ccc3C4C(C)C ,,0,
Adenot,,,midecamycin,CCC(=O)OC3CC(=O)OC(C)CC=CC=CC(O)C(C)CC(CC=O)C(OC2OC(C)C(OC1CC(C)(O)C(OC(=O)CC)C(C)O1)C(C2O)N(C)C)C3OC ,CCC(=O)OC3CC(=O)OC(C)CC=CC=CC(O)C(C)CC(CC=O)C(OC2OC(C)C(OC1CC(C)(O)C(OC(=O)CC)C(C)O1)C(C2O)N(C)C)C3OC ,,0,
Adenot,,,mikamycin (pristinamycin-ia),CCC5NC(=O)C(NC(=O)c1ncccc1O)C(C)OC(=O)C(NC(=O)C2CC(=O)CCN2C(=O)C(Cc3ccc(cc3)N(C)C)N(C)C(=O)C4CCCN4C5=O)c6ccccc6,CCC5NC(=O)C(NC(=O)c1ncccc1O)C(C)OC(=O)C(NC(=O)C2CC(=O)CCN2C(=O)C(Cc3ccc(cc3)N(C)C)N(C)C(=O)C4CCCN4C5=O)c6ccccc6,,0,
Adenot,,,minocycline,CN(C)C4C3CC2Cc1c(ccc(O)c1C(=O)C2=C(O)C3(O)C(=O)C(=C4O)C(N)=O)N(C)C ,CN(C)C4C3CC2Cc1c(ccc(O)c1C(=O)C2=C(O)C3(O)C(=O)C(=C4O)C(N)=O)N(C)C ,,0,
Adenot,,,mirincamycin,CCCCCC1CNC(C1)C(=O)NC(C(C)Cl)C2OC(SC)C(O)C(O)C2O ,CCCCCC1CNC(C1)C(=O)NC(C(C)Cl)C2OC(SC)C(O)C(O)C2O ,,0,
Adenot,,,mitomycin,COC23C1NC1CN2C4=C(C3COC(N)=O)C(=O)C(=C(C)C4=O)N ,COC23C1NC1CN2C4=C(C3COC(N)=O)C(=O)C(=C(C)C4=O)N ,,0,
Adenot,,,moxalactam (latamoxef),COC3(NC(=O)C(C(O)=O)c1ccc(O)cc1)C2OCC(=C(N2C3=O)C(O)=O)CSc4nnnn4C,COC3(NC(=O)C(C(O)=O)c1ccc(O)cc1)C2OCC(=C(N2C3=O)C(O)=O)CSc4nnnn4C,,0,
Adenot,,,nadolol,CC(C)(C)NCC(O)COc1cccc2CC(O)C(O)Cc12 ,CC(C)(C)NCC(O)COc1cccc2CC(O)C(O)Cc12 ,,0,
Adenot,,,nalidixic-acid,CCn1cc(C(O)=O)c(=O)c2ccc(C)nc12 ,CCn1cc(C(O)=O)c(=O)c2ccc(C)nc12 ,,0,
Adenot,,,neamine (neomycin),NCC2OC(OC1C(N)CC(N)C(O)C1O)C(N)C(O)C2O,NCC2OC(OC1C(N)CC(N)C(O)C1O)C(N)C(O)C2O,,0,
Adenot,,,nelfinavir,Cc1c(O)cccc1C(=O)NC(CSc2ccccc2)C(O)CN4CC3CCCCC3CC4C(=O)NC(C)(C)C ,Cc1c(O)cccc1C(=O)NC(CSc2ccccc2)C(O)CN4CC3CCCCC3CC4C(=O)NC(C)(C)C ,,0,
Adenot,,,neomycinbas2ethylbutyrate (framycetin),NCC4OC(OC3C(CO)OC(OC1C(O)C(N)CC(N)C1OC2OC(CN)C(O)C(O)C2N)C3O)C(N)C(O)C4O,NCC4OC(OC3C(CO)OC(OC1C(O)C(N)CC(N)C1OC2OC(CN)C(O)C(O)C2N)C3O)C(N)C(O)C4O,,0,
Adenot,,,netilmicin,CCNC2CC(N)C(OC1OC(=CCC1N)CN)C(O)C2OC3OCC(C)(O)C(NC)C3O ,CCNC2CC(N)C(OC1OC(=CCC1N)CN)C(O)C2OC3OCC(C)(O)C(NC)C3O ,,0,
Adenot,,,nicardipine,COC(=O)C1=C(C)NC(=C(C1c2cccc(c2)N(=O)=O)C(=O)OCCN(C)Cc3ccccc3)C ,COC(=O)C1=C(C)NC(=C(C1c2cccc(c2)N(=O)=O)C(=O)OCCN(C)Cc3ccccc3)C ,,0,
Adenot,,,nifedipine,COC(=O)C1=C(C)NC(=C(C1c2ccccc2N(=O)=O)C(=O)OC)C ,COC(=O)C1=C(C)NC(=C(C1c2ccccc2N(=O)=O)C(=O)OC)C ,,0,
Adenot,,,nitrocycline,CN(C)C4C3CC2Cc1c(ccc(O)c1C(=O)C2=C(O)C3(O)C(=O)C(=C4O)C(N)=O)N(=O)=O ,CN(C)C4C3CC2Cc1c(ccc(O)c1C(=O)C2=C(O)C3(O)C(=O)C(=C4O)C(N)=O)N(=O)=O ,,0,
Adenot,,,norfenefrine,NCC(O)c1cccc(O)c1,NCC(O)c1cccc(O)c1,,0,
Adenot,,,novobiocin,COC4C(OC(N)=O)C(O)C(Oc3ccc2c(O)c(NC(=O)c1ccc(O)c(CC=C(C)C)c1)c(=O)oc2c3C)OC4(C)C ,COC4C(OC(N)=O)C(O)C(Oc3ccc2c(O)c(NC(=O)c1ccc(O)c(CC=C(C)C)c1)c(=O)oc2c3C)OC4(C)C ,,0,
Adenot,,,oleandomycin,COC1CC(OC(C)C1O)OC4C(C)C(OC2OC(C)CC(C2O)N(C)C)C(C)CC3(CO3)C(=O)C(C)C(O)C(C)C(C)OC(=O)C4C ,COC1CC(OC(C)C1O)OC4C(C)C(OC2OC(C)CC(C2O)N(C)C)C(C)CC3(CO3)C(=O)C(C)C(O)C(C)C(C)OC(=O)C4C ,,0,
Adenot,,,oximonam,CON=C(C(=O)NC1C(C)N(OCC(O)=O)C1=O)c2csc(N)n2 ,CON=C(C(=O)NC1C(C)N(OCC(O)=O)C1=O)c2csc(N)n2 ,,0,
Adenot,,,oxytetracycline,CN(C)C2C1C(O)C4C(=C(O)C1(O)C(=O)C(=C2O)C(N)=O)C(=O)c3c(O)cccc3C4(C)O ,CN(C)C2C1C(O)C4C(=C(O)C1(O)C(=O)C(=C2O)C(N)=O)C(=O)c3c(O)cccc3C4(C)O ,,0,
Adenot,,,paclitaxel,CC(=O)OC6C(=O)C2(C)C(O)CC1OCC1(OC(C)=O)C2C(OC(=O)c3ccccc3)C7(O)CC(OC(=O)C(O)C(NC(=O)c4ccccc4)c5ccccc5)C(=C6C7(C)C)C ,CC(=O)OC6C(=O)C2(C)C(O)CC1OCC1(OC(C)=O)C2C(OC(=O)c3ccccc3)C7(O)CC(OC(=O)C(O)C(NC(=O)c4ccccc4)c5ccccc5)C(=C6C7(C)C)C ,,0,
Adenot,,,pecocycline,CN(C)C2C1CC5C(=C(O)C1(O)C(=O)C(=C2O)C(=O)NCN3CCCC(C3)C(O)=O)C(=O)c4c(O)cccc4C5(C)O ,CN(C)C2C1CC5C(=C(O)C1(O)C(=O)C(=C2O)C(=O)NCN3CCCC(C3)C(O)=O)C(=O)c4c(O)cccc4C5(C)O ,,0,
Adenot,,,penamecillin,CC(=O)OCOC(=O)C1N3C(SC1(C)C)C(NC(=O)Cc2ccccc2)C3=O ,CC(=O)OCOC(=O)C1N3C(SC1(C)C)C(NC(=O)Cc2ccccc2)C3=O ,,0,
Adenot,,,penicillin G (benzylpenicillin),CC3(C)SC2C(NC(=O)Cc1ccccc1)C(=O)N2C3C(O)=O ,CC3(C)SC2C(NC(=O)Cc1ccccc1)C(=O)N2C3C(O)=O ,,0,
Adenot,,,penimocycline,CN(C)C2C1CC7C(=C(O)C1(O)C(=O)C(=C2O)C(=O)NCNC(C(=O)NC4C3SC(C)(C)C(N3C4=O)C(O)=O)c5ccccc5)C(=O)c6c(O)cccc6C7(C)O ,CN(C)C2C1CC7C(=C(O)C1(O)C(=O)C(=C2O)C(=O)NCNC(C(=O)NC4C3SC(C)(C)C(N3C4=O)C(O)=O)c5ccccc5)C(=O)c6c(O)cccc6C7(C)O ,,0,
Adenot,,,pipacycline,CN(C)C2C1CC5C(=C(O)C1(O)C(=O)C(=C2O)C(=O)NCN3CCN(CCO)CC3)C(=O)c4c(O)cccc4C5(C)O ,CN(C)C2C1CC5C(=C(O)C1(O)C(=O)C(=C2O)C(=O)NCN3CCN(CCO)CC3)C(=O)c4c(O)cccc4C5(C)O ,,0,
Adenot,,,piperacillin,CCN4CCN(C(=O)NC(C(=O)NC2C1SC(C)(C)C(N1C2=O)C(O)=O)c3ccccc3)C(=O)C4=O ,CCN4CCN(C(=O)NC(C(=O)NC2C1SC(C)(C)C(N1C2=O)C(O)=O)c3ccccc3)C(=O)C4=O ,,0,
Adenot,,,pirarubicin,COc5cccc6C(=O)c4c(O)c3CC(O)(CC(OC2CC(N)C(OC1CCCCO1)C(C)O2)c3c(O)c4C(=O)c56)C(=O)CO ,COc5cccc6C(=O)c4c(O)c3CC(O)(CC(OC2CC(N)C(OC1CCCCO1)C(C)O2)c3c(O)c4C(=O)c56)C(=O)CO ,,0,
Adenot,,,pirbenicillin,CC4(C)SC3C(NC(=O)C(NC(=O)CNC(=N)c1ccncc1)c2ccccc2)C(=O)N3C4C(O)=O ,CC4(C)SC3C(NC(=O)C(NC(=O)CNC(=N)c1ccncc1)c2ccccc2)C(=O)N3C4C(O)=O ,,0,
Adenot,,,piridicillin,CC5(C)SC4C(NC(=O)C(NC(=O)c1ccc([nH]c1=O)c2ccc(cc2)S(=O)(=O)N(CCO)CCO)c3ccc(O)cc3)C(=O)N4C5C(O)=O ,CC5(C)SC4C(NC(=O)C(NC(=O)c1ccc([nH]c1=O)c2ccc(cc2)S(=O)(=O)N(CCO)CCO)c3ccc(O)cc3)C(=O)N4C5C(O)=O ,,0,
Adenot,,,piroxicillin,CC5(C)SC4C(NC(=O)C(NC(=O)Nc2cnc(Nc1ccc(cc1)S(N)(=O)=O)nc2O)c3ccc(O)cc3)C(=O)N4C5C(O)=O ,CC5(C)SC4C(NC(=O)C(NC(=O)Nc2cnc(Nc1ccc(cc1)S(N)(=O)=O)nc2O)c3ccc(O)cc3)C(=O)N4C5C(O)=O ,,0,
Adenot,,,pivampicillin,CC(C)(C)C(=O)OCOC(=O)C1N3C(SC1(C)C)C(NC(=O)C(N)c2ccccc2)C3=O ,CC(C)(C)C(=O)OCOC(=O)C1N3C(SC1(C)C)C(NC(=O)C(N)c2ccccc2)C3=O ,,0,
Adenot,,,pivenfrine,CNCC(O)c1cccc(OC(=O)C(C)(C)C)c1 ,CNCC(O)c1cccc(OC(=O)C(C)(C)C)c1 ,,0,
Adenot,,,prazocillin,Cc1cnn(c1C(=O)NC3C2SC(C)(C)C(N2C3=O)C(O)=O)c4c(Cl)cccc4Cl ,Cc1cnn(c1C(=O)NC3C2SC(C)(C)C(N2C3=O)C(O)=O)c4c(Cl)cccc4Cl ,,0,
Adenot,,,propikacin,NCC3OC(OC2C(N)CC(NC(CO)CO)C(OC1OC(CO)C(O)C(N)C1O)C2O)C(N)C(O)C3O ,NCC3OC(OC2C(N)CC(NC(CO)CO)C(OC1OC(CO)C(O)C(N)C1O)C2O)C(N)C(O)C3O ,,0,
Adenot,,,propranolol,CC(C)NCC(O)COc1cccc2ccccc12 ,CC(C)NCC(O)COc1cccc2ccccc12 ,,0,
Adenot,,,quinacillin,CC4(C)SC3C(NC(=O)c2nc1ccccc1nc2C(O)=O)C(=O)N3C4C(O)=O ,CC4(C)SC3C(NC(=O)c2nc1ccccc1nc2C(O)=O)C(=O)N3C4C(O)=O ,,0,
Adenot,,,rifabutin,COC6C=COC5(C)Oc4c(C)c(O)c3C(=O)C(=C2NC1(CCN(CC1)CC(C)C)N=C2c3c4C5=O)NC(=O)C(=CC=CC(C)C(O)C(C)C(O)C(C)C(OC(C)=O)C6C)C ,COC6C=COC5(C)Oc4c(C)c(O)c3C(=O)C(=C2NC1(CCN(CC1)CC(C)C)N=C2c3c4C5=O)NC(=O)C(=CC=CC(C)C(O)C(C)C(O)C(C)C(OC(C)=O)C6C)C ,,0,
Adenot,,,rifametane,CCN(CC)C(C)=NN=Cc1c(O)c2c3C(=O)C4(C)OC=CC(OC)C(C)C(OC(C)=O)C(C)C(O)C(C)C(O)C(C)C=CC=C(C)C(=O)Nc1c(O)c2c(O)c(C)c3O4 ,CCN(CC)C(C)=NN=Cc1c(O)c2c3C(=O)C4(C)OC=CC(OC)C(C)C(OC(C)=O)C(C)C(O)C(C)C(O)C(C)C=CC=C(C)C(=O)Nc1c(O)c2c(O)c(C)c3O4 ,,0,
Adenot,,,rifamexil,CCN(CC)c1nc3c(s1)c2NC(=O)C(=CC=CC(C)C(O)C(C)C(O)C(C)C(OC(C)=O)C(C)C(OC)C=COC5(C)Oc4c(C)c(O)c(c2O)c3c4C5=O)C ,CCN(CC)c1nc3c(s1)c2NC(=O)C(=CC=CC(C)C(O)C(C)C(O)C(C)C(OC(C)=O)C(C)C(OC)C=COC5(C)Oc4c(C)c(O)c(c2O)c3c4C5=O)C ,,0,
Adenot,,,rifamide,CCN(CC)C(=O)COc2cc1NC(=O)C(=CC=CC(C)C(O)C(C)C(O)C(C)C(OC(C)=O)C(C)C(OC)C=COC4(C)Oc3c(C)c(O)c(c1O)c2c3C4=O)C ,CCN(CC)C(=O)COc2cc1NC(=O)C(=CC=CC(C)C(O)C(C)C(O)C(C)C(OC(C)=O)C(C)C(OC)C=COC4(C)Oc3c(C)c(O)c(c1O)c2c3C4=O)C ,,0,
Adenot,,,rifampin (rifampicin),COC1C=COC5(C)Oc4c(C)c(O)c3c(O)c(NC(=O)C(=CC=CC(C)C(O)C(C)C(O)C(C)C(OC(C)=O)C1C)C)c(C=NN2CCN(C)CC2)c(O)c3c4C5=O ,COC1C=COC5(C)Oc4c(C)c(O)c3c(O)c(NC(=O)C(=CC=CC(C)C(O)C(C)C(O)C(C)C(OC(C)=O)C1C)C)c(C=NN2CCN(C)CC2)c(O)c3c4C5=O ,,0,
Adenot,,,rifamycin,COC1C=COC4(C)Oc3c(C)c(O)c2c(O)c(NC(=O)C(=CC=CC(C)C(O)C(C)C(O)C(C)C(OC(C)=O)C1C)C)cc(O)c2c3C4=O ,COC1C=COC4(C)Oc3c(C)c(O)c2c(O)c(NC(=O)C(=CC=CC(C)C(O)C(C)C(O)C(C)C(OC(C)=O)C1C)C)cc(O)c2c3C4=O ,,0,
Adenot,,,rifapentine,COC1C=COC6(C)Oc5c(C)c(O)c4c(O)c(NC(=O)C(=CC=CC(C)C(O)C(C)C(O)C(C)C(OC(C)=O)C1C)C)c(C=NN2CCN(CC2)C3CCCC3)c(O)c4c5C6=O ,COC1C=COC6(C)Oc5c(C)c(O)c4c(O)c(NC(=O)C(=CC=CC(C)C(O)C(C)C(O)C(C)C(OC(C)=O)C1C)C)c(C=NN2CCN(CC2)C3CCCC3)c(O)c4c5C6=O ,,0,
Adenot,,,rifaximin,COC1C=COC6(C)Oc5c(C)c(O)c4c(O)c(NC(=O)C(=CC=CC(C)C(O)C(C)C(O)C(C)C(OC(C)=O)C1C)C)c2c(nc3cc(C)ccn23)c4c5C6=O ,COC1C=COC6(C)Oc5c(C)c(O)c4c(O)c(NC(=O)C(=CC=CC(C)C(O)C(C)C(O)C(C)C(OC(C)=O)C1C)C)c2c(nc3cc(C)ccn23)c4c5C6=O ,,0,
Adenot,,,ritipenem,CC(O)C1C2SC(=C(N2C1=O)C(O)=O)COC(N)=O,CC(O)C1C2SC(=C(N2C1=O)C(O)=O)COC(N)=O,,0,
Adenot,,,ritonavir,CC(C)C(NC(=O)N(C)Cc1csc(n1)C(C)C)C(=O)NC(CC(O)C(Cc2ccccc2)NC(=O)OCc3cncs3)Cc4ccccc4 ,CC(C)C(NC(=O)N(C)Cc1csc(n1)C(C)C)C(=O)NC(CC(O)C(Cc2ccccc2)NC(=O)OCc3cncs3)Cc4ccccc4 ,,0,
Adenot,,,rodorubicin,CCC8(O)CC(OC4CC(C(OC3CC2OC1CC(=O)C(C)OC1OC2C(C)O3)C(C)O4)N(C)C)c7c(O)c6C(=O)c5c(O)cccc5C(=O)c6c(O)c7C8OC9CC(C(O)C(C)O9)N(C)C ,CCC8(O)CC(OC4CC(C(OC3CC2OC1CC(=O)C(C)OC1OC2C(C)O3)C(C)O4)N(C)C)c7c(O)c6C(=O)c5c(O)cccc5C(=O)c6c(O)c7C8OC9CC(C(O)C(C)O9)N(C)C ,,0,
Adenot,,,rolitetracycline,CN(C)C2C1CC5C(=C(O)C1(O)C(=O)C(=C2O)C(=O)NCN3CCCC3)C(=O)c4c(O)cccc4C5(C)O ,CN(C)C2C1CC5C(=C(O)C1(O)C(=O)C(=C2O)C(=O)NCN3CCCC3)C(=O)c4c(O)cccc4C5(C)O ,,0,
Adenot,,,rotamicillin,CC5(C)SC4C(NC(=O)C(NC(=O)Cc1ccc(cc1)C2=NCCCN2)c3ccccc3)C(=O)N4C5C(O)=O ,CC5(C)SC4C(NC(=O)C(NC(=O)Cc1ccc(cc1)C2=NCCCN2)c3ccccc3)C(=O)N4C5C(O)=O ,,0,
Adenot,,,roxithromycin,CCC3OC(=O)C(C)C(OC1CC(C)(OC)C(O)C(C)O1)C(C)C(OC2OC(C)CC(C2O)N(C)C)C(C)(O)CC(C)C(=NOCOCCOC)C(C)C(O)C3(C)O ,CCC3OC(=O)C(C)C(OC1CC(C)(OC)C(O)C(C)O1)C(C)C(OC2OC(C)CC(C2O)N(C)C)C(C)(O)CC(C)C(=NOCOCCOC)C(C)C(O)C3(C)O ,,0,
Adenot,,,saquinavir,CC(C)(C)NC(=O)C2CC1CCCCC1CN2CC(O)C(Cc3ccccc3)NC(=O)C(CC(N)=O)NC(=O)c5ccc4ccccc4n5,CC(C)(C)NC(=O)C2CC1CCCCC1CN2CC(O)C(Cc3ccccc3)NC(=O)C(CC(N)=O)NC(=O)c5ccc4ccccc4n5,,0,
Adenot,,,sarmoxicillin,COCOC(=O)C1N4C(SC1(C)C)C(N2C(=O)C(NC2(C)C)c3ccc(O)cc3)C4=O ,COCOC(=O)C1N4C(SC1(C)C)C(N2C(=O)C(NC2(C)C)c3ccc(O)cc3)C4=O ,,0,
Adenot,,,sarpicillin,COCOC(=O)C1N4C(SC1(C)C)C(N2C(=O)C(NC2(C)C)c3ccccc3)C4=O ,COCOC(=O)C1N4C(SC1(C)C)C(N2C(=O)C(NC2(C)C)c3ccccc3)C4=O ,,0,
Adenot,,,sedecamycin,CC2C1CC(OC(C)=O)C=CC(=CCC(O)C=CC(=CC(NC(=O)C(C)=O)C(C)(C(=O)O1)C2=O)C)C ,CC2C1CC(OC(C)=O)C=CC(=CCC(O)C=CC(=CC(NC(=O)C(C)=O)C(C)(C(=O)O1)C2=O)C)C ,,0,
Adenot,,,sisomicin,CNC1C(O)C(OCC1(C)O)OC3C(N)CC(N)C(OC2OC(=CCC2N)CN)C3O ,CNC1C(O)C(OCC1(C)O)OC3C(N)CC(N)C(OC2OC(=CCC2N)CN)C3O ,,0,
Adenot,,,spiramycin,COC1C(O)CC(=O)OC(C)CC=CC=CC(OC2CCC(C(C)O2)N(C)C)C(C)CC(CC=O)C1OC1OC(C)C(OC2CC(C)(O)C(O)C(C)O2)C(C1O)N(C)C,COC1C(O)CC(=O)OC(C)CC=CC=CC(OC2CCC(C(C)O2)N(C)C)C(C)CC(CC=O)C1OC1OC(C)C(OC2CC(C)(O)C(O)C(C)O2)C(C1O)N(C)C,,0,
Adenot,,,streptomycin,CNC1C(O)C(O)C(CO)OC1OC2C(OC(C)C2(O)C=O)OC3C(O)C(O)C(NC(N)=N)C(O)C3NC(N)=N ,CNC1C(O)C(O)C(CO)OC1OC2C(OC(C)C2(O)C=O)OC3C(O)C(O)C(NC(N)=N)C(O)C3NC(N)=N ,,0,
Adenot,,,sulbenicillin,CC3(C)SC2C(NC(=O)C(c1ccccc1)S(O)(=O)=O)C(=O)N2C3C(O)=O ,CC3(C)SC2C(NC(=O)C(c1ccccc1)S(O)(=O)=O)C(=O)N2C3C(O)=O ,,0,
Adenot,,,sulopenem,CC(O)C2C1SC(=C(N1C2=O)C(O)=O)F ,CC(O)C2C1SC(=C(N1C2=O)C(O)=O)F ,,0,
Adenot,,,sultamicillin,CC3(C)SC2C(NC(=O)C(N)c1ccccc1)C(=O)N2C3C(=O)OCOC(=O)C5N4C(CC4=O)S(=O)(=O)C5(C)C ,CC3(C)SC2C(NC(=O)C(N)c1ccccc1)C(=O)N2C3C(=O)OCOC(=O)C5N4C(CC4=O)S(=O)(=O)C5(C)C ,,0,
Adenot,,,suncillin,CC3(C)SC2C(NC(=O)C(NS(O)(=O)=O)c1ccccc1)C(=O)N2C3C(O)=O ,CC3(C)SC2C(NC(=O)C(NS(O)(=O)=O)c1ccccc1)C(=O)N2C3C(O)=O ,,0,
Adenot,,,tacrolimus,COC1CC(CCC1O)C=C(C)C3OC(=O)C2CCCCN2C(=O)C(=O)C4(O)OC(C(CC(C)CC(=CC(CC=C)C(=O)CC(O)C3C)C)OC)C(CC4C)OC ,COC1CC(CCC1O)C=C(C)C3OC(=O)C2CCCCN2C(=O)C(=O)C4(O)OC(C(CC(C)CC(=CC(CC=C)C(=O)CC(O)C3C)C)OC)C(CC4C)OC ,,0,
Adenot,,,talampicillin,CC3(C)SC2C(NC(=O)C(N)c1ccccc1)C(=O)N2C3C(=O)OC4OC(=O)c5ccccc45 ,CC3(C)SC2C(NC(=O)C(N)c1ccccc1)C(=O)N2C3C(=O)OC4OC(=O)c5ccccc45 ,,0,
Adenot,,,tazobactam,CC3(Cn1ccnn1)C(N2C(CC2=O)S3(=O)=O)C(O)=O ,CC3(Cn1ccnn1)C(N2C(CC2=O)S3(=O)=O)C(O)=O ,,0,
Adenot,,,teicoplanin,COC(=O)C1NC(=O)C2NC(=O)C(NC(=O)C3NC(=O)C4NC(=O)C(NC(=O)C(N)c5ccc(c(c5)Oc5cc4cc(c5C)O)O)C(O)c4ccc(c(c4)Cl)Oc4cc3cc(c4O)Oc3ccc(cc3Cl)C2OC2OC(CO)C(O)C(O)C2NC(C)=O)c2ccc(c(c2)c2c(cc(cc21)O)O)O,COC(=O)C1NC(=O)C2NC(=O)C(NC(=O)C3NC(=O)C4NC(=O)C(NC(=O)C(N)c5ccc(c(c5)Oc5cc4cc(c5C)O)O)C(O)c4ccc(c(c4)Cl)Oc4cc3cc(c4O)Oc3ccc(cc3Cl)C2OC2OC(CO)C(O)C(O)C2NC(C)=O)c2ccc(c(c2)c2c(cc(cc21)O)O)O,,0,
Adenot,,,teniposide,COc1cc(cc(OC)c1OC)C7C2C(COC2=O)C(OC4OC3COC(OC3C(O)C4O)c5cccs5)c8cc6OCOc6cc78 ,COc1cc(cc(OC)c1OC)C7C2C(COC2=O)C(OC4OC3COC(OC3C(O)C4O)c5cccs5)c8cc6OCOc6cc78 ,,0,
Adenot,,,terfenadine,CC(C)(C)c1ccc(cc1)C(O)CCCN2CCC(CC2)C(O)(c3ccccc3)c4ccccc4 ,CC(C)(C)c1ccc(cc1)C(O)CCCN2CCC(CC2)C(O)(c3ccccc3)c4ccccc4 ,,0,
Adenot,,,theodrenaline,Cn3c(=O)n(C)c2ncn(CCNCC(O)c1ccc(O)c(O)c1)c2c3=O ,Cn3c(=O)n(C)c2ncn(CCNCC(O)c1ccc(O)c(O)c1)c2c3=O ,,0,
Adenot,,,thiphencillin (tifencillin),CC3(C)SC2C(NC(=O)CSc1ccccc1)C(=O)N2C3C(O)=O,CC3(C)SC2C(NC(=O)CSc1ccccc1)C(=O)N2C3C(O)=O,,0,
Adenot,,,tigemonam,CC2(C)C(NCC(=NOCC(O)=O)c1csc(N)n1)C(=O)N2OS(O)(=O)=O ,CC2(C)C(NCC(=NOCC(O)=O)c1csc(N)n1)C(=O)N2OS(O)(=O)=O ,,0,
Adenot,,,tobicillin,CC(C)C(=O)OCc1cccc(c1)OC(=O)C1N2C(SC1(C)C)C(NC(=O)Cc1ccccc1)C2=O,CC(C)C(=O)OCc1cccc(c1)OC(=O)C1N2C(SC1(C)C)C(NC(=O)Cc1ccccc1)C2=O,,0,
Adenot,,,tobramycin,NCC3OC(OC2C(N)CC(N)C(OC1OC(CO)C(O)C(N)C1O)C2O)C(N)CC3O ,NCC3OC(OC2C(N)CC(N)C(OC1OC(CO)C(O)C(N)C1O)C2O)C(N)CC3O ,,0,
Adenot,,,tolcapone,Cc1ccc(cc1)C(=O)c2cc(O)c(O)c(c2)N(=O)=O ,Cc1ccc(cc1)C(=O)c2cc(O)c(O)c(c2)N(=O)=O ,,0,
Adenot,,,topotecan,CCC1(O)C(=O)OCc5c1cc3n(Cc4cc2c(CN(C)C)c(O)ccc2nc34)c5=O ,CCC1(O)C(=O)OCc5c1cc3n(Cc4cc2c(CN(C)C)c(O)ccc2nc34)c5=O ,,0,
Adenot,,,troleandomycin,COC1CC(OC(C)C1OC(C)=O)OC4C(C)C(OC2OC(C)CC(C2OC(C)=O)N(C)C)C(C)CC3(CO3)C(=O)C(C)C(OC(C)=O)C(C)C(C)OC(=O)C4C ,COC1CC(OC(C)C1OC(C)=O)OC4C(C)C(OC2OC(C)CC(C2OC(C)=O)N(C)C)C(C)CC3(CO3)C(=O)C(C)C(OC(C)=O)C(C)C(C)OC(=O)C4C ,,0,
Adenot,,,trospectomycin,CCCCC3CC(=O)C2(O)OC1C(NC)C(O)C(NC)C(O)C1OC2O3 ,CCCCC3CC(=O)C2(O)OC1C(NC)C(O)C(NC)C(O)C1OC2O3 ,,0,
Adenot,,,tymazoline,CC(C)c1ccc(C)cc1OCC2=NCCN2 ,CC(C)c1ccc(C)cc1OCC2=NCCN2 ,,0,
Adenot,,,valinomycin,CC(C)C1NC(=O)C(C)OC(=O)C(NC(=O)C(C)COC(=O)C(NC(=O)C(C)OC(=O)C(NC(=O)C(OC(=O)C(NC(=O)C(C)OC(=O)C(NC(=O)C(C)COC1=O)C(C)C)C(C)C)C(C)C)C(C)C)C(C)C)C(C)C ,CC(C)C1NC(=O)C(C)OC(=O)C(NC(=O)C(C)COC(=O)C(NC(=O)C(C)OC(=O)C(NC(=O)C(OC(=O)C(NC(=O)C(C)OC(=O)C(NC(=O)C(C)COC1=O)C(C)C)C(C)C)C(C)C)C(C)C)C(C)C)C(C)C ,,0,
Adenot,,,vancomycin,CNC(CC(C)C)C(=O)NC1C(O)c2ccc(c(c2)Cl)Oc2cc3cc(c2OC2OC(CO)C(O)C(O)C2OC2CC(C)(N)C(O)C(C)O2)Oc2ccc(cc2Cl)C(O)C2NC(=O)C(NC(=O)C3NC(=O)C(CC(N)=O)NC1=O)c1ccc(c(c1)c1c(cc(cc1C(NC2=O)C(O)=O)O)O)O,CNC(CC(C)C)C(=O)NC1C(O)c2ccc(c(c2)Cl)Oc2cc3cc(c2OC2OC(CO)C(O)C(O)C2OC2CC(C)(N)C(O)C(C)O2)Oc2ccc(cc2Cl)C(O)C2NC(=O)C(NC(=O)C3NC(=O)C(CC(N)=O)NC1=O)c1ccc(c(c1)c1c(cc(cc1C(NC2=O)C(O)=O)O)O)O,,0,
Adenot,,,verapamil,COc2ccc(CCN(C)CCCC(C#N)(C(C)C)c1ccc(OC)c(OC)c1)cc2OC ,COc2ccc(CCN(C)CCCC(C#N)(C(C)C)c1ccc(OC)c(OC)c1)cc2OC ,,0,
Adenot,,,vinblastine,CCC9(O)CC3CN(CCc1c([nH]c2ccccc12)C(C3)(C(=O)OC)c4cc5c(cc4OC)N(C)C6C(O)(C(OC(C)=O)C7(CC)C=CCN8CCC56C78)C(=O)OC)C9 ,CCC9(O)CC3CN(CCc1c([nH]c2ccccc12)C(C3)(C(=O)OC)c4cc5c(cc4OC)N(C)C6C(O)(C(OC(C)=O)C7(CC)C=CCN8CCC56C78)C(=O)OC)C9 ,,0,
Adenot,,,vincristine,CCC9(O)CC3CN(CCc1c([nH]c2ccccc12)C(C3)(C(=O)OC)c4cc5c(cc4OC)N(C=O)C6C(O)(C(OC(C)=O)C7(CC)C=CCN8CCC56C78)C(=O)OC)C9 ,CCC9(O)CC3CN(CCc1c([nH]c2ccccc12)C(C3)(C(=O)OC)c4cc5c(cc4OC)N(C=O)C6C(O)(C(OC(C)=O)C7(CC)C=CCN8CCC56C78)C(=O)OC)C9 ,,0,
Adenot,,,vindesine,CCC9(O)CC3CN(CCc1c([nH]c2ccccc12)C(C3)(C(=O)OC)c4cc5c(cc4OC)N(C)C6C(O)(C(O)C7(CC)C=CCN8CCC56C78)C(N)=O)C9 ,CCC9(O)CC3CN(CCc1c([nH]c2ccccc12)C(C3)(C(=O)OC)c4cc5c(cc4OC)N(C)C6C(O)(C(O)C7(CC)C=CCN8CCC56C78)C(N)=O)C9 ,,0,
Adenot,,,virginiamycin-factor-m1,CC(C)C1OC(=O)C2=CCCN2C(=O)c2coc(n2)CC(=O)CC(O)C=C(C)C=CCNC(=O)C=CC1C,CC(C)C1OC(=O)C2=CCCN2C(=O)c2coc(n2)CC(=O)CC(O)C=C(C)C=CCNC(=O)C=CC1C,,0,
Adenot,,,virginiamycin-factor-s1,CCC1NC(=O)C(NC(=O)c2ncccc2O)C(C)OC(=O)C(NC(=O)C2CC(=O)CCN2C(=O)C(Cc2ccccc2)N(C)C(=O)C2CCCN2C1=O)c1ccccc1,CCC1NC(=O)C(NC(=O)c2ncccc2O)C(C)OC(=O)C(NC(=O)C2CC(=O)CCN2C(=O)C(Cc2ccccc2)N(C)C(=O)C2CCCN2C1=O)c1ccccc1,,0,
Adenot,,,xantocillin,Oc2ccc(C=C(C#N)C(=Cc1ccc(O)cc1)C#N)cc2 ,Oc2ccc(C=C(C#N)C(=Cc1ccc(O)cc1)C#N)cc2 ,,0,
Adenot,,,zorubicin,COc4cccc5C(=O)c3c(O)c2CC(O)(CC(OC1CC(N)C(O)C(C)O1)c2c(O)c3C(=O)c45)C(C)=NNC(=O)c6ccccc6 ,COc4cccc5C(=O)c3c(O)c2CC(O)(CC(OC1CC(N)C(O)C(C)O1)c2c(O)c3C(=O)c45)C(C)=NNC(=O)c6ccccc6 ,,0,
Adenot,,,acepromazine,CN(C)CCCN2c1ccccc1Sc3ccc(cc23)C(C)=O ,CN(C)CCCN2c1ccccc1Sc3ccc(cc23)C(C)=O ,,1,
Adenot,,,aceprometazine,CC(CN2c1ccccc1Sc3ccc(cc23)C(C)=O)N(C)C ,CC(CN2c1ccccc1Sc3ccc(cc23)C(C)=O)N(C)C ,,1,
Adenot,,,acetophenazine,CC(=O)c4ccc3Sc1ccccc1N(CCCN2CCN(CCO)CC2)c3c4 ,CC(=O)c4ccc3Sc1ccccc1N(CCCN2CCN(CCO)CC2)c3c4 ,,1,
Adenot,,,adinazolam,CN(C)Cc3nnc4CN=C(c1ccccc1)c2cc(Cl)ccc2n34 ,CN(C)Cc3nnc4CN=C(c1ccccc1)c2cc(Cl)ccc2n34 ,,1,
Adenot,,,albutoin,CC(C)CC1NC(=S)N(CC=C)C1=O ,CC(C)CC1NC(=S)N(CC=C)C1=O ,,1,
Adenot,,,alclometasone,CC4CC3C2C(Cl)CC1=CC(=O)C=CC1(C)C2C(O)CC3(C)C4(O)C(=O)CO ,CC4CC3C2C(Cl)CC1=CC(=O)C=CC1(C)C2C(O)CC3(C)C4(O)C(=O)CO ,,1,
Adenot,,,aletamine (alfetamine),NC(CC=C)Cc1ccccc1,NC(CC=C)Cc1ccccc1,,1,
Adenot,,,algestone,CC(=O)C3(O)C(O)CC4C2CCC1=CC(=O)CCC1(C)C2CCC34C ,CC(=O)C3(O)C(O)CC4C2CCC1=CC(=O)CCC1(C)C2CCC34C ,,1,
Adenot,,,alimemazine,CC(CN(C)C)CN2c1ccccc1Sc3ccccc23 ,CC(CN(C)C)CN2c1ccccc1Sc3ccccc23 ,,1,
Adenot,,,allobarbital (allobarbitol),C=CCC1(CC=C)C(=O)NC(=O)NC1=O ,C=CCC1(CC=C)C(=O)NC(=O)NC1=O ,,1,
Adenot,,,alpertine,CCOC(=O)c2[nH]c1cc(OC)c(OC)cc1c2CCN3CCN(CC3)c4ccccc4 ,CCOC(=O)c2[nH]c1cc(OC)c(OC)cc1c2CCN3CCN(CC3)c4ccccc4 ,,1,
Adenot,,,alphaprodine (betaprodine),CCC(=O)OC1(CCN(C)CC1C)c2ccccc2 ,CCC(=O)OC1(CCN(C)CC1C)c2ccccc2 ,,1,
Adenot,,,alpidem,CCCN(CCC)C(=O)Cc1c(nc2ccc(Cl)cn12)c3ccc(Cl)cc3 ,CCCN(CCC)C(=O)Cc1c(nc2ccc(Cl)cn12)c3ccc(Cl)cc3 ,,1,
Adenot,,,alprazolam,Cc3nnc4CN=C(c1ccccc1)c2cc(Cl)ccc2n34 ,Cc3nnc4CN=C(c1ccccc1)c2cc(Cl)ccc2n34 ,,1,
Adenot,,,amantadine,NC23CC1CC(CC(C1)C2)C3 ,NC23CC1CC(CC(C1)C2)C3 ,,1,
Adenot,,,amebucort,CCCC(=O)OC3(CCC4C2CC(C)C1=CC(=O)CCC1(C)C2C(O)CC34C)C(=O)COC(C)=O ,CCCC(=O)OC3(CCC4C2CC(C)C1=CC(=O)CCC1(C)C2C(O)CC34C)C(=O)COC(C)=O ,,1,
Adenot,,,amedalin,CNCCCC2(C)C(=O)N(c1ccccc1)c3ccccc23 ,CNCCCC2(C)C(=O)N(c1ccccc1)c3ccccc23 ,,1,
Adenot,,,amfonelic-acid,CCn2cc(C(O)=O)c(=O)c3ccc(Cc1ccccc1)nc23 ,CCn2cc(C(O)=O)c(=O)c3ccc(Cc1ccccc1)nc23 ,,1,
Adenot,,,amiflamine,CC(N)Cc1ccc(cc1C)N(C)C ,CC(N)Cc1ccc(cc1C)N(C)C ,,1,
Adenot,,,aminoglutethimide,CCC1(CCC(=O)NC1=O)c2ccc(N)cc2 ,CCC1(CCC(=O)NC1=O)c2ccc(N)cc2 ,,1,
Adenot,,,aminopromazine,CN(C)CC(CN2c1ccccc1Sc3ccccc23)N(C)C ,CN(C)CC(CN2c1ccccc1Sc3ccccc23)N(C)C ,,1,
Adenot,,,amiperone,CN(C)C(=O)C2(CCN(CCCC(=O)c1ccc(F)cc1)CC2)c3ccc(Cl)cc3 ,CN(C)C(=O)C2(CCN(CCCC(=O)c1ccc(F)cc1)CC2)c3ccc(Cl)cc3 ,,1,
Adenot,,,amitriptyline,CN(C)CCC=C2c1ccccc1CCc3ccccc23 ,CN(C)CCC=C2c1ccccc1CCc3ccccc23 ,,1,
Adenot,,,amobarbital,CCC1(CCC(C)C)C(=O)NC(=O)NC1=O ,CCC1(CCC(C)C)C(=O)NC(=O)NC1=O ,,1,
Adenot,,,amoxapine,Clc4ccc3Oc1ccccc1N=C(N2CCNCC2)c3c4 ,Clc4ccc3Oc1ccccc1N=C(N2CCNCC2)c3c4 ,,1,
Adenot,,,anisopirol,COc1ccccc1N3CCN(CCCC(O)c2ccc(F)cc2)CC3 ,COc1ccccc1N3CCN(CCCC(O)c2ccc(F)cc2)CC3 ,,1,
Adenot,,,aptazapine,CN1CCN3C(C1)c2cccn2Cc4ccccc34 ,CN1CCN3C(C1)c2cccn2Cc4ccccc34 ,,1,
Adenot,,,arfendazam,CCOC(=O)N2CCC(=O)N(c1ccccc1)c3cc(Cl)ccc23 ,CCOC(=O)N2CCC(=O)N(c1ccccc1)c3cc(Cl)ccc23 ,,1,
Adenot,,,asimadoline,CN(C(CN1CCC(O)C1)c2ccccc2)C(=O)C(c3ccccc3)c4ccccc4 ,CN(C(CN1CCC(O)C1)c2ccccc2)C(=O)C(c3ccccc3)c4ccccc4 ,,1,
Adenot,,,atibeprone,CC(C)c3nnc(COc2ccc1c(C)c(C)c(=O)oc1c2)s3 ,CC(C)c3nnc(COc2ccc1c(C)c(C)c(=O)oc1c2)s3 ,,1,
Adenot,,,atropine (hyoscyamine),CN1C2CCC1CC(C2)OC(=O)C(CO)c3ccccc3 ,CN1C2CCC1CC(C2)OC(=O)C(CO)c3ccccc3 ,,1,
Adenot,,,bazinaprine,N#Cc1cc(nnc1NCCN2CCOCC2)c3ccccc3 ,N#Cc1cc(nnc1NCCN2CCOCC2)c3ccccc3 ,,1,
Adenot,,,beclomethasonedipropionate (beclometasone-dipropionate),CCC(=O)OCC(=O)C3(OC(=O)CC)C(C)CC4C2CCC1=CC(=O)C=CC1(C)C2(Cl)C(O)CC34C,CCC(=O)OCC(=O)C3(OC(=O)CC)C(C)CC4C2CCC1=CC(=O)C=CC1(C)C2(Cl)C(O)CC34C,,1,
Adenot,,,befuraline,O=C(N1CCN(CC1)Cc2ccccc2)c4cc3ccccc3o4 ,O=C(N1CCN(CC1)Cc2ccccc2)c4cc3ccccc3o4 ,,1,
Adenot,,,beloxepin,CN1CCC3(O)C(C1)c2cccc(C)c2Oc4ccccc34 ,CN1CCC3(O)C(C1)c2cccc(C)c2Oc4ccccc34 ,,1,
Adenot,,,benmoxin,CC(NNC(=O)c1ccccc1)c2ccccc2 ,CC(NNC(=O)c1ccccc1)c2ccccc2 ,,1,
Adenot,,,benzobarbital,CCC2(C(=O)NC(=O)N(C(=O)c1ccccc1)C2=O)c3ccccc3 ,CCC2(C(=O)NC(=O)N(C(=O)c1ccccc1)C2=O)c3ccccc3 ,,1,
Adenot,,,benzoclidine,O=C(OC1CN2CCC1CC2)c3ccccc3 ,O=C(OC1CN2CCC1CC2)c3ccccc3 ,,1,
Adenot,,,benzoctamine,CNCC13CCC(c2ccccc12)c4ccccc34 ,CNCC13CCC(c2ccccc12)c4ccccc34 ,,1,
Adenot,,,benzphetamine (benzfetamine),CC(Cc1ccccc1)N(C)Cc1ccccc1 ,CC(Cc1ccccc1)N(C)Cc1ccccc1 ,,1,
Adenot,,,besipirdine,CCCN(c1ccncc1)n2ccc3ccccc23 ,CCCN(c1ccncc1)n2ccc3ccccc23 ,,1,
Adenot,,,betamethasone-acetate (dexamethasone-acetate),CC4CC3C2CCC1=CC(=O)C=CC1(C)C2(F)C(O)CC3(C)C4(O)C(=O)COC(C)=O ,CC4CC3C2CCC1=CC(=O)C=CC1(C)C2(F)C(O)CC3(C)C4(O)C(=O)COC(C)=O ,,1,
Adenot,,,betamethasone-dipropionate (dexamethasone-dipropionate),CCC(=O)OCC(=O)C3(OC(=O)CC)C(C)CC4C2CCC1=CC(=O)C=CC1(C)C2(F)C(O)CC34C ,CCC(=O)OCC(=O)C3(OC(=O)CC)C(C)CC4C2CCC1=CC(=O)C=CC1(C)C2(F)C(O)CC34C ,,1,
Adenot,,,betamethasone-valerate,CCCCC(=O)OC3(C(C)CC4C2CCC1=CC(=O)C=CC1(C)C2(F)C(O)CC34C)C(=O)CO ,CCCCC(=O)OC3(C(C)CC4C2CCC1=CC(=O)C=CC1(C)C2(F)C(O)CC34C)C(=O)CO ,,1,
Adenot,,,bifemelane,CNCCCCOc1ccccc1Cc2ccccc2 ,CNCCCCOc1ccccc1Cc2ccccc2 ,,1,
Adenot,,,binedaline,CN(C)CCN(C)n2cc(c1ccccc1)c3ccccc23 ,CN(C)CCN(C)n2cc(c1ccccc1)c3ccccc23 ,,1,
Adenot,,,brallobarbital,BrC(=C)CC1(CC=C)C(=O)NC(=O)NC1=O ,BrC(=C)CC1(CC=C)C(=O)NC(=O)NC1=O ,,1,
Adenot,,,brifentanil,CCn3nnn(CCN1CCC(C(C)C1)N(C(=O)COC)c2ccccc2F)c3=O ,CCn3nnn(CCN1CCC(C(C)C1)N(C(=O)COC)c2ccccc2F)c3=O ,,1,
Adenot,,,brofaromine,COc2cc(Br)c1oc(cc1c2)C3CCNCC3 ,COc2cc(Br)c1oc(cc1c2)C3CCNCC3 ,,1,
Adenot,,,bromamid,CN(C)C(=O)CCNc1ccc(Br)cc1 ,CN(C)C(=O)CCNc1ccc(Br)cc1 ,,1,
Adenot,,,bromodiphenhydramine (bromazine),CN(C)CCOC(c1ccccc1)c2ccc(Br)cc2,CN(C)CCOC(c1ccccc1)c2ccc(Br)cc2,,1,
Adenot,,,bromopride,CCN(CC)CCNC(=O)c1cc(Br)c(N)cc1OC ,CCN(CC)CCNC(=O)c1cc(Br)c(N)cc1OC ,,1,
Adenot,,,bromperidol-decanoate,CCCCCCCCCC(=O)OC2(CCN(CCCC(=O)c1ccc(F)cc1)CC2)c3ccc(Br)cc3 ,CCCCCCCCCC(=O)OC2(CCN(CCCC(=O)c1ccc(F)cc1)CC2)c3ccc(Br)cc3 ,,1,
Adenot,,,budesonide,CCCC5OC4CC3C2CCC1=CC(=O)C=CC1(C)C2C(O)CC3(C)C4(O5)C(=O)CO ,CCCC5OC4CC3C2CCC1=CC(=O)C=CC1(C)C2C(O)CC3(C)C4(O5)C(=O)CO ,,1,
Adenot,,,budipine,CC(C)(C)N1CCC(CC1)(c2ccccc2)c3ccccc3 ,CC(C)(C)N1CCC(CC1)(c2ccccc2)c3ccccc3 ,,1,
Adenot,,,bufenadrine,CN(C)CCOC(c1ccccc1)c2ccccc2C(C)(C)C ,CN(C)CCOC(c1ccccc1)c2ccccc2C(C)(C)C ,,1,
Adenot,,,buspirone,O=C2CC1(CCCC1)CC(=O)N2CCCCN3CCN(CC3)c4ncccn4,O=C2CC1(CCCC1)CC(=O)N2CCCCN3CCN(CC3)c4ncccn4,,1,
Adenot,,,butabarbital (secbutabarbital),CCC(C)C1(CC)C(=O)NC(=O)NC1=O,CCC(C)C1(CC)C(=O)NC(=O)NC1=O,,1,
Adenot,,,butalbital,CC(C)CC1(CC=C)C(=O)NC(=O)NC1=O ,CC(C)CC1(CC=C)C(=O)NC(=O)NC1=O ,,1,
Adenot,,,butamoxane,CCCCNCC2COc1ccccc1O2 ,CCCCNCC2COc1ccccc1O2 ,,1,
Adenot,,,butriptyline,CC(CC2c1ccccc1CCc3ccccc23)CN(C)C ,CC(CC2c1ccccc1CCc3ccccc23)CN(C)C ,,1,
Adenot,,,carbenzide,CCOC(=O)NNC(C)c1ccccc1 ,CCOC(=O)NNC(C)c1ccccc1 ,,1,
Adenot,,,carbocloral,CCOC(=O)NC(O)C(Cl)(Cl)Cl ,CCOC(=O)NC(O)C(Cl)(Cl)Cl ,,1,
Adenot,,,carbromal,CCC(Br)(CC)C(=O)NC(N)=O ,CCC(Br)(CC)C(=O)NC(N)=O ,,1,
Adenot,,,carfentanil,CCC(=O)N(c1ccccc1)C3(CCN(CCc2ccccc2)CC3)C(=O)OC ,CCC(=O)N(c1ccccc1)C3(CCN(CCc2ccccc2)CC3)C(=O)OC ,,1,
Adenot,,,carpipramine,NC(=O)C4(CCN(CCCN2c1ccccc1CCc3ccccc23)CC4)N5CCCCC5 ,NC(=O)C4(CCN(CCCN2c1ccccc1CCc3ccccc23)CC4)N5CCCCC5 ,,1,
Adenot,,,cartazolate,CCCCNc1c(cnc2n(CC)ncc12)C(=O)OCC ,CCCCNc1c(cnc2n(CC)ncc12)C(=O)OCC ,,1,
Adenot,,,carvotroline,Fc4ccc3[nH]c2CCN(CCc1ccncc1)Cc2c3c4 ,Fc4ccc3[nH]c2CCN(CCc1ccncc1)Cc2c3c4 ,,1,
Adenot,,,cericlamine,CN(C)C(C)(CO)Cc1ccc(Cl)c(Cl)c1 ,CN(C)C(C)(CO)Cc1ccc(Cl)c(Cl)c1 ,,1,
Adenot,,,chlorcyclizine,CN1CCN(CC1)C(c2ccccc2)c3ccc(Cl)cc3 ,CN1CCN(CC1)C(c2ccccc2)c3ccc(Cl)cc3 ,,1,
Adenot,,,chlorobutanol,CC(C)(O)C(Cl)(Cl)Cl ,CC(C)(O)C(Cl)(Cl)Cl ,,1,
Adenot,,,chloroprednisone,CC13C=CC(=O)C=C1C(Cl)CC4C2CCC(O)(C(=O)CO)C2(C)CC(=O)C34 ,CC13C=CC(=O)C=C1C(Cl)CC4C2CCC(O)(C(=O)CO)C2(C)CC(=O)C34 ,,1,
Adenot,,,chloroserpidine,COC5C(CC4CN3CCc1c([nH]c2ccc(Cl)cc12)C3CC4C5C(=O)OC)OC(=O)c6cc(OC)c(OC)c(OC)c6 ,COC5C(CC4CN3CCc1c([nH]c2ccc(Cl)cc12)C3CC4C5C(=O)OC)OC(=O)c6cc(OC)c(OC)c(OC)c6 ,,1,
Adenot,,,chlorphenesin-carbamate,NC(=O)OCC(O)COc1ccc(Cl)cc1 ,NC(=O)OCC(O)COc1ccc(Cl)cc1 ,,1,
Adenot,,,chlorphenoxamine,CN(C)CCOC(C)(c1ccccc1)c2ccc(Cl)cc2 ,CN(C)CCOC(C)(c1ccccc1)c2ccc(Cl)cc2 ,,1,
Adenot,,,chlorpromazine,CN(C)CCCN2c1ccccc1Sc3ccc(Cl)cc23 ,CN(C)CCCN2c1ccccc1Sc3ccc(Cl)cc23 ,,1,
Adenot,,,chlorprothixene,CN(C)CCC=C2c1ccccc1Sc3ccc(Cl)cc23 ,CN(C)CCC=C2c1ccccc1Sc3ccc(Cl)cc23 ,,1,
Adenot,,,chlorthenoxazine,ClCCC2NC(=O)c1ccccc1O2 ,ClCCC2NC(=O)c1ccccc1O2 ,,1,
Adenot,,,cianopramine,CN(C)CCCN2c1ccccc1CCc3ccc(C#N)cc23 ,CN(C)CCCN2c1ccccc1CCc3ccc(C#N)cc23 ,,1,
Adenot,,,ciclazindol,OC2(C1=NCCCN1c3ccccc23)c4ccccc4Cl ,OC2(C1=NCCCN1c3ccccc23)c4ccccc4Cl ,,1,
Adenot,,,ciclopramine,CNC2CCN3c1ccccc1CCc4cccc2c34 ,CNC2CCN3c1ccccc1CCc4cccc2c34 ,,1,
Adenot,,,cidoxepin,CN(C)CCC=C2c1ccccc1COc3ccccc23 ,CN(C)CCC=C2c1ccccc1COc3ccccc23 ,,1,
Adenot,,,ciladopa,COc1ccc(cc1OC)C(O)CN2CCN(CC2)c3cccccc3=O ,COc1ccc(cc1OC)C(O)CN2CCN(CC2)c3cccccc3=O ,,1,
Adenot,,,cinfenine,CN(CCOC(c1ccccc1)c2ccccc2)CC=Cc3ccccc3 ,CN(CCOC(c1ccccc1)c2ccccc2)CC=Cc3ccccc3 ,,1,
Adenot,,,cinitapride,CCOc1cc(N)c(cc1C(=O)NC2CCN(CC2)CC3CCC=CC3)N(=O)=O ,CCOc1cc(N)c(cc1C(=O)NC2CCN(CC2)CC3CCC=CC3)N(=O)=O ,,1,
Adenot,,,cinperene,O=C3CCC(C1CCN(CC1)CC=Cc2ccccc2)(C(=O)N3)c4ccccc4 ,O=C3CCC(C1CCN(CC1)CC=Cc2ccccc2)(C(=O)N3)c4ccccc4 ,,1,
Adenot,,,cinromide,CCNC(=O)C=Cc1cccc(Br)c1 ,CCNC(=O)C=Cc1cccc(Br)c1 ,,1,
Adenot,,,cintriamide (cintramide),COc1cc(cc(c1OC)OC)C=CC(N)=O,COc1cc(cc(c1OC)OC)C=CC(N)=O,,1,
Adenot,,,cinuperone,Fc1ccc(cc1)C(=O)CCCN2CCN(CC2)c4cc3ccccc3cn4 ,Fc1ccc(cc1)C(=O)CCCN2CCN(CC2)c4cc3ccccc3cn4 ,,1,
Adenot,,,citalopram,CN(C)CCCC1(OCc2cc(C#N)ccc12)c3ccc(F)cc3 ,CN(C)CCCC1(OCc2cc(C#N)ccc12)c3ccc(F)cc3 ,,1,
Adenot,,,citenamide,NC(=O)C2c1ccccc1C=Cc3ccccc23 ,NC(=O)C2c1ccccc1C=Cc3ccccc23 ,,1,
Adenot,,,clazolam,CN3C(=O)CN2CCc1ccccc1C2c4cc(Cl)ccc34 ,CN3C(=O)CN2CCc1ccccc1C2c4cc(Cl)ccc34 ,,1,
Adenot,,,clemeprol,CN(C)CC(O)C(c1ccccc1)c2cccc(Cl)c2 ,CN(C)CC(O)C(c1ccccc1)c2cccc(Cl)c2 ,,1,
Adenot,,,climazolam,Cc3ncc4CN=C(c1ccccc1Cl)c2cc(Cl)ccc2n34 ,Cc3ncc4CN=C(c1ccccc1Cl)c2cc(Cl)ccc2n34 ,,1,
Adenot,,,clobetasol,CC4CC3C2CCC1=CC(=O)C=CC1(C)C2(F)C(O)CC3(C)C4(O)C(=O)CCl ,CC4CC3C2CCC1=CC(=O)C=CC1(C)C2(F)C(O)CC3(C)C4(O)C(=O)CCl ,,1,
Adenot,,,clobetasol-propionate,CCC(=O)OC3(C(C)CC4C2CCC1=CC(=O)C=CC1(C)C2(F)C(O)CC34C)C(=O)CCl ,CCC(=O)OC3(C(C)CC4C2CCC1=CC(=O)C=CC1(C)C2(F)C(O)CC34C)C(=O)CCl ,,1,
Adenot,,,clofexamide,CCN(CC)CCNC(=O)COc1ccc(Cl)cc1 ,CCN(CC)CCNC(=O)COc1ccc(Cl)cc1 ,,1,
Adenot,,,clomacran,CN(C)CCCC2c1ccccc1Nc3ccc(Cl)cc23 ,CN(C)CCCC2c1ccccc1Nc3ccc(Cl)cc23 ,,1,
Adenot,,,clomipramine,CN(C)CCCN2c1ccccc1CCc3ccc(Cl)cc23 ,CN(C)CCCN2c1ccccc1CCc3ccc(Cl)cc23 ,,1,
Adenot,,,clonazepam,Clc1ccccc1C2=NCC(=O)Nc3ccc(cc23)N(=O)=O ,Clc1ccccc1C2=NCC(=O)Nc3ccc(cc23)N(=O)=O ,,1,
Adenot,,,clopipazan,CN1CCC(CC1)=C3c2ccccc2Oc4ccc(Cl)cc34 ,CN1CCC(CC1)=C3c2ccccc2Oc4ccc(Cl)cc34 ,,1,
Adenot,,,clothiapine (clotiapine),CN1CCN(CC1)C1=Nc2ccccc2Sc2ccc(cc12)Cl,CN1CCN(CC1)C1=Nc2ccccc2Sc2ccc(cc12)Cl,,1,
Adenot,,,clovoxamine,COCCCCC(=NOCCN)c1ccc(Cl)cc1 ,COCCCCC(=NOCCN)c1ccc(Cl)cc1 ,,1,
Adenot,,,cloxazolam,Clc4ccc3NC(=O)CN1CCOC1(c2ccccc2Cl)c3c4 ,Clc4ccc3NC(=O)CN1CCOC1(c2ccccc2Cl)c3c4 ,,1,
Adenot,,,cloxypendyl,OCCN4CCN(CCCN2c1ccccc1Sc3cc(Cl)cnc23)CC4 ,OCCN4CCN(CCCN2c1ccccc1Sc3cc(Cl)cnc23)CC4 ,,1,
Adenot,,,codeine,COc1ccc2CC5C3C=CC(O)C4Oc1c2C34CCN5C ,COc1ccc2CC5C3C=CC(O)C4Oc1c2C34CCN5C ,,1,
Adenot,,,cormethasoneacetate (cormetasone-acetate),CC4CC3C2CC(F)(F)C1=CC(=O)C=CC1(C)C2(F)C(O)CC3(C)C4(O)C(=O)COC(C)=O,CC4CC3C2CC(F)(F)C1=CC(=O)C=CC1(C)C2(F)C(O)CC3(C)C4(O)C(=O)COC(C)=O,,1,
Adenot,,,cortisone,CC13CCC(=O)C=C1CCC4C2CCC(O)(C(=O)CO)C2(C)CC(=O)C34 ,CC13CCC(=O)C=C1CCC4C2CCC(O)(C(=O)CO)C2(C)CC(=O)C34 ,,1,
Adenot,,,cropropamide,CCCN(C(CC)C(=O)N(C)C)C(=O)C=CC ,CCCN(C(CC)C(=O)N(C)C)C(=O)C=CC ,,1,
Adenot,,,cyamemazine,CC(CN(C)C)CN2c1ccccc1Sc3ccc(C#N)cc23 ,CC(CN(C)C)CN2c1ccccc1Sc3ccc(C#N)cc23 ,,1,
Adenot,,,cyclazodone,O=C2N=C(NC1CC1)OC2c3ccccc3 ,O=C2N=C(NC1CC1)OC2c3ccccc3 ,,1,
Adenot,,,cyclopropane,C1CC1 ,C1CC1 ,,1,
Adenot,,,cypenamine,NC1CCCC1c2ccccc2 ,NC1CCCC1c2ccccc2 ,,1,
Adenot,,,cyprazepam,Clc3ccc2N=C(CN(=C(c1ccccc1)c2c3)=O)NCC4CC4 ,Clc3ccc2N=C(CN(=C(c1ccccc1)c2c3)=O)NCC4CC4 ,,1,
Adenot,,,dabelotine,CN2CCCc3cccc(OCC1CNCCO1)c23 ,CN2CCCc3cccc(OCC1CNCCO1)c23 ,,1,
Adenot,,,daledalin,CNCCCC2(C)CN(c1ccccc1)c3ccccc23 ,CNCCCC2(C)CN(c1ccccc1)c3ccccc23 ,,1,
Adenot,,,damotepine,CN(C)CC2=Cc1ccccc1Sc3ccccc23 ,CN(C)CC2=Cc1ccccc1Sc3ccccc23 ,,1,
Adenot,,,danitracen,CN1CCC(CC1)=C3c2ccccc2C(O)c4ccccc34 ,CN1CCC(CC1)=C3c2ccccc2C(O)c4ccccc34 ,,1,
Adenot,,,dapoxetine,CN(C)C(CCOc1cccc2ccccc12)c3ccccc3 ,CN(C)C(CCOc1cccc2ccccc12)c3ccccc3 ,,1,
Adenot,,,darvon (dextropropoxyphene and levopropoxyphene),CCC(=O)OC(Cc1ccccc1)(C(C)CN(C)C)c2ccccc2,CCC(=O)OC(Cc1ccccc1)(C(C)CN(C)C)c2ccccc2,,1,
Adenot,,,dazepinil,CN2C(Cc1ccccc1N=C2C)c3ccccc3 ,CN2C(Cc1ccccc1N=C2C)c3ccccc3 ,,1,
Adenot,,,declenperone,Fc1ccc(cc1)C(=O)C4CCN(CCCn2c(=O)[nH]c3ccccc23)CC4 ,Fc1ccc(cc1)C(=O)C4CCN(CCCn2c(=O)[nH]c3ccccc23)CC4 ,,1,
Adenot,,,deflazacort,CC(=O)OCC(=O)C14N=C(C)OC1CC5C3CCC2=CC(=O)C=CC2(C)C3C(O)CC45C ,CC(=O)OCC(=O)C14N=C(C)OC1CC5C3CCC2=CC(=O)C=CC2(C)C3C(O)CC45C ,,1,
Adenot,,,delergotrile,CN1CC(CC#N)CC2C1Cc3c[nH]c4cccc2c34 ,CN1CC(CC#N)CC2C1Cc3c[nH]c4cccc2c34 ,,1,
Adenot,,,delorazepam,Clc3ccc2NC(=O)CN=C(c1ccccc1Cl)c2c3 ,Clc3ccc2NC(=O)CN=C(c1ccccc1Cl)c2c3 ,,1,
Adenot,,,demexiptiline,CNCCON=c2c1ccccc1ccc3ccccc23 ,CNCCON=c2c1ccccc1ccc3ccccc23 ,,1,
Adenot,,,denzimol,OC(Cn1ccnc1)c3ccc(CCc2ccccc2)cc3 ,OC(Cn1ccnc1)c3ccc(CCc2ccccc2)cc3 ,,1,
Adenot,,,depramine,CN(C)CCCN2c1ccccc1C=Cc3ccccc23 ,CN(C)CCCN2c1ccccc1C=Cc3ccccc23 ,,1,
Adenot,,,desflurane,FC(F)OC(F)C(F)(F)F ,FC(F)OC(F)C(F)(F)F ,,1,
Adenot,,,desipramine,CNCCCN2c1ccccc1CCc3ccccc23 ,CNCCCN2c1ccccc1CCc3ccccc23 ,,1,
Adenot,,,desomorphine,CN2CCC14C3CCCC1C2Cc5ccc(O)c(O3)c45 ,CN2CCC14C3CCCC1C2Cc5ccc(O)c(O3)c45 ,,1,
Adenot,,,dexclamol,CC(C)C3(O)CCN2CC4c1ccccc1CCc5cccc(C2C3)c45 ,CC(C)C3(O)CCN2CC4c1ccccc1CCc5cccc(C2C3)c45 ,,1,
Adenot,,,dextromethorphan (levomethorphan and racemethorphan),COc4ccc3CC2C1CCCCC1(CCN2C)c3c4 ,COc4ccc3CC2C1CCCCC1(CCN2C)c3c4 ,,1,
Adenot,,,dextromoramide (levomoramide and racemoramide),CC(CN1CCOCC1)C(C(=O)N2CCCC2)(c3ccccc3)c4ccccc4 ,CC(CN1CCOCC1)C(C(=O)N2CCCC2)(c3ccccc3)c4ccccc4 ,,1,
Adenot,,,dextrorphan,CN2CCC13CCCCC1C2Cc4ccc(O)cc34 ,CN2CCC13CCCCC1C2Cc4ccc(O)cc34 ,,1,
Adenot,,,dezinamide,NC(=O)N1CC(C1)Oc2cccc(c2)C(F)(F)F ,NC(=O)N1CC(C1)Oc2cccc(c2)C(F)(F)F ,,1,
Adenot,,,dezocine,CC13CCCCCC(Cc2ccc(O)cc12)C3N ,CC13CCCCCC(Cc2ccc(O)cc12)C3N ,,1,
Adenot,,,diacetylnalorphine,CC(=O)OC1C=CC2C3Cc4ccc(c5c4C2(CCN3CC=C)C1O5)OC(C)=O,CC(=O)OC1C=CC2C3Cc4ccc(c5c4C2(CCN3CC=C)C1O5)OC(C)=O,,1,
Adenot,,,diazepam,CN2C(=O)CN=C(c1ccccc1)c3cc(Cl)ccc23 ,CN2C(=O)CN=C(c1ccccc1)c3cc(Cl)ccc23 ,,1,
Adenot,,,dibenzepin,CN(C)CCN2C(=O)c1ccccc1N(C)c3ccccc23 ,CN(C)CCN2C(=O)c1ccccc1N(C)c3ccccc23 ,,1,
Adenot,,,dicarbine,CN3CCC2Nc1ccc(C)cc1C2C3 ,CN3CCC2Nc1ccc(C)cc1C2C3 ,,1,
Adenot,,,dichlormezanone,CN2C(c1ccc(Cl)c(Cl)c1)S(=O)(=O)CCC2=O ,CN2C(c1ccc(Cl)c(Cl)c1)S(=O)(=O)CCC2=O ,,1,
Adenot,,,diclofensine,COc2ccc1C(CN(C)Cc1c2)c3ccc(Cl)c(Cl)c3 ,COc2ccc1C(CN(C)Cc1c2)c3ccc(Cl)c(Cl)c3 ,,1,
Adenot,,,diethazine,CCN(CC)CCN2c1ccccc1Sc3ccccc23 ,CCN(CC)CCN2c1ccccc1Sc3ccccc23 ,,1,
Adenot,,,diethylether,CCOCC ,CCOCC ,,1,
Adenot,,,difencloxazine,Clc1ccc(cc1)C(OCCN2CCOCC2)c3ccccc3 ,Clc1ccc(cc1)C(OCCN2CCOCC2)c3ccccc3 ,,1,
Adenot,,,diflorasone-diacetate,CC4CC3C2CC(F)C1=CC(=O)C=CC1(C)C2(F)C(O)CC3(C)C4(OC(C)=O)C(=O)COC(C)=O ,CC4CC3C2CC(F)C1=CC(=O)C=CC1(C)C2(F)C(O)CC3(C)C4(OC(C)=O)C(=O)COC(C)=O ,,1,
Adenot,,,difluprednate,CCCC(=O)OC3(CCC4C2CC(F)C1=CC(=O)C=CC1(C)C2(F)C(O)CC34C)C(=O)COC(C)=O ,CCCC(=O)OC3(CCC4C2CC(F)C1=CC(=O)C=CC1(C)C2(F)C(O)CC34C)C(=O)COC(C)=O ,,1,
Adenot,,,dimemorfan,CN2CCC13CCCCC1C2Cc4ccc(C)cc34 ,CN2CCC13CCCCC1C2Cc4ccc(C)cc34 ,,1,
Adenot,,,dimeprozan,COc3ccc2Oc1ccccc1C(=CCCN(C)C)c2c3 ,COc3ccc2Oc1ccccc1C(=CCCN(C)C)c2c3 ,,1,
Adenot,,,dimesone,CC4CC3C2CCC1=CC(=O)C=CC1(C)C2(F)C(O)CC3(C)C4(C)C(=O)CO ,CC4CC3C2CCC1=CC(=O)C=CC1(C)C2(F)C(O)CC3(C)C4(C)C(=O)CO ,,1,
Adenot,,,dimetacrine,CN(C)CCCN2c1ccccc1C(C)(C)c3ccccc23 ,CN(C)CCCN2c1ccccc1C(C)(C)c3ccccc23 ,,1,
Adenot,,,dinazafone,CN(C(=O)CNCC(C)=C)c1ccc(Cl)cc1C(=O)c2ccccc2 ,CN(C(=O)CNCC(C)=C)c1ccc(Cl)cc1C(=O)c2ccccc2 ,,1,
Adenot,,,disulfiram,CCN(CC)C(=S)SSC(=S)N(CC)CC ,CCN(CC)C(=S)SSC(=S)N(CC)CC ,,1,
Adenot,,,doliracetam,NC(=O)CN2C(=O)C(c1ccccc1)c3ccccc23 ,NC(=O)CN2C(=O)C(c1ccccc1)c3ccccc23 ,,1,
Adenot,,,dosulepin,CN(C)CCC=C2c1ccccc1CSc3ccccc23 ,CN(C)CCC=C2c1ccccc1CSc3ccccc23 ,,1,
Adenot,,,doxefazepam,OCCN2C(=O)C(O)N=C(c1ccccc1F)c3cc(Cl)ccc23 ,OCCN2C(=O)C(O)N=C(c1ccccc1F)c3cc(Cl)ccc23 ,,1,
Adenot,,,doxenitoin,O=C1NCNC1(c2ccccc2)c3ccccc3 ,O=C1NCNC1(c2ccccc2)c3ccccc3 ,,1,
Adenot,,,doxibetasol,CC4CC3C2CCC1=CC(=O)C=CC1(C)C2(F)C(O)CC3(C)C4(O)C(C)=O ,CC4CC3C2CCC1=CC(=O)C=CC1(C)C2(F)C(O)CC3(C)C4(O)C(C)=O ,,1,
Adenot,,,doxylamine,CN(C)CCOC(C)(c1ccccc1)c2ccccn2 ,CN(C)CCOC(C)(c1ccccc1)c2ccccn2 ,,1,
Adenot,,,drocinonide,CC5(C)OC4CC3C2CCC1CC(=O)CCC1(C)C2(F)C(O)CC3(C)C4(O5)C(=O)CO ,CC5(C)OC4CC3C2CCC1CC(=O)CCC1(C)C2(F)C(O)CC3(C)C4(O5)C(=O)CO ,,1,
Adenot,,,droperidol,Fc1ccc(cc1)C(=O)CCCN2CCC(=CC2)n3c(=O)[nH]c4ccccc34 ,Fc1ccc(cc1)C(=O)CCCN2CCC(=CC2)n3c(=O)[nH]c4ccccc34 ,,1,
Adenot,,,dulozafone,CN(C(=O)CN(CCO)CCO)c1ccc(Cl)cc1C(=O)c2ccccc2Cl ,CN(C(=O)CN(CCO)CCO)c1ccc(Cl)cc1C(=O)c2ccccc2Cl ,,1,
Adenot,,,enpiprazole,Cn3cc(CCN1CCN(CC1)c2ccccc2Cl)cn3 ,Cn3cc(CCN1CCN(CC1)c2ccccc2Cl)cn3 ,,1,
Adenot,,,enprazepine,CN(C)CCCN2Cc1ccccc1C(=C)c3ccccc23 ,CN(C)CCCN2Cc1ccccc1C(=C)c3ccccc23 ,,1,
Adenot,,,eprobemide,Clc1ccc(cc1)C(=O)NCCCN2CCOCC2 ,Clc1ccc(cc1)C(=O)NCCCN2CCOCC2 ,,1,
Adenot,,,eptazocine,CN1CCC2(C)CC(C1)Cc3ccc(O)cc23 ,CN1CCC2(C)CC(C1)Cc3ccc(O)cc23 ,,1,
Adenot,,,etaqualone,CCc1ccccc1n3c(C)nc2ccccc2c3=O ,CCc1ccccc1n3c(C)nc2ccccc2c3=O ,,1,
Adenot,,,eterobarb,CCC1(C(=O)N(COC)C(=O)N(COC)C1=O)c2ccccc2 ,CCC1(C(=O)N(COC)C(=O)N(COC)C1=O)c2ccccc2 ,,1,
Adenot,,,ethinamate,NC(=O)OC1(CCCCC1)C#C ,NC(=O)OC1(CCCCC1)C#C ,,1,
Adenot,,,ethosuximide,CCC1(C)CC(=O)NC1=O ,CCC1(C)CC(=O)NC1=O ,,1,
Adenot,,,ethotoin,CCN1C(=O)NC(C1=O)c2ccccc2 ,CCN1C(=O)NC(C1=O)c2ccccc2 ,,1,
Adenot,,,ethyl-chloride,CCCl ,CCCl ,,1,
Adenot,,,etizolam,CCc3cc2C(=NCc1nnc(C)n1c2s3)c4ccccc4Cl ,CCc3cc2C(=NCc1nnc(C)n1c2s3)c4ccccc4Cl ,,1,
Adenot,,,etomidate,CCOC(=O)c1cncn1C(C)c2ccccc2 ,CCOC(=O)c1cncn1C(C)c2ccccc2 ,,1,
Adenot,,,etrabamine,CNC2CCc1ncsc1C2 ,CNC2CCc1ncsc1C2 ,,1,
Adenot,,,etryptamine,CCC(N)Cc1c[nH]c2ccccc12 ,CCC(N)Cc1c[nH]c2ccccc12 ,,1,
Adenot,,,fenaclon,ClCCC(=O)NCCc1ccccc1 ,ClCCC(=O)NCCc1ccccc1 ,,1,
Adenot,,,fenadiazole,Oc1ccccc1c2nnco2 ,Oc1ccccc1c2nnco2 ,,1,
Adenot,,,fentanyl,CCC(=O)N(C1CCN(CC1)CCc2ccccc2)c3ccccc3 ,CCC(=O)N(C1CCN(CC1)CCc2ccccc2)c3ccccc3 ,,1,
Adenot,,,fezolamine,CN(C)CCCn2cc(c1ccccc1)c(n2)c3ccccc3 ,CN(C)CCCn2cc(c1ccccc1)c(n2)c3ccccc3 ,,1,
Adenot,,,fletazepam,Fc1ccccc1C2=NCCN(CC(F)(F)F)c3ccc(Cl)cc23 ,Fc1ccccc1C2=NCCN(CC(F)(F)F)c3ccc(Cl)cc23 ,,1,
Adenot,,,fluanisone,COc1ccccc1N3CCN(CCCC(=O)c2ccc(F)cc2)CC3 ,COc1ccccc1N3CCN(CCCC(=O)c2ccc(F)cc2)CC3 ,,1,
Adenot,,,flucindol,CN(C)C3CCc2[nH]c1c(F)cc(F)cc1c2C3 ,CN(C)C3CCc2[nH]c1c(F)cc(F)cc1c2C3 ,,1,
Adenot,,,fluciprazine,OC(COC1(CCCCC1)C#C)CN2CCN(CC2)c3ccc(F)cc3 ,OC(COC1(CCCCC1)C#C)CN2CCN(CC2)c3ccc(F)cc3 ,,1,
Adenot,,,fludiazepam,CN2C(=O)CN=C(c1ccccc1F)c3cc(Cl)ccc23 ,CN2C(=O)CN=C(c1ccccc1F)c3cc(Cl)ccc23 ,,1,
Adenot,,,flumethasone (flumetasone and diflorasone),CC4CC3C2CC(F)C1=CC(=O)C=CC1(C)C2(F)C(O)CC3(C)C4(O)C(=O)CO,CC4CC3C2CC(F)C1=CC(=O)C=CC1(C)C2(F)C(O)CC3(C)C4(O)C(=O)CO,,1,
Adenot,,,flumethasone21pivalate (flumetasone-pivalate),CC4CC3C2CC(F)C1=CC(=O)C=CC1(C)C2(F)C(O)CC3(C)C4(O)C(=O)COC(=O)C(C)(C)C,CC4CC3C2CC(F)C1=CC(=O)C=CC1(C)C2(F)C(O)CC3(C)C4(O)C(=O)COC(=O)C(C)(C)C,,1,
Adenot,,,flunisolide,CC5(C)OC4CC3C2CC(F)C1=CC(=O)C=CC1(C)C2C(O)CC3(C)C4(O5)C(=O)CO ,CC5(C)OC4CC3C2CC(F)C1=CC(=O)C=CC1(C)C2C(O)CC3(C)C4(O5)C(=O)CO ,,1,
Adenot,,,flunisolide-acetate,CC(=O)OCC(=O)C14OC(C)(C)OC1CC5C3CC(F)C2=CC(=O)C=CC2(C)C3C(O)CC45C ,CC(=O)OCC(=O)C14OC(C)(C)OC1CC5C3CC(F)C2=CC(=O)C=CC2(C)C3C(O)CC45C ,,1,
Adenot,,,flunitrazepam,CN2C(=O)CN=C(c1ccccc1F)c3cc(ccc23)N(=O)=O ,CN2C(=O)CN=C(c1ccccc1F)c3cc(ccc23)N(=O)=O ,,1,
Adenot,,,fluocinolone,CC12CC(O)C3(F)C(CC(F)C4=CC(=O)C=CC43C)C2CC(O)C1(O)C(=O)CO,CC12CC(O)C3(F)C(CC(F)C4=CC(=O)C=CC43C)C2CC(O)C1(O)C(=O)CO,,1,
Adenot,,,fluocinolone-acetonide,CC5(C)OC4CC3C2CC(F)C1=CC(=O)C=CC1(C)C2(F)C(O)CC3(C)C4(O5)C(=O)CO ,CC5(C)OC4CC3C2CC(F)C1=CC(=O)C=CC1(C)C2(F)C(O)CC3(C)C4(O5)C(=O)CO ,,1,
Adenot,,,fluocortolone,CC4CC3C2CC(F)C1=CC(=O)C=CC1(C)C2C(O)CC3(C)C4C(=O)CO ,CC4CC3C2CC(F)C1=CC(=O)C=CC1(C)C2C(O)CC3(C)C4C(=O)CO ,,1,
Adenot,,,fluorometholone,CC3CC2C1CCC(O)(C(C)=O)C1(C)CC(O)C2(F)C4(C)C=CC(=O)C=C34 ,CC3CC2C1CCC(O)(C(C)=O)C1(C)CC(O)C2(F)C4(C)C=CC(=O)C=C34 ,,1,
Adenot,,,fluperlapine,CN1CCN(CC1)C3=Nc2cc(F)ccc2Cc4ccccc34 ,CN1CCN(CC1)C3=Nc2cc(F)ccc2Cc4ccccc34 ,,1,
Adenot,,,fluperolone (fluperolone-acetate),CC(OC(C)=O)C(=O)C3(O)CCC4C2CCC1=CC(=O)C=CC1(C)C2(F)C(O)CC34C ,CC(OC(C)=O)C(=O)C3(O)CCC4C2CCC1=CC(=O)C=CC1(C)C2(F)C(O)CC34C ,,1,
Adenot,,,fluphenazine,OCCN4CCN(CCCN2c1ccccc1Sc3ccc(cc23)C(F)(F)F)CC4 ,OCCN4CCN(CCCN2c1ccccc1Sc3ccc(cc23)C(F)(F)F)CC4 ,,1,
Adenot,,,fluprednidene,CC34CC(O)C1(F)C(CCC2=CC(=O)C=CC12C)C3CC(=C)C4(O)C(=O)CO ,CC34CC(O)C1(F)C(CCC2=CC(=O)C=CC12C)C3CC(=C)C4(O)C(=O)CO ,,1,
Adenot,,,fluprednisolone,CC13C=CC(=O)C=C1C(F)CC4C2CCC(O)(C(=O)CO)C2(C)CC(O)C34 ,CC13C=CC(=O)C=C1C(F)CC4C2CCC(O)(C(=O)CO)C2(C)CC(O)C34 ,,1,
Adenot,,,fluprednisolone-valerate,CCCCC(=O)OC3(CCC4C2CC(F)C1=CC(=O)C=CC1(C)C2C(O)CC34C)C(=O)CO ,CCCCC(=O)OC3(CCC4C2CC(F)C1=CC(=O)C=CC1(C)C2C(O)CC34C)C(=O)CO ,,1,
Adenot,,,fluradoline,CNCCSC2=Cc1ccccc1Oc3ccc(F)cc23 ,CNCCSC2=Cc1ccccc1Oc3ccc(F)cc23 ,,1,
Adenot,,,flurandrenolide (fludroxycortide),CC5(C)OC4CC3C2CC(F)C1=CC(=O)CCC1(C)C2C(O)CC3(C)C4(O5)C(=O)CO,CC5(C)OC4CC3C2CC(F)C1=CC(=O)CCC1(C)C2C(O)CC3(C)C4(O5)C(=O)CO,,1,
Adenot,,,fluroxene,FC(F)(F)COC=C ,FC(F)(F)COC=C ,,1,
Adenot,,,fluspiperone,Fc1ccc(cc1)N2CNC(=O)C24CCN(CCCC(=O)c3ccc(F)cc3)CC4 ,Fc1ccc(cc1)N2CNC(=O)C24CCN(CCCC(=O)c3ccc(F)cc3)CC4 ,,1,
Adenot,,,flutoprazepam,Fc1ccccc1C3=NCC(=O)N(CC2CC2)c4ccc(Cl)cc34 ,Fc1ccccc1C3=NCC(=O)N(CC2CC2)c4ccc(Cl)cc34 ,,1,
Adenot,,,furfenorex,CC(Cc1ccccc1)N(C)Cc2ccco2 ,CC(Cc1ccccc1)N(C)Cc2ccco2 ,,1,
Adenot,,,galantamine,COc2ccc3CN(C)CCC14C=CC(O)CC1Oc2c34 ,COc2ccc3CN(C)CCC14C=CC(O)CC1Oc2c34 ,,1,
Adenot,,,gamfexine,CN(C)CCC(C1CCCCC1)c2ccccc2 ,CN(C)CCC(C1CCCCC1)c2ccccc2 ,,1,
Adenot,,,ganciclovir,Nc2nc1n(COC(CO)CO)cnc1c(=O)[nH]2 ,Nc2nc1n(COC(CO)CO)cnc1c(=O)[nH]2 ,,1,
Adenot,,,glutethimide,CCC1(CCC(=O)NC1=O)c2ccccc2 ,CCC1(CCC(=O)NC1=O)c2ccccc2 ,,1,
Adenot,,,guanoxyfen,NC(=N)NCCCOc1ccccc1 ,NC(=N)NCCCOc1ccccc1 ,,1,
Adenot,,,halazepam,FC(F)(F)CN2C(=O)CN=C(c1ccccc1)c3cc(Cl)ccc23 ,FC(F)(F)CN2C(=O)CN=C(c1ccccc1)c3cc(Cl)ccc23 ,,1,
Adenot,,,halometasone,CC4CC3C2CC(F)C1=CC(=O)C(=CC1(C)C2(F)C(O)CC3(C)C4(O)C(=O)CO)Cl ,CC4CC3C2CC(F)C1=CC(=O)C(=CC1(C)C2(F)C(O)CC3(C)C4(O)C(=O)CO)Cl ,,1,
Adenot,,,haloperidol,OC2(CCN(CCCC(=O)c1ccc(F)cc1)CC2)c3ccc(Cl)cc3 ,OC2(CCN(CCCC(=O)c1ccc(F)cc1)CC2)c3ccc(Cl)cc3 ,,1,
Adenot,,,heptabarb,CCC1(C(=O)NC(=O)NC1=O)C2=CCCCCC2 ,CCC1(C(=O)NC(=O)NC1=O)C2=CCCCCC2 ,,1,
Adenot,,,hepzidine,CN1CCC(CC1)OC3c2ccccc2CCc4ccccc34 ,CN1CCC(CC1)OC3c2ccccc2CCc4ccccc34 ,,1,
Adenot,,,hexobarbital,CN2C(=O)NC(=O)C(C)(C1=CCCCC1)C2=O ,CN2C(=O)NC(=O)C(C)(C1=CCCCC1)C2=O ,,1,
Adenot,,,homochlorcyclizine,CN1CCCN(CC1)C(c2ccccc2)c3ccc(Cl)cc3 ,CN1CCCN(CC1)C(c2ccccc2)c3ccc(Cl)cc3 ,,1,
Adenot,,,homofenazine (homophenazine),OCCN4CCCN(CCCN2c1ccccc1Sc3ccc(cc23)C(F)(F)F)CC4 ,OCCN4CCCN(CCCN2c1ccccc1Sc3ccc(cc23)C(F)(F)F)CC4 ,,1,
Adenot,,,hydrocodone,COc1ccc2CC5C3CCC(=O)C4Oc1c2C34CCN5C ,COc1ccc2CC5C3CCC(=O)C4Oc1c2C34CCN5C ,,1,
Adenot,,,hydrocortisone-acetate,CC(=O)OCC(=O)C3(O)CCC4C2CCC1=CC(=O)CCC1(C)C2C(O)CC34C ,CC(=O)OCC(=O)C3(O)CCC4C2CCC1=CC(=O)CCC1(C)C2C(O)CC34C ,,1,
Adenot,,,hydrocortisone-buteprate,CCCC(=O)OC3(CCC4C2CCC1=CC(=O)CCC1(C)C2C(O)CC34C)C(=O)COC(=O)CC ,CCCC(=O)OC3(CCC4C2CCC1=CC(=O)CCC1(C)C2C(O)CC34C)C(=O)COC(=O)CC ,,1,
Adenot,,,hydrocortisone-butyrate,CCCC(=O)OC3(CCC4C2CCC1=CC(=O)CCC1(C)C2C(O)CC34C)C(=O)CO ,CCCC(=O)OC3(CCC4C2CCC1=CC(=O)CCC1(C)C2C(O)CC34C)C(=O)CO ,,1,
Adenot,,,hydromorphone,CN2CCC14C3CCC(=O)C1Oc5c(O)ccc(CC23)c45 ,CN2CCC14C3CCC(=O)C1Oc5c(O)ccc(CC23)c45 ,,1,
Adenot,,,hydroxypethidine,CCOC(=O)C1(CCN(C)CC1)c2cccc(O)c2 ,CCOC(=O)C1(CCN(C)CC1)c2cccc(O)c2 ,,1,
Adenot,,,hydroxyphenamate (oxyfenamate),CCC(O)(COC(N)=O)c1ccccc1 ,CCC(O)(COC(N)=O)c1ccccc1 ,,1,
Adenot,,,hydroxyzine (hydroxizine),OCCOCCN1CCN(CC1)C(c2ccccc2)c3ccc(Cl)cc3 ,OCCOCCN1CCN(CC1)C(c2ccccc2)c3ccc(Cl)cc3 ,,1,
Adenot,,,icometasone-enbutate,CCCC(=O)OC3(C(C)CC4C2CCC1=CC(=O)C=CC1(C)C2(Cl)C(O)CC34C)C(=O)COC(C)=O ,CCCC(=O)OC3(C(C)CC4C2CCC1=CC(=O)C=CC1(C)C2(Cl)C(O)CC34C)C(=O)COC(C)=O ,,1,
Adenot,,,iminophenimide,CCC1(NCC(=O)NC1=O)c2ccccc2 ,CCC1(NCC(=O)NC1=O)c2ccccc2 ,,1,
Adenot,,,imipramine,CN(C)CCCN2c1ccccc1CCc3ccccc23 ,CN(C)CCCN2c1ccccc1CCc3ccccc23 ,,1,
Adenot,,,indalpine,C1CC(CCN1)CCc2c[nH]c3ccccc23 ,C1CC(CCN1)CCc2c[nH]c3ccccc23 ,,1,
Adenot,,,intriptyline,CN(C)CC#CC=C2c1ccccc1C=Cc3ccccc23 ,CN(C)CC#CC=C2c1ccccc1C=Cc3ccccc23 ,,1,
Adenot,,,iprindole,CN(C)CCCn2c1CCCCCCc1c3ccccc23 ,CN(C)CCCn2c1CCCCCCc1c3ccccc23 ,,1,
Adenot,,,iproniazid,CC(C)NNC(=O)c1ccncc1 ,CC(C)NNC(=O)c1ccncc1 ,,1,
Adenot,,,isoflurane,FC(F)OC(Cl)C(F)(F)F ,FC(F)OC(Cl)C(F)(F)F ,,1,
Adenot,,,isomethadone,CCC(=O)C(C(C)CN(C)C)(c1ccccc1)c2ccccc2 ,CCC(=O)C(C(C)CN(C)C)(c1ccccc1)c2ccccc2 ,,1,
Adenot,,,isoprednidene,CC13CCC(=O)C=C1C=CC4C2CC(=C)C(O)(C(=O)CO)C2(C)CC(O)C34 ,CC13CCC(=O)C=C1C=CC4C2CC(=C)C(O)(C(=O)CO)C2(C)CC(O)C34 ,,1,
Adenot,,,isothamine (profenamine),CCN(CC)C(C)CN1c2ccccc2Sc2ccccc12,CCN(CC)C(C)CN1c2ccccc2Sc2ccccc12,,1,
Adenot,,,ketipramine (ketimipramine),CN(C)CCCN1c2ccccc2CC(=O)c2ccccc12,CN(C)CCCN1c2ccccc2CC(=O)c2ccccc12,,1,
Adenot,,,ketorfanol,Oc4cccc5CC2C1CCC(=O)CC1(CCN2CC3CC3)c45 ,Oc4cccc5CC2C1CCC(=O)CC1(CCN2CC3CC3)c45 ,,1,
Adenot,,,levomepromazine,COc3ccc2Sc1ccccc1N(CC(C)CN(C)C)c2c3 ,COc3ccc2Sc1ccccc1N(CC(C)CN(C)C)c2c3 ,,1,
Adenot,,,levoprotiline (oxaprotiline),CNCC(O)CC13CCC(c2ccccc12)c4ccccc34 ,CNCC(O)CC13CCC(c2ccccc12)c4ccccc34 ,,1,
Adenot,,,lirequinil,CCOC1CCN(C1)C(=O)c4cc(c2ccccc2)c(=O)n5CCc3ccc(Cl)cc3c45 ,CCOC1CCN(C1)C(=O)c4cc(c2ccccc2)c(=O)n5CCc3ccc(Cl)cc3c45 ,,1,
Adenot,,,litoxetine,C1CC(CCN1)OCc3ccc2ccccc2c3 ,C1CC(CCN1)OCc3ccc2ccccc2c3 ,,1,
Adenot,,,lobeline,CN1C(CCCC1CC(=O)c2ccccc2)CC(O)c3ccccc3 ,CN1C(CCCC1CC(=O)c2ccccc2)CC(O)c3ccccc3 ,,1,
Adenot,,,lodaxaprine,OC1CCN(CC1)c2ccc(nn2)c3ccccc3Cl ,OC1CCN(CC1)c2ccc(nn2)c3ccccc3Cl ,,1,
Adenot,,,lorazepam,OC3N=C(c1ccccc1Cl)c2cc(Cl)ccc2NC3=O ,OC3N=C(c1ccccc1Cl)c2cc(Cl)ccc2NC3=O ,,1,
Adenot,,,lorcinadol,Clc1ccc(nn1)N2CCN(CC2)CC=Cc3ccccc3 ,Clc1ccc(nn1)N2CCN(CC2)CC=Cc3ccccc3 ,,1,
Adenot,,,loreclezole,ClC(=Cn1cncn1)c2ccc(Cl)cc2Cl ,ClC(=Cn1cncn1)c2ccc(Cl)cc2Cl ,,1,
Adenot,,,losindole,CN3CC2Cc1ccc(Cl)cc1C(C2C3)c4ccccc4 ,CN3CC2Cc1ccc(Cl)cc1C(C2C3)c4ccccc4 ,,1,
Adenot,,,maprotiline,CNCCCC13CCC(c2ccccc12)c4ccccc34,CNCCCC13CCC(c2ccccc12)c4ccccc34,,1,
Adenot,,,maroxepin,CN1CCC3=C(CC1)c2ccccc2Oc4ccccc34 ,CN1CCC3=C(CC1)c2ccccc2Oc4ccccc34 ,,1,
Adenot,,,mazapertine,CC(C)Oc1ccccc1N2CCN(CC2)Cc3cccc(c3)C(=O)N4CCCCC4 ,CC(C)Oc1ccccc1N2CCN(CC2)Cc3cccc(c3)C(=O)N4CCCCC4 ,,1,
Adenot,,,medifoxamine,CN(C)CC(Oc1ccccc1)Oc2ccccc2 ,CN(C)CC(Oc1ccccc1)Oc2ccccc2 ,,1,
Adenot,,,mefeclorazine,COc3ccc(CCN1CCN(CC1)c2ccccc2Cl)cc3OC ,COc3ccc(CCN1CCN(CC1)c2ccccc2Cl)cc3OC ,,1,
Adenot,,,menitrazepam,CN2C(=O)CN=C(C1=CCCCC1)c3cc(ccc23)N(=O)=O ,CN2C(=O)CN=C(C1=CCCCC1)c3cc(ccc23)N(=O)=O ,,1,
Adenot,,,mephenytoin,CCC1(NC(=O)N(C)C1=O)c2ccccc2 ,CCC1(NC(=O)N(C)C1=O)c2ccccc2 ,,1,
Adenot,,,mephobarbital (methylphenobarbital),CCC1(C(=O)NC(=O)N(C)C1=O)c1ccccc1,CCC1(C(=O)NC(=O)N(C)C1=O)c1ccccc1,,1,
Adenot,,,mepiprazole,Cc3cc(CCN1CCN(CC1)c2cccc(Cl)c2)n[nH]3 ,Cc3cc(CCN1CCN(CC1)c2cccc(Cl)c2)n[nH]3 ,,1,
Adenot,,,meprednisone,CC4CC3C2CCC1=CC(=O)C=CC1(C)C2C(=O)CC3(C)C4(O)C(=O)CO ,CC4CC3C2CCC1=CC(=O)C=CC1(C)C2C(=O)CC3(C)C4(O)C(=O)CO ,,1,
Adenot,,,meprobamate,CCCC(C)(COC(N)=O)COC(N)=O ,CCCC(C)(COC(N)=O)COC(N)=O ,,1,
Adenot,,,metaclazepam,COCC3CN=C(c1ccccc1Cl)c2cc(Br)ccc2N3C ,COCC3CN=C(c1ccccc1Cl)c2cc(Br)ccc2N3C ,,1,
Adenot,,,metamfepramone,CC(N(C)C)C(=O)c1ccccc1 ,CC(N(C)C)C(=O)c1ccccc1 ,,1,
Adenot,,,metapramine,CNC2Cc1ccccc1N(C)c3ccccc23 ,CNC2Cc1ccccc1N(C)c3ccccc23 ,,1,
Adenot,,,metaxalone,Cc2cc(C)cc(OCC1CNC(=O)O1)c2 ,Cc2cc(C)cc(OCC1CNC(=O)O1)c2 ,,1,
Adenot,,,metazocine,CC2C3Cc1ccc(O)cc1C2(C)CCN3C ,CC2C3Cc1ccc(O)cc1C2(C)CCN3C ,,1,
Adenot,,,metetoin,CCC1(N(C)C(=O)NC1=O)c1ccccc1,CCC1(N(C)C(=O)NC1=O)c1ccccc1,,1,
Adenot,,,methadone  (levomethadone),CCC(=O)C(CC(C)N(C)C)(c1ccccc1)c2ccccc2 ,CCC(=O)C(CC(C)N(C)C)(c1ccccc1)c2ccccc2 ,,1,
Adenot,,,methaqualone,Cc1ccccc1n3c(C)nc2ccccc2c3=O ,Cc1ccccc1n3c(C)nc2ccccc2c3=O ,,1,
Adenot,,,methastyridone,CC1(C)NC(=O)C(O1)C=Cc2ccccc2 ,CC1(C)NC(=O)C(O1)C=Cc2ccccc2 ,,1,
Adenot,,,methiomeprazine (levometiomeprazine),CSc3ccc2Sc1ccccc1N(CC(C)CN(C)C)c2c3 ,CSc3ccc2Sc1ccccc1N(CC(C)CN(C)C)c2c3 ,,1,
Adenot,,,methopromazine,COc3ccc2Sc1ccccc1N(CCCN(C)C)c2c3 ,COc3ccc2Sc1ccccc1N(CCCN(C)C)c2c3 ,,1,
Adenot,,,methsuximide (mesuximide),CN1C(=O)CC(C)(C1=O)c1ccccc1,CN1C(=O)CC(C)(C1=O)c1ccccc1,,1,
Adenot,,,methylphenidate,COC(=O)C(C1CCCCN1)c2ccccc2 ,COC(=O)C(C1CCCCN1)c2ccccc2 ,,1,
Adenot,,,methylprednisolone,CC3CC2C1CCC(O)(C(=O)CO)C1(C)CC(O)C2C4(C)C=CC(=O)C=C34 ,CC3CC2C1CCC(O)(C(=O)CO)C1(C)CC(O)C2C4(C)C=CC(=O)C=C34 ,,1,
Adenot,,,methylprednisolone-aceponate,CCC(=O)OC3(CCC4C2CC(C)C1=CC(=O)C=CC1(C)C2C(O)CC34C)C(=O)COC(C)=O ,CCC(=O)OC3(CCC4C2CC(C)C1=CC(=O)C=CC1(C)C2C(O)CC34C)C(=O)COC(C)=O ,,1,
Adenot,,,methylprednisolone-acetate,CC3CC2C1CCC(O)(C(=O)COC(C)=O)C1(C)CC(O)C2C4(C)C=CC(=O)C=C34 ,CC3CC2C1CCC(O)(C(=O)COC(C)=O)C1(C)CC(O)C2C4(C)C=CC(=O)C=C34 ,,1,
Adenot,,,methyprylon,CCC1(CC)C(=O)NCC(C)C1=O ,CCC1(CC)C(=O)NCC(C)C1=O ,,1,
Adenot,,,metitepine (methiothepin),CSc1ccc2c(c1)C(Cc1ccccc1S2)N1CCN(C)CC1,CSc1ccc2c(c1)C(Cc1ccccc1S2)N1CCN(C)CC1,,1,
Adenot,,,metomidate,COC(=O)c1cncn1C(C)c2ccccc2 ,COC(=O)c1cncn1C(C)c2ccccc2 ,,1,
Adenot,,,mexiletine,CC(N)COc1c(C)cccc1C ,CC(N)COc1c(C)cccc1C ,,1,
Adenot,,,mezepine,CNCCCN2Cc1ccccc1Cc3ccccc23 ,CNCCCN2Cc1ccccc1Cc3ccccc23 ,,1,
Adenot,,,midazolam (midazolammaleate),Cc3ncc4CN=C(c1ccccc1F)c2cc(Cl)ccc2n34 ,Cc3ncc4CN=C(c1ccccc1F)c2cc(Cl)ccc2n34 ,,1,
Adenot,,,milenperone,Fc1ccc(cc1)C(=O)C4CCN(CCCn2c(=O)[nH]c3cc(Cl)ccc23)CC4 ,Fc1ccc(cc1)C(=O)C4CCN(CCCn2c(=O)[nH]c3cc(Cl)ccc23)CC4 ,,1,
Adenot,,,milipertine,COc4cc3[nH]c(C)c(CCN1CCN(CC1)c2ccccc2OC)c3cc4OC ,COc4cc3[nH]c(C)c(CCN1CCN(CC1)c2ccccc2OC)c3cc4OC ,,1,
Adenot,,,milnacipran,CCN(CC)C(=O)C1(CC1CN)c2ccccc2 ,CCN(CC)C(=O)C1(CC1CN)c2ccccc2 ,,1,
Adenot,,,mindoperone,COc4ccc3c(C2CCN(CCCC(=O)c1ccc(F)cc1)CC2)c(C)[nH]c3c4 ,COc4ccc3c(C2CCN(CCCC(=O)c1ccc(F)cc1)CC2)c(C)[nH]c3c4 ,,1,
Adenot,,,mirfentanil,O=C(N(C1CCN(CC1)CCc2ccccc2)c3cnccn3)c4ccco4 ,O=C(N(C1CCN(CC1)CCc2ccccc2)c3cnccn3)c4ccco4 ,,1,
Adenot,,,modaline,Cc1nccnc1N2CCCCC2 ,Cc1nccnc1N2CCCCC2 ,,1,
Adenot,,,mofegiline,NCC(CCc1ccc(F)cc1)=CF ,NCC(CCc1ccc(F)cc1)=CF ,,1,
Adenot,,,molindone,CCc2c(C)[nH]c3CCC(CN1CCOCC1)C(=O)c23 ,CCc2c(C)[nH]c3CCC(CN1CCOCC1)C(=O)c23 ,,1,
Adenot,,,nafenodone (dexnafenodone),CN(C)CCC2(CCc1ccccc1C2=O)c3ccccc3 ,CN(C)CCC2(CCc1ccccc1C2=O)c3ccccc3 ,,1,
Adenot,,,naloxone,Oc1ccc2CC4N(CCC35C(Oc1c23)C(=O)CCC45O)CC=C ,Oc1ccc2CC4N(CCC35C(Oc1c23)C(=O)CCC45O)CC=C ,,1,
Adenot,,,napitane,C5CC(CN1CCC(C1)c2ccccc2)c4ccc3OCOc3c4C5 ,C5CC(CN1CCC(C1)c2ccccc2)c4ccc3OCOc3c4C5 ,,1,
Adenot,,,naranol,CC1CN(C)CC2Cc3c(OC12O)ccc4ccccc34 ,CC1CN(C)CC2Cc3c(OC12O)ccc4ccccc34 ,,1,
Adenot,,,nealbarbital,CC(C)(C)CC1(CC=C)C(=O)NC(=O)NC1=O ,CC(C)(C)CC1(CC=C)C(=O)NC(=O)NC1=O ,,1,
Adenot,,,nebracetam,NCC2CN(Cc1ccccc1)C(=O)C2 ,NCC2CN(Cc1ccccc1)C(=O)C2 ,,1,
Adenot,,,nefopam,CN3CCOC(c1ccccc1)c2ccccc2C3 ,CN3CCOC(c1ccccc1)c2ccccc2C3 ,,1,
Adenot,,,nemonapride,CNc1cc(OC)c(cc1Cl)C(=O)NC3CCN(Cc2ccccc2)C3C ,CNc1cc(OC)c(cc1Cl)C(=O)NC3CCN(Cc2ccccc2)C3C ,,1,
Adenot,,,nerisopam,COc3cc2CC(=NN=C(c1ccc(N)cc1)c2cc3OC)C ,COc3cc2CC(=NN=C(c1ccc(N)cc1)c2cc3OC)C ,,1,
Adenot,,,nicodicodine,COc2ccc3CC6C4CCC(OC(=O)c1cccnc1)C5Oc2c3C45CCN6C ,COc2ccc3CC6C4CCC(OC(=O)c1cccnc1)C5Oc2c3C45CCN6C ,,1,
Adenot,,,nitrazepam,O=C3CN=C(c1ccccc1)c2cc(ccc2N3)N(=O)=O ,O=C3CN=C(c1ccccc1)c2cc(ccc2N3)N(=O)=O ,,1,
Adenot,,,nonaperone,Fc1ccc(cc1)C(=O)CCCN3CC2CCC(CC2)C3 ,Fc1ccc(cc1)C(=O)CCCN3CC2CCC(CC2)C3 ,,1,
Adenot,,,norcodeine,COc1ccc2CC4NCCC35C(Oc1c23)C(O)C=CC45 ,COc1ccc2CC4NCCC35C(Oc1c23)C(O)C=CC45 ,,1,
Adenot,,,normethadone,CCC(=O)C(CCN(C)C)(c1ccccc1)c2ccccc2 ,CCC(=O)C(CCN(C)C)(c1ccccc1)c2ccccc2 ,,1,
Adenot,,,ocfentanil,COCC(=O)N(C1CCN(CC1)CCc2ccccc2)c3ccccc3F ,COCC(=O)N(C1CCN(CC1)CCc2ccccc2)c3ccccc3F ,,1,
Adenot,,,odapipam,CN2CCc1cc(Cl)c(O)cc1C(C2)c3cccc4CCOc34 ,CN2CCc1cc(Cl)c(O)cc1C(C2)c3cccc4CCOc34 ,,1,
Adenot,,,olanzapine,CN1CCN(CC1)C3=Nc2ccccc2Nc4sc(C)cc34 ,CN1CCN(CC1)C3=Nc2ccccc2Nc4sc(C)cc34 ,,1,
Adenot,,,opipramol,OCCN4CCN(CCCN2c1ccccc1C=Cc3ccccc23)CC4 ,OCCN4CCN(CCCN2c1ccccc1C=Cc3ccccc23)CC4 ,,1,
Adenot,,,oxaflumazine,FC(F)(F)c5ccc4Sc1ccccc1N(CCCN3CCN(CCC2OCCCO2)CC3)c4c5 ,FC(F)(F)c5ccc4Sc1ccccc1N(CCCN3CCN(CCC2OCCCO2)CC3)c4c5 ,,1,
Adenot,,,oxanamide,CCCC1OC1(CC)C(N)=O ,CCCC1OC1(CC)C(N)=O ,,1,
Adenot,,,oxazolam,CC3CN2CC(=O)Nc1ccc(Cl)cc1C2(O3)c4ccccc4 ,CC3CN2CC(=O)Nc1ccc(Cl)cc1C2(O3)c4ccccc4 ,,1,
Adenot,,,oxilorphan,Oc4ccc3CC1N(CCC2(CCCCC12O)c3c4)CC5CC5 ,Oc4ccc3CC1N(CCC2(CCCCC12O)c3c4)CC5CC5 ,,1,
Adenot,,,oxomemazine,CC(CN(C)C)CN2c1ccccc1S(=O)(=O)c3ccccc23 ,CC(CN(C)C)CN2c1ccccc1S(=O)(=O)c3ccccc23 ,,1,
Adenot,,,oxypertine,COc4cc3[nH]c(C)c(CCN1CCN(CC1)c2ccccc2)c3cc4OC ,COc4cc3[nH]c(C)c(CCN1CCN(CC1)c2ccccc2)c3cc4OC ,,1,
Adenot,,,oxyridazine,COc4ccc3Sc1ccccc1N(CCC2CCCCN2C)c3c4 ,COc4ccc3Sc1ccccc1N(CCC2CCCCN2C)c3c4 ,,1,
Adenot,,,paracetamol (acetaminophen),CC(=O)Nc1ccc(O)cc1 ,CC(=O)Nc1ccc(O)cc1 ,,1,
Adenot,,,paramethadione,CCC1(C)OC(=O)N(C)C1=O ,CCC1(C)OC(=O)N(C)C1=O ,,1,
Adenot,,,paramethasone,CC4CC3C2CC(F)C1=CC(=O)C=CC1(C)C2C(O)CC3(C)C4(O)C(=O)CO ,CC4CC3C2CC(F)C1=CC(=O)C=CC1(C)C2C(O)CC3(C)C4(O)C(=O)CO ,,1,
Adenot,,,parapropamol,CCC(=O)Nc1ccc(O)cc1 ,CCC(=O)Nc1ccc(O)cc1 ,,1,
Adenot,,,paraxazone,NC(=O)CN1C(=O)COc2ccccc12 ,NC(=O)CN1C(=O)COc2ccccc12 ,,1,
Adenot,,,pecazine,CN1CCCC(C1)CN3c2ccccc2Sc4ccccc34 ,CN1CCCC(C1)CN3c2ccccc2Sc4ccccc34 ,,1,
Adenot,,,penciclovir,Nc2nc1n(CCC(CO)CO)cnc1c(=O)[nH]2 ,Nc2nc1n(CCC(CO)CO)cnc1c(=O)[nH]2 ,,1,
Adenot,,,pentamoxane,CC(C)CCNCC2COc1ccccc1O2 ,CC(C)CCNCC2COc1ccccc1O2 ,,1,
Adenot,,,pentobarbital,CCCC(C)C1(CC)C(=O)NC(=O)NC1=O ,CCCC(C)C1(CC)C(=O)NC(=O)NC1=O ,,1,
Adenot,,,pentylenetetrazole (pentetrazol),C1CCn2nnnc2CC1,C1CCn2nnnc2CC1,,1,
Adenot,,,periciazine,OC4CCN(CCCN2c1ccccc1Sc3ccc(C#N)cc23)CC4 ,OC4CCN(CCCN2c1ccccc1Sc3ccc(C#N)cc23)CC4 ,,1,
Adenot,,,perimetazine,COc4ccc3Sc1ccccc1N(CC(C)CN2CCC(O)CC2)c3c4 ,COc4ccc3Sc1ccccc1N(CC(C)CN2CCC(O)CC2)c3c4 ,,1,
Adenot,,,perisoxal,OC(CN1CCCCC1)c2cc(on2)c3ccccc3 ,OC(CN1CCCCC1)c2cc(on2)c3ccccc3 ,,1,
Adenot,,,perlapine,CN1CCN(CC1)C3=Nc2ccccc2Cc4ccccc34 ,CN1CCN(CC1)C3=Nc2ccccc2Cc4ccccc34 ,,1,
Adenot,,,phacetoperane,CC(=O)OC(C1CCCCN1)c2ccccc2 ,CC(=O)OC(C1CCCCN1)c2ccccc2 ,,1,
Adenot,,,phenaglycodol,CC(C)(O)C(C)(O)c1ccc(Cl)cc1 ,CC(C)(O)C(C)(O)c1ccc(Cl)cc1 ,,1,
Adenot,,,phencyclidine,C1CCN(CC1)C2(CCCCC2)c3ccccc3 ,C1CCN(CC1)C2(CCCCC2)c3ccccc3 ,,1,
Adenot,,,phendimetrazine,CC1C(OCCN1C)c2ccccc2 ,CC1C(OCCN1C)c2ccccc2 ,,1,
Adenot,,,phenelzine,NNCCc1ccccc1 ,NNCCc1ccccc1 ,,1,
Adenot,,,pheniprazine,CC(Cc1ccccc1)NN ,CC(Cc1ccccc1)NN ,,1,
Adenot,,,phenobarbital,CCC1(C(=O)NC(=O)NC1=O)c2ccccc2 ,CCC1(C(=O)NC(=O)NC1=O)c2ccccc2 ,,1,
Adenot,,,phenomorphan,Oc5ccc4CC2C1CCCCC1(CCN2CCc3ccccc3)c4c5 ,Oc5ccc4CC2C1CCCCC1(CCN2CCc3ccccc3)c4c5 ,,1,
Adenot,,,phenprobamate,NC(=O)OCCCc1ccccc1 ,NC(=O)OCCCc1ccccc1 ,,1,
Adenot,,,pimethixene,CN1CCC(CC1)=C3c2ccccc2Sc4ccccc34 ,CN1CCC(CC1)=C3c2ccccc2Sc4ccccc34 ,,1,
Adenot,,,piminodine,CCOC(=O)C2(CCN(CCCNc1ccccc1)CC2)c3ccccc3 ,CCOC(=O)C2(CCN(CCCNc1ccccc1)CC2)c3ccccc3 ,,1,
Adenot,,,pinazepam,Clc3ccc2N(CC#C)C(=O)CN=C(c1ccccc1)c2c3 ,Clc3ccc2N(CC#C)C(=O)CN=C(c1ccccc1)c2c3 ,,1,
Adenot,,,pinoxepin,OCCN4CCN(CCC=C2c1ccccc1COc3ccc(Cl)cc23)CC4 ,OCCN4CCN(CCC=C2c1ccccc1COc3ccc(Cl)cc23)CC4 ,,1,
Adenot,,,pipotiazine,CN(C)S(=O)(=O)c4ccc3Sc1ccccc1N(CCCN2CCC(CCO)CC2)c3c4 ,CN(C)S(=O)(=O)c4ccc3Sc1ccccc1N(CCCN2CCC(CCO)CC2)c3c4 ,,1,
Adenot,,,pipradrol,OC(C1CCCCN1)(c2ccccc2)c3ccccc3 ,OC(C1CCCCN1)(c2ccccc2)c3ccccc3 ,,1,
Adenot,,,piribedil,C4Oc3ccc(CN1CCN(CC1)c2ncccn2)cc3O4 ,C4Oc3ccc(CN1CCN(CC1)c2ncccn2)cc3O4 ,,1,
Adenot,,,pizotifen,CN1CCC(CC1)=C3c2ccccc2CCc4sccc34 ,CN1CCC(CC1)=C3c2ccccc2CCc4sccc34 ,,1,
Adenot,,,prazepam,Clc4ccc3N(CC1CC1)C(=O)CN=C(c2ccccc2)c3c4 ,Clc4ccc3N(CC1CC1)C(=O)CN=C(c2ccccc2)c3c4 ,,1,
Adenot,,,prazepine,CN(C)CCCN2Cc1ccccc1Cc3ccccc23 ,CN(C)CCCN2Cc1ccccc1Cc3ccccc23 ,,1,
Adenot,,,prednisolone,CC13C=CC(=O)C=C1CCC4C2CCC(O)(C(=O)CO)C2(C)CC(O)C34 ,CC13C=CC(=O)C=C1CCC4C2CCC(O)(C(=O)CO)C2(C)CC(O)C34 ,,1,
Adenot,,,prednisolone-acetate,CC(=O)OCC(=O)C3(O)CCC4C2CCC1=CC(=O)C=CC1(C)C2C(O)CC34C ,CC(=O)OCC(=O)C3(O)CCC4C2CCC1=CC(=O)C=CC1(C)C2C(O)CC34C ,,1,
Adenot,,,prednisolone-hemisuccinate,CC34CC(O)C1C(CCC2=CC(=O)C=CC12C)C3CCC4(O)C(=O)COC(=O)CCC(O)=O ,CC34CC(O)C1C(CCC2=CC(=O)C=CC12C)C3CCC4(O)C(=O)COC(=O)CCC(O)=O ,,1,
Adenot,,,prednival,CCCCC(=O)OC3(CCC4C2CCC1=CC(=O)C=CC1(C)C2C(O)CC34C)C(=O)CO ,CCCCC(=O)OC3(CCC4C2CCC1=CC(=O)C=CC1(C)C2C(O)CC34C)C(=O)CO ,,1,
Adenot,,,pregnanolone (Eltanolone),CC(=O)C3CCC4C2CCC1CC(O)CCC1(C)C2CCC34C,CC(=O)C3CCC4C2CCC1CC(O)CCC1(C)C2CCC34C,,1,
Adenot,,,premazepam,Cc2c1C(=NCC(=O)Nc1cn2C)c3ccccc3 ,Cc2c1C(=NCC(=O)Nc1cn2C)c3ccccc3 ,,1,
Adenot,,,prideperone,COc1ccc(C#N)cc1C(=O)NCCN2CCC(CC2)C(=O)c3ccc(F)cc3 ,COc1ccc(C#N)cc1C(=O)NCCN2CCC(CC2)C(=O)c3ccc(F)cc3 ,,1,
Adenot,,,primidone,CCC1(C(=O)NCNC1=O)c2ccccc2 ,CCC1(C(=O)NCNC1=O)c2ccccc2 ,,1,
Adenot,,,procinonide,CCC(=O)OCC(=O)C14OC(C)(C)OC1CC5C3CC(F)C2=CC(=O)C=CC2(C)C3(F)C(O)CC45C ,CCC(=O)OCC(=O)C14OC(C)(C)OC1CC5C3CC(F)C2=CC(=O)C=CC2(C)C3(F)C(O)CC45C ,,1,
Adenot,,,profexalone,CCCNC(=O)N1CC(OC1=O)c2ccccc2 ,CCCNC(=O)N1CC(OC1=O)c2ccccc2 ,,1,
Adenot,,,promazine,CN(C)CCCN2c1ccccc1Sc3ccccc23 ,CN(C)CCCN2c1ccccc1Sc3ccccc23 ,,1,
Adenot,,,promethazine,CC(CN2c1ccccc1Sc3ccccc23)N(C)C ,CC(CN2c1ccccc1Sc3ccccc23)N(C)C ,,1,
Adenot,,,propiomazine,CCC(=O)c3ccc2Sc1ccccc1N(CC(C)N(C)C)c2c3 ,CCC(=O)c3ccc2Sc1ccccc1N(CC(C)N(C)C)c2c3 ,,1,
Adenot,,,propoxate,CCCOC(=O)c1cncn1C(C)c2ccccc2 ,CCCOC(=O)c1cncn1C(C)c2ccccc2 ,,1,
Adenot,,,prosulpride,CCCN1CCCC1CNC(=O)c2cc(ccc2OC)S(N)(=O)=O ,CCCN1CCCC1CNC(=O)c2cc(ccc2OC)S(N)(=O)=O ,,1,
Adenot,,,prothipendyl,CN(C)CCCN2c1ccccc1Sc3cccnc23 ,CN(C)CCCN2c1ccccc1Sc3cccnc23 ,,1,
Adenot,,,protriptyline (protriptylene),CNCCCC2c1ccccc1C=Cc3ccccc23 ,CNCCCC2c1ccccc1C=Cc3ccccc23 ,,1,
Adenot,,,pyrithyldione,CCC1(CC)C(=O)NC=CC1=O ,CCC1(CC)C(=O)NC=CC1=O ,,1,
Adenot,,,pyrovalerone,CCCC(N1CCCC1)C(=O)c2ccc(C)cc2 ,CCCC(N1CCCC1)C(=O)c2ccc(C)cc2 ,,1,
Adenot,,,quazepam,Fc1ccccc1C2=NCC(=S)N(CC(F)(F)F)c3ccc(Cl)cc23 ,Fc1ccccc1C2=NCC(=S)N(CC(F)(F)F)c3ccc(Cl)cc23 ,,1,
Adenot,,,quinupramine,C1CN2CCC1C(C2)N4c3ccccc3CCc5ccccc45 ,C1CN2CCC1C(C2)N4c3ccccc3CCc5ccccc45 ,,1,
Adenot,,,ralitoline,CN1C(=O)CSC1=CC(=O)Nc2c(C)cccc2Cl ,CN1C(=O)CSC1=CC(=O)Nc2c(C)cccc2Cl ,,1,
Adenot,,,razobazam,CN2C(=O)CC(=O)N(c1ccccc1)c3c(C)n[nH]c23 ,CN2C(=O)CC(=O)N(c1ccccc1)c3c(C)n[nH]c23 ,,1,
Adenot,,,reboxetine,CCOc1ccccc1OC(C2CNCCO2)c3ccccc3 ,CCOc1ccccc1OC(C2CNCCO2)c3ccccc3 ,,1,
Adenot,,,remoxipride,CCN1CCCC1CNC(=O)c2c(OC)ccc(Br)c2OC ,CCN1CCCC1CNC(=O)c2c(OC)ccc(Br)c2OC ,,1,
Adenot,,,revospirone,O=C3N(CCCN1CCN(CC1)c2ncccn2)S(=O)(=O)c4ccccc34 ,O=C3N(CCCN1CCN(CC1)c2ncccn2)S(=O)(=O)c4ccccc34 ,,1,
Adenot,,,rilapine,CN1CCN(CC1)C3=Cc2cc(Cl)ccc2C(=CC#N)c4ccccc34 ,CN1CCN(CC1)C3=Cc2cc(Cl)ccc2C(=CC#N)c4ccccc34 ,,1,
Adenot,,,riluzole,Nc2nc1ccc(OC(F)(F)F)cc1s2 ,Nc2nc1ccc(OC(F)(F)F)cc1s2 ,,1,
Adenot,,,roflurane,COC(F)(F)C(F)Br ,COC(F)(F)C(F)Br ,,1,
Adenot,,,roletamide,COc1cc(cc(OC)c1OC)C(=O)C=CN2CC=CC2 ,COc1cc(cc(OC)c1OC)C(=O)C=CN2CC=CC2 ,,1,
Adenot,,,rolziracetam,O=C1CCC2CCC(=O)N12 ,O=C1CCC2CCC(=O)N12 ,,1,
Adenot,,,ropizine,Cc4cccc(C=NN1CCN(CC1)C(c2ccccc2)c3ccccc3)n4 ,Cc4cccc(C=NN1CCN(CC1)C(c2ccccc2)c3ccccc3)n4 ,,1,
Adenot,,,rufinamide,NC(=O)c2cn(Cc1c(F)cccc1F)nn2 ,NC(=O)c2cn(Cc1c(F)cccc1F)nn2 ,,1,
Adenot,,,sabeluzole,CN(C1CCN(CC1)CC(O)COc2ccc(F)cc2)c4nc3ccccc3s4 ,CN(C1CCN(CC1)CC(O)COc2ccc(F)cc2)c4nc3ccccc3s4 ,,1,
Adenot,,,secobarbital,CCCC(C)C1(CC=C)C(=O)NC(=O)NC1=O ,CCCC(C)C1(CC=C)C(=O)NC(=O)NC1=O ,,1,
Adenot,,,seproxetine,NCCC(Oc1ccc(cc1)C(F)(F)F)c2ccccc2 ,NCCC(Oc1ccc(cc1)C(F)(F)F)c2ccccc2 ,,1,
Adenot,,,sertraline,CNC2CCC(c1ccc(Cl)c(Cl)c1)c3ccccc23 ,CNC2CCC(c1ccc(Cl)c(Cl)c1)c3ccccc23 ,,1,
Adenot,,,setoperone,Cc2nc1SCCn1c(=O)c2CCN3CCC(CC3)C(=O)c4ccc(F)cc4 ,Cc2nc1SCCn1c(=O)c2CCN3CCC(CC3)C(=O)c4ccc(F)cc4 ,,1,
Adenot,,,sipatrigine,CN1CCN(CC1)c2ncc(c(N)n2)c3cc(Cl)cc(Cl)c3Cl ,CN1CCN(CC1)c2ncc(c(N)n2)c3cc(Cl)cc(Cl)c3Cl ,,1,
Adenot,,,spiclamine,Clc1ccc(cc1)C3C2CCC(C2)C34CCC(=N4)N5CCOCC5 ,Clc1ccc(cc1)C3C2CCC(C2)C34CCC(=N4)N5CCOCC5 ,,1,
Adenot,,,spiroxatrine,O=C2NCN(c1ccccc1)C23CCN(CC3)CC5COc4ccccc4O5 ,O=C2NCN(c1ccccc1)C23CCN(CC3)CC5COc4ccccc4O5 ,,1,
Adenot,,,sufentanil,CCC(=O)N(c1ccccc1)C3(CCN(CCc2cccs2)CC3)COC ,CCC(=O)N(c1ccccc1)C3(CCN(CCc2cccs2)CC3)COC ,,1,
Adenot,,,sulazepam,CN2C(=S)CN=C(c1ccccc1)c3cc(Cl)ccc23 ,CN2C(=S)CN=C(c1ccccc1)c3cc(Cl)ccc23 ,,1,
Adenot,,,sulfamethoxazole,Cc2cc(NS(=O)(=O)c1ccc(N)cc1)no2 ,Cc2cc(NS(=O)(=O)c1ccc(N)cc1)no2 ,,1,
Adenot,,,sulfonethylmethane,CCC(C)(S(=O)(=O)CC)S(=O)(=O)CC ,CCC(C)(S(=O)(=O)CC)S(=O)(=O)CC ,,1,
Adenot,,,sulforidazine,CN1CCCCC1CCN3c2ccccc2Sc4ccc(cc34)S(C)(=O)=O ,CN1CCCCC1CCN3c2ccccc2Sc4ccc(cc34)S(C)(=O)=O ,,1,
Adenot,,,sulpiride,CCN1CCCC1CNC(=O)c2cc(ccc2OC)S(N)(=O)=O ,CCN1CCCC1CNC(=O)c2cc(ccc2OC)S(N)(=O)=O ,,1,
Adenot,,,supidimide,O=C1NCCCC1N3C(=O)c2ccccc2S3(=O)=O ,O=C1NCCCC1N3C(=O)c2ccccc2S3(=O)=O ,,1,
Adenot,,,taclamine,C3CCN2CC4c1ccccc1CCc5cccc(C2C3)c45 ,C3CCN2CC4c1ccccc1CCc5cccc(C2C3)c45 ,,1,
Adenot,,,talbutal,CCC(C)C1(CC=C)C(=O)NC(=O)NC1=O ,CCC(C)C1(CC=C)C(=O)NC(=O)NC1=O ,,1,
Adenot,,,temazepam,CN2C(=O)C(O)N=C(c1ccccc1)c3cc(Cl)ccc23 ,CN2C(=O)C(O)N=C(c1ccccc1)c3cc(Cl)ccc23 ,,1,
Adenot,,,tenilapine,CN1CCN(CC1)C3=Nc2cscc2C(=CC#N)c4cscc34 ,CN1CCN(CC1)C3=Nc2cscc2C(=CC#N)c4cscc34 ,,1,
Adenot,,,teniloxazine,C1COC(CN1)COc2ccccc2Cc3cccs3 ,C1COC(CN1)COc2ccccc2Cc3cccs3 ,,1,
Adenot,,,tetrazepam,CN2C(=O)CN=C(C1=CCCCC1)c3cc(Cl)ccc23 ,CN2C(=O)CN=C(C1=CCCCC1)c3cc(Cl)ccc23 ,,1,
Adenot,,,thiotetrabarbital,CCCC(CC)C1(CC)C(=O)NC(=S)NC1=O ,CCCC(CC)C1(CC)C(=O)NC(=S)NC1=O ,,1,
Adenot,,,tiapride,CCN(CC)CCNC(=O)c1cc(ccc1OC)S(C)(=O)=O ,CCN(CC)CCNC(=O)c1cc(ccc1OC)S(C)(=O)=O ,,1,
Adenot,,,ticabesone (ticabesone-propionate),CCC(=O)OC3(C(C)CC4C2CC(F)C1=CC(=O)C=CC1(C)C2(F)C(O)CC34C)C(=O)SC ,CCC(=O)OC3(C(C)CC4C2CC(F)C1=CC(=O)C=CC1(C)C2(F)C(O)CC34C)C(=O)SC ,,1,
Adenot,,,tienopramine,CN(C)CCCN2c1ccccc1C=Cc3sccc23 ,CN(C)CCCN2c1ccccc1C=Cc3sccc23 ,,1,
Adenot,,,tiflucarbine,CCN4CCc3[nH]c2cc(F)c1scc(C)c1c2c3C4 ,CCN4CCc3[nH]c2cc(F)c1scc(C)c1c2c3C4 ,,1,
Adenot,,,tiletamine,CCNC1(CCCCC1=O)c2cccs2 ,CCNC1(CCCCC1=O)c2cccs2 ,,1,
Adenot,,,timobesone,CSC(=O)C3(O)C(C)CC4C2CCC1=CC(=O)C=CC1(C)C2(F)C(O)CC34C ,CSC(=O)C3(O)C(C)CC4C2CCC1=CC(=O)C=CC1(C)C2(F)C(O)CC34C ,,1,
Adenot,,,tolboxane,CCCC1(C)COB(OC1)c2ccc(C)cc2 ,CCCC1(C)COB(OC1)c2ccc(C)cc2 ,,1,
Adenot,,,toloxatone,Cc1cccc(c1)N2CC(CO)OC2=O ,Cc1cccc(c1)N2CC(CO)OC2=O ,,1,
Adenot,,,tomoxetine,CNCCC(Oc1ccccc1C)c2ccccc2 ,CNCCC(Oc1ccccc1C)c2ccccc2 ,,1,
Adenot,,,toprilidine,Cc1ccccc1N3CCN(CCCOc2ccccn2)CC3 ,Cc1ccccc1N3CCN(CCCOc2ccccn2)CC3 ,,1,
Adenot,,,trepipam (trimopam),COc1cc2c(cc1OC)C(CN(C)CC2)c1ccccc1,COc1cc2c(cc1OC)C(CN(C)CC2)c1ccccc1,,1,
Adenot,,,triamcinolone-acetonide,CC5(C)OC4CC3C2CCC1=CC(=O)C=CC1(C)C2(F)C(O)CC3(C)C4(O5)C(=O)CO ,CC5(C)OC4CC3C2CCC1=CC(=O)C=CC1(C)C2(F)C(O)CC3(C)C4(O5)C(=O)CO ,,1,
Adenot,,,triamcinolone-diacetate,CC(=O)OCC(=O)C3(O)C(CC4C2CCC1=CC(=O)C=CC1(C)C2(F)C(O)CC34C)OC(C)=O ,CC(=O)OCC(=O)C3(O)C(CC4C2CCC1=CC(=O)C=CC1(C)C2(F)C(O)CC34C)OC(C)=O ,,1,
Adenot,,,triamcinolone-hexacetonide,CC(C)(C)CC(=O)OCC(=O)C14OC(C)(C)OC1CC5C3CC2=CC(=O)C=CC2(C)C3(F)C(O)CC45C ,CC(C)(C)CC(=O)OCC(=O)C14OC(C)(C)OC1CC5C3CC2=CC(=O)C=CC2(C)C3(F)C(O)CC45C ,,1,
Adenot,,,triazolam,Cc3nnc4CN=C(c1ccccc1Cl)c2cc(Cl)ccc2n34 ,Cc3nnc4CN=C(c1ccccc1Cl)c2cc(Cl)ccc2n34 ,,1,
Adenot,,,triclacetamol,Oc1ccc(NC(=O)C(Cl)(Cl)Cl)cc1 ,Oc1ccc(NC(=O)C(Cl)(Cl)Cl)cc1 ,,1,
Adenot,,,triflubazam,CN2C(=O)CC(=O)N(c1ccccc1)c3cc(ccc23)C(F)(F)F ,CN2C(=O)CC(=O)N(c1ccccc1)c3cc(ccc23)C(F)(F)F ,,1,
Adenot,,,trifluomeprazine,CC(CN(C)C)CN2c1ccccc1Sc3ccc(cc23)C(F)(F)F ,CC(CN(C)C)CN2c1ccccc1Sc3ccc(cc23)C(F)(F)F ,,1,
Adenot,,,trifluoperazine,CN4CCN(CCCN2c1ccccc1Sc3ccc(cc23)C(F)(F)F)CC4 ,CN4CCN(CCCN2c1ccccc1Sc3ccc(cc23)C(F)(F)F)CC4 ,,1,
Adenot,,,trifluperidol,OC2(CCN(CCCC(=O)c1ccc(F)cc1)CC2)c3cccc(c3)C(F)(F)F ,OC2(CCN(CCCC(=O)c1ccc(F)cc1)CC2)c3cccc(c3)C(F)(F)F ,,1,
Adenot,,,triflupromazine,CN(C)CCCN2c1ccccc1Sc3ccc(cc23)C(F)(F)F ,CN(C)CCCN2c1ccccc1Sc3ccc(cc23)C(F)(F)F ,,1,
Adenot,,,trimethadione,CN1C(=O)OC(C)(C)C1=O ,CN1C(=O)OC(C)(C)C1=O ,,1,
Adenot,,,trimethoprim,COc2cc(Cc1cnc(N)nc1N)cc(OC)c2OC,COc2cc(Cc1cnc(N)nc1N)cc(OC)c2OC,,1,
Adenot,,,trimipramine,CC(CN(C)C)CN2c1ccccc1CCc3ccccc23 ,CC(CN(C)C)CN2c1ccccc1CCc3ccccc23 ,,1,
Adenot,,,tropapride,COc4cccc(C(=O)NC1CC2CCC(C1)N2Cc3ccccc3)c4OC ,COc4cccc(C(=O)NC1CC2CCC(C1)N2Cc3ccccc3)c4OC ,,1,
Adenot,,,tuclazepam,CN2C(CO)CN=C(c1ccccc1Cl)c3cc(Cl)ccc23 ,CN2C(CO)CN=C(c1ccccc1Cl)c3cc(Cl)ccc23 ,,1,
Adenot,,,tybamate,CCCCNC(=O)OCC(C)(CCC)COC(N)=O ,CCCCNC(=O)OCC(C)(CCC)COC(N)=O ,,1,
Adenot,,,ulobetasol,CC4CC3C2CC(F)C1=CC(=O)C=CC1(C)C2(F)C(O)CC3(C)C4(O)C(=O)CCl ,CC4CC3C2CC(F)C1=CC(=O)C=CC1(C)C2(F)C(O)CC3(C)C4(O)C(=O)CCl ,,1,
Adenot,,,valdetamide,CCC(CC)(CC=C)C(N)=O ,CCC(CC)(CC=C)C(N)=O ,,1,
Adenot,,,valnoctamide,CCC(C)C(CC)C(N)=O ,CCC(C)C(CC)C(N)=O ,,1,
Adenot,,,valperinol,COC3OC2OC4(CN1CCCCC1)C(O)CC(C2C)C34 ,COC3OC2OC4(CN1CCCCC1)C(O)CC(C2C)C34 ,,1,
Adenot,,,valpromide,CCCC(CCC)C(N)=O ,CCCC(CCC)C(N)=O ,,1,
Adenot,,,vinbarbital,CCC=C(C)C1(CC)C(=O)NC(=O)NC1=O ,CCC=C(C)C1(CC)C(=O)NC(=O)NC1=O ,,1,
Adenot,,,vinylbital,CCCC(C)C1(C=C)C(=O)NC(=O)NC1=O ,CCCC(C)C1(C=C)C(=O)NC(=O)NC1=O ,,1,
Adenot,,,xanomeline,CCCCCCOc1nsnc1C2=CCCN(C)C2 ,CCCCCCOc1nsnc1C2=CCCN(C)C2 ,,1,
Adenot,,,zaleplon,CCN(C(C)=O)c1cccc(c1)c2ccnc3c(C#N)cnn23 ,CCN(C(C)=O)c1cccc(c1)c2ccnc3c(C#N)cnn23 ,,1,
Adenot,,,zimeldine,CN(C)CC=C(c1ccc(Br)cc1)c2cccnc2 ,CN(C)CC=C(c1ccc(Br)cc1)c2cccnc2 ,,1,
Adenot,,,zolpidem,CN(C)C(=O)Cc1c(nc2ccc(C)cn12)c3ccc(C)cc3,CN(C)C(=O)Cc1c(nc2ccc(C)cn12)c3ccc(C)cc3,,1,
Adenot,,,zomebazam,CN2C(=O)CC(=O)N(c1ccccc1)c3c(C)nn(C)c23 ,CN2C(=O)CC(=O)N(c1ccccc1)c3c(C)nn(C)c23 ,,1,
Adenot,,,zometapine,Cc2nn(C)c3NCCN=C(c1cccc(Cl)c1)c23 ,Cc2nn(C)c3NCCN=C(c1cccc(Cl)c1)c23 ,,1,
Adenot,,,amdinocillinpivoxil (pivmecillinam),CC(C)(C)C(=O)OCOC(=O)C1N3C(SC1(C)C)C(N=CN2CCCCCC2)C3=O,CC(C)(C)C(=O)OCOC(=O)C1N3C(SC1(C)C)C(N=CN2CCCCCC2)C3=O,,0,
Adenot,,,amicycline,CN(C)C4C3CC2Cc1ccc(N)c(O)c1C(=O)C2=C(O)C3(O)C(=O)C(=C4O)C(N)=O ,CN(C)C4C3CC2Cc1ccc(N)c(O)c1C(=O)C2=C(O)C3(O)C(=O)C(=C4O)C(N)=O ,,0,
Adenot,,,amoxicillin,CC3(C)SC2C(NC(=O)C(N)c1ccc(O)cc1)C(=O)N2C3C(O)=O ,CC3(C)SC2C(NC(=O)C(N)c1ccc(O)cc1)C(=O)N2C3C(O)=O ,,0,
Adenot,,,ampicillin,CC3(C)SC2C(NC(=O)C(N)c1ccccc1)C(=O)N2C3C(O)=O ,CC3(C)SC2C(NC(=O)C(N)c1ccccc1)C(=O)N2C3C(O)=O ,,0,
Adenot,,,amrubicin,CC(=O)C5(N)CC(OC1CC(O)C(O)CO1)c4c(O)c3C(=O)c2ccccc2C(=O)c3c(O)c4C5 ,CC(=O)C5(N)CC(OC1CC(O)C(O)CO1)c4c(O)c3C(=O)c2ccccc2C(=O)c3c(O)c4C5 ,,0,
Adenot,,,butikacin,NCCC(O)CNC2CC(N)C(OC1OC(CN)C(O)C(O)C1O)C(O)C2OC3OC(CO)C(O)C(N)C3O ,NCCC(O)CNC2CC(N)C(OC1OC(CN)C(O)C(O)C1O)C(O)C2OC3OC(CO)C(O)C(N)C3O ,,0,
Adenot,,,cefalexin,CC1=C(N3C(SC1)C(NC(=O)C(N)c2ccccc2)C3=O)C(=O)OCC(=O)OC(C)(C)C ,CC1=C(N3C(SC1)C(NC(=O)C(N)c2ccccc2)C3=O)C(=O)OCC(=O)OC(C)(C)C ,,0,
Adenot,,,cefaloram,CC(=O)OCC1=C(N3C(SC1)C(NC(=O)Cc2ccccc2)C3=O)C(O)=O ,CC(=O)OCC1=C(N3C(SC1)C(NC(=O)Cc2ccccc2)C3=O)C(O)=O ,,0,
Adenot,,,cefazolin,Cc4nnc(SCC1=C(N3C(SC1)C(NC(=O)Cn2cnnn2)C3=O)C(O)=O)s4 ,Cc4nnc(SCC1=C(N3C(SC1)C(NC(=O)Cn2cnnn2)C3=O)C(O)=O)s4 ,,0,
Adenot,,,cefcapene,CCC=C(C(=O)NC2C1SCC(=C(N1C2=O)C(O)=O)COC(N)=O)c3csc(N)n3 ,CCC=C(C(=O)NC2C1SCC(=C(N1C2=O)C(O)=O)COC(N)=O)c3csc(N)n3 ,,0,
Adenot,,,cefedrolor,CC1=C(N3C(SC1)C(NC(=O)C(N)c2ccc(O)c(Cl)c2)C3=O)C(O)=O ,CC1=C(N3C(SC1)C(NC(=O)C(N)c2ccc(O)c(Cl)c2)C3=O)C(O)=O ,,0,
Adenot,,,cefoxazole,CC(=O)OCC1=C(N4C(SC1)C(NC(=O)c2c(C)onc2c3ccccc3Cl)C4=O)C(O)=O ,CC(=O)OCC1=C(N4C(SC1)C(NC(=O)c2c(C)onc2c3ccccc3Cl)C4=O)C(O)=O ,,0,
Adenot,,,cefoxitin,COC3(NC(=O)Cc1cccs1)C2SCC(=C(N2C3=O)C(O)=O)COC(N)=O ,COC3(NC(=O)Cc1cccs1)C2SCC(=C(N2C3=O)C(O)=O)COC(N)=O ,,0,
Adenot,,,cetocycline,CC(=O)C4=C(O)C(N)C3Cc2c(C)c1ccc(C)c(O)c1c(O)c2C(=O)C3(O)C4=O ,CC(=O)C4=C(O)C(N)C3Cc2c(C)c1ccc(C)c(O)c1c(O)c2C(=O)C3(O)C4=O ,,0,
Adenot,,,chlortetracycline,CN(C)C2C1CC4C(=C(O)C1(O)C(=O)C(=C2O)C(N)=O)C(=O)c3c(O)ccc(Cl)c3C4(C)O ,CN(C)C2C1CC4C(=C(O)C1(O)C(=O)C(=C2O)C(N)=O)C(=O)c3c(O)ccc(Cl)c3C4(C)O ,,0,
Adenot,,,clometocillin,COC(C(=O)NC2C1SC(C)(C)C(N1C2=O)C(O)=O)c3ccc(Cl)c(Cl)c3 ,COC(C(=O)NC2C1SC(C)(C)C(N1C2=O)C(O)=O)c3ccc(Cl)c(Cl)c3 ,,0,
Adenot,,,demeclocycline,CN(C)C4C3CC2C(O)c1c(Cl)ccc(O)c1C(=O)C2=C(O)C3(O)C(=O)C(=C4O)C(N)=O ,CN(C)C4C3CC2C(O)c1c(Cl)ccc(O)c1C(=O)C2=C(O)C3(O)C(=O)C(=C4O)C(N)=O ,,0,
Adenot,,,dicloxacillin,Cc1onc(c1C(=O)NC3C2SC(C)(C)C(N2C3=O)C(O)=O)c4c(Cl)cccc4Cl ,Cc1onc(c1C(=O)NC3C2SC(C)(C)C(N2C3=O)C(O)=O)c4c(Cl)cccc4Cl ,,0,
Adenot,,,doxycycline,CC3C2C(O)C1C(N(C)C)C(=C(C(N)=O)C(=O)C1(O)C(=C2C(=O)c4c(O)cccc34)O)O ,CC3C2C(O)C1C(N(C)C)C(=C(C(N)=O)C(=O)C1(O)C(=C2C(=O)c4c(O)cccc34)O)O ,,0,
Adenot,,,epicillin,CC3(C)SC2C(NC(=O)C(N)C1=CCC=CC1)C(=O)N2C3C(O)=O ,CC3(C)SC2C(NC(=O)C(N)C1=CCC=CC1)C(=O)N2C3C(O)=O ,,0,
Adenot,,,esorubicin,COc4cccc5C(=O)c3c(O)c2CC(O)(CC(OC1CC(N)CC(C)O1)c2c(O)c3C(=O)c45)C(=O)CO ,COc4cccc5C(=O)c3c(O)c2CC(O)(CC(OC1CC(N)CC(C)O1)c2c(O)c3C(=O)c45)C(=O)CO ,,0,
Adenot,,,etilefrine,CCNCC(O)c1cccc(O)c1 ,CCNCC(O)c1cccc(O)c1 ,,0,
Adenot,,,fenoxazoline,CC(C)c1ccccc1OCC2=NCCN2 ,CC(C)c1ccccc1OCC2=NCCN2 ,,0,
Adenot,,,flucloxacillin,Cc1onc(c1C(=O)NC3C2SC(C)(C)C(N2C3=O)C(O)=O)c4c(F)cccc4Cl ,Cc1onc(c1C(=O)NC3C2SC(C)(C)C(N2C3=O)C(O)=O)c4c(F)cccc4Cl ,,0,
Adenot,,,flurithromycin,CCC3OC(=O)C(C)C(OC1CC(C)(OC)C(O)C(C)O1)C(C)C(OC2OC(C)CC(C2O)N(C)C)C(C)(O)CC(C)(F)C(=O)C(C)C(O)C3(C)O ,CCC3OC(=O)C(C)C(OC1CC(C)(OC)C(O)C(C)O1)C(C)C(OC2OC(C)CC(C2O)N(C)C)C(C)(O)CC(C)(F)C(=O)C(C)C(O)C3(C)O ,,0,
Adenot,,,gramicidin-s-2,CCC1NC(=O)C2CCCN2C(=O)C(Cc2ccccc2)NC(=O)C(CC(C)C)NC(=O)C(CCCN)NC(=O)C(NC(=O)C2CCCN2C(=O)C(Cc2ccccc2)NC(=O)C(CC(C)C)NC(=O)C(CCCN)NC1=O)C(C)C,CCC1NC(=O)C2CCCN2C(=O)C(Cc2ccccc2)NC(=O)C(CC(C)C)NC(=O)C(CCCN)NC(=O)C(NC(=O)C2CCCN2C(=O)C(Cc2ccccc2)NC(=O)C(CC(C)C)NC(=O)C(CCCN)NC1=O)C(C)C,,0,
Adenot,,,hydroxyamphetamine,CC(N)Cc1ccc(O)cc1 ,CC(N)Cc1ccc(O)cc1 ,,0,
Adenot,,,isopropicillin,CC3(C)SC2C(NC(=O)C(C)(C)Oc1ccccc1)C(=O)N2C3C(O)=O ,CC3(C)SC2C(NC(=O)C(C)(C)Oc1ccccc1)C(=O)N2C3C(O)=O ,,0,
Adenot,,,josamycin,COC1C(CC(=O)OC(C)CC=CC=CC(O)C(C)CC(CC=O)C1OC3OC(C)C(OC2CC(C)(O)C(OC(=O)CC(C)C)C(C)O2)C(C3O)N(C)C)OC(C)=O ,COC1C(CC(=O)OC(C)CC=CC=CC(O)C(C)CC(CC=O)C1OC3OC(C)C(OC2CC(C)(O)C(OC(=O)CC(C)C)C(C)O2)C(C3O)N(C)C)OC(C)=O ,,0,
Adenot,,,kanamycin,NCC3OC(OC2C(N)CC(N)C(OC1OC(CO)C(O)C(N)C1O)C2O)C(O)C(O)C3O ,NCC3OC(OC2C(N)CC(N)C(OC1OC(CO)C(O)C(N)C1O)C2O)C(O)C(O)C3O ,,0,
Adenot,,,lidocaine,CCN(CC)CC(=O)Nc1c(C)cccc1C ,CCN(CC)CC(=O)Nc1c(C)cccc1C ,,0,
Adenot,,,methacycline (metacycline),CN(C)C4C3C(O)C2C(=C)c1cccc(O)c1C(=O)C2=C(O)C3(O)C(=O)C(=C4O)C(N)=O,CN(C)C4C3C(O)C2C(=C)c1cccc(O)c1C(=O)C2=C(O)C3(O)C(=O)C(=C4O)C(N)=O,,0,
Adenot,,,methotrexate,CN(Cc2cnc1nc(N)nc(N)c1n2)c3ccc(cc3)C(=O)NC(CCC(O)=O)C(O)=O ,CN(Cc2cnc1nc(N)nc(N)c1n2)c3ccc(cc3)C(=O)NC(CCC(O)=O)C(O)=O ,,0,
Adenot,,,methoxyphedrine,CNC(C)C(=O)c1ccc(OC)cc1 ,CNC(C)C(=O)c1ccc(OC)cc1 ,,0,
Adenot,,,nafcillin,CCOc2ccc1ccccc1c2C(=O)NC4C3SC(C)(C)C(N3C4=O)C(O)=O ,CCOc2ccc1ccccc1c2C(=O)NC4C3SC(C)(C)C(N3C4=O)C(O)=O ,,0,
Adenot,,,nitrendipine,CCOC(=O)C1=C(C)NC(=C(C1c2cccc(c2)N(=O)=O)C(=O)OC)C ,CCOC(=O)C1=C(C)NC(=C(C1c2cccc(c2)N(=O)=O)C(=O)OC)C ,,0,
Adenot,,,norfloxacin,CCn1cc(C(O)=O)c(=O)c2cc(F)c(cc12)N3CCNCC3 ,CCn1cc(C(O)=O)c(=O)c2cc(F)c(cc12)N3CCNCC3 ,,0,
Adenot,,,orphenadrine,CN(C)CCOC(c1ccccc1)c2ccccc2C ,CN(C)CCOC(c1ccccc1)c2ccccc2C ,,0,
Adenot,,,oxacillin,Cc2onc(c1ccccc1)c2C(=O)NC4C3SC(C)(C)C(N3C4=O)C(O)=O ,Cc2onc(c1ccccc1)c2C(=O)NC4C3SC(C)(C)C(N3C4=O)C(O)=O ,,0,
Adenot,,,oxetacillin,CC4(C)SC3C(N1C(=O)C(NC1(C)C)c2ccc(O)cc2)C(=O)N3C4C(O)=O ,CC4(C)SC3C(N1C(=O)C(NC1(C)C)c2ccc(O)cc2)C(=O)N3C4C(O)=O ,,0,
Adenot,,,phenethicillin (pheneticillin),CC(Oc1ccccc1)C(=O)NC3C2SC(C)(C)C(N2C3=O)C(O)=O,CC(Oc1ccccc1)C(=O)NC3C2SC(C)(C)C(N2C3=O)C(O)=O,,0,
Adenot,,,pristinamycin-ic,CC1OC(=O)C(NC(=O)C2CC(=O)CCN2C(=O)C(Cc2ccc(cc2)N(C)C)N(C)C(=O)C2CCCN2C(=O)C(C)NC(=O)C1NC(=O)c1ncccc1O)c1ccccc1,CC1OC(=O)C(NC(=O)C2CC(=O)CCN2C(=O)C(Cc2ccc(cc2)N(C)C)N(C)C(=O)C2CCCN2C(=O)C(C)NC(=O)C1NC(=O)c1ncccc1O)c1ccccc1,,0,
Adenot,,,propafenone,CCCNCC(O)COc1ccccc1C(=O)CCc2ccccc2 ,CCCNCC(O)COc1ccccc1C(=O)CCc2ccccc2 ,,0,
Adenot,,,propicillin,CCC(Oc1ccccc1)C(=O)NC3C2SC(C)(C)C(N2C3=O)C(O)=O ,CCC(Oc1ccccc1)C(=O)NC3C2SC(C)(C)C(N2C3=O)C(O)=O ,,0,
Adenot,,,sanfetrinem,COC2CCCC3C1C(C(C)O)C(=O)N1C(=C23)C=O ,COC2CCCC3C1C(C(C)O)C(=O)N1C(=C23)C=O ,,0,
Adenot,,,tamoxifen,CCC(=C(c1ccccc1)c2ccc(OCCN(C)C)cc2)c3ccccc3 ,CCC(=C(c1ccccc1)c2ccc(OCCN(C)C)cc2)c3ccccc3 ,,0,
Adenot,,,temocillin,COC3(NC(=O)C(C(O)=O)c1ccsc1)C2SC(C)(C)C(N2C3=O)C(O)=O ,COC3(NC(=O)C(C(O)=O)c1ccsc1)C2SC(C)(C)C(N2C3=O)C(O)=O ,,0,
Adenot,,,tetracycline,CN(C)C2C1CC4C(=C(O)C1(O)C(=O)C(=C2O)C(N)=O)C(=O)c3c(O)cccc3C4(C)O ,CN(C)C2C1CC4C(=C(O)C1(O)C(=O)C(=C2O)C(N)=O)C(=O)c3c(O)cccc3C4(C)O ,,0,
Adenot,,,ticarcillin,CC3(C)SC2C(NC(=O)C(C(O)=O)c1ccsc1)C(=O)N2C3C(O)=O ,CC3(C)SC2C(NC(=O)C(C(O)=O)c1ccsc1)C(=O)N2C3C(O)=O ,,0,
Adenot,,,atorvastatin (free acid),CC(C)c4c(C(=O)Nc1ccccc1)c(c2ccccc2)c(c3ccc(F)cc3)n4CCC(O)CC(O)CC(O)=O,CC(C)c4c(C(=O)Nc1ccccc1)c(c2ccccc2)c(c3ccc(F)cc3)n4CCC(O)CC(O)CC(O)=O,,0,
Adenot,,,dexamethason (betamethasone),CC4CC3C2CCC1=CC(=O)C=CC1(C)C2(F)C(O)CC3(C)C4(O)C(=O)CO ,CC4CC3C2CCC1=CC(=O)C=CC1(C)C2(F)C(O)CC3(C)C4(O)C(=O)CO ,,0,
Adenot,,,hydrocortisone ,CC13CCC(=O)C=C1CCC4C2CCC(O)(C(=O)CO)C2(C)CC(O)C34 ,CC13CCC(=O)C=C1CCC4C2CCC(O)(C(=O)CO)C2(C)CC(O)C34 ,,0,
Adenot,,,lovastatin,CCC(C)C(=O)OC2CC(C)C=C3C=CC(C)C(CCC1CC(O)CC(=O)O1)C23 ,CCC(C)C(=O)OC2CC(C)C=C3C=CC(C)C(CCC1CC(O)CC(=O)O1)C23 ,,0,
Adenot,,,methylchromone,Cc2coc1ccccc1c2=O ,Cc2coc1ccccc1c2=O ,,0,
Adenot,,,ondansetron,Cc1nccn1CC2CCc4c(C2=O)c3ccccc3n4C ,Cc1nccn1CC2CCc4c(C2=O)c3ccccc3n4C ,,0,
Adenot,,,pravastatin,CCC(C)C(=O)OC1CC(O)C=C2C=CC(C)C(CCC(O)CC(O)CC(O)=O)C12 ,CCC(C)C(=O)OC1CC(O)C=C2C=CC(C)C(CCC(O)CC(O)CC(O)=O)C12 ,,0,
Adenot,,,quinidine (quinine),COc4ccc3nccc(C(O)C1CC2CCN1CC2C=C)c3c4 ,COc4ccc3nccc(C(O)C1CC2CCN1CC2C=C)c3c4 ,,0,
Adenot,,,nitrous-oxide,[N-]=[N+]=O ,,,1,
Adenot,,,licostinel,[O-][N+](=O)c1c(c(cc2c1NC(=O)C(=O)N2)Cl)Cl,,,1,
Adenot,,,ademetionine (adenosyl-methionine),C[S+](CCC(N)C([O-])=O)CC1OC(C(O)C1O)n2cnc3c(N)ncnc23,,,1,
Adenot,,,mesocarb,CC(Cc1ccccc1)[N+]1=CC(O[N-]1)=NC(=O)Nc1ccccc1,,,1,
Adenot,,,tofisoline,CCc1c([n+](c(c2cc(c(cc12)OC)OC)c1ccc(c(c1)OC)OC)[N-])C,,,1,
Adenot,,,azidamfenicol,OCC(NC(=O)CN=[N+]=[N-])C(O)c1ccc(cc1)N(=O)=O ,,,1,
Adenot,,,cephaloridine (cefaloridine),[O-]C(=O)C2=C(CSC3C(NC(=O)Cc1cccs1)C(=O)N23)C[n+]4ccccc4,,,0,
Adenot,,,bevonium,C[N+]1(C)CCCCC1COC(=O)C(O)(c2ccccc2)c3ccccc3.CS([O-])(=O)=O ,,,0,
Adenot,,,sultroponium,C[N+]1(CCCS([O-])(=O)=O)C2CCC1CC(C2)OC(=O)C(CO)c3ccccc3 ,,,0,
Adenot,,,ceftazidime,CC(C)(ON=C(C(=O)NC2C1SCC(=C(N1C2=O)C([O-])=O)C[n+]3ccccc3)c4csc(N)n4)C(O)=O ,,,0,
Adenot,,,biapenem,CC(O)C2C1C(C)C(=C(N1C2=O)C(O)=O)SC4Cn3cnc[n+]3C4 ,,,0,
Adenot,,,panipenem,CC(O)C2C1CC(=C(N1C2=O)C(O)=O)SC3CCN(C3)C(N)=N.OC(=O)CCNC(=O)c1ccccc1 ,,,0,
Adenot,,,emepronium carragheenate,CC[N+](C)(C)C(C)CC(c1ccccc1)c1ccccc1,,,0,
Adenot,,,cefluprenam,CC[N+](C)(CC=CC1=C(N3C(SC1)C(NC(=O)C(=NOCF)c2nsc(N)n2)C3=O)C([O-])=O)CC(N)=O ,,,0,
Adenot,,,azidocillin,CC3(C)SC2C(NC(=O)C(N=[N+]=[N-])c1ccccc1)C(=O)N2C3C(O)=O ,,,0,
Adenot,,,pentapiperium,CCC(C)C(C(=O)OC1CC[N+](C)(C)CC1)c2ccccc2.COS([O-])(=O)=O ,,,0,
Adenot,,,cefepime,CON=C(C(=O)NC2C1SCC(=C(N1C2=O)C([O-])=O)C[N+]3(C)CCCC3)c4csc(N)n4 ,,,0,
Adenot,,,cefclidin,CON=C(C(=O)NC2C1SCC(=C(N1C2=O)C([O-])=O)C[N+]34CCC(CC3)(CC4)C(N)=O)c5nsc(N)n5 ,,,0,
Adenot,,,cefoselis,CON=C(C(=O)NC2C1SCC(=C(N1C2=O)C([O-])=O)C[n+]3ccc(N)n3CCO)c4csc(N)n4 ,,,0,
Adenot,,,cefpirome,CON=C(C(=O)NC2C1SCC(=C(N1C2=O)C([O-])=O)C[n+]3cccc4CCCc34)c5csc(N)n5 ,,,0,
Adenot,,,cefquinome,CON=C(C(=O)NC2C1SCC(=C(N1C2=O)C([O-])=O)C[n+]3cccc4CCCCc34)c5csc(N)n5 ,,,0,
Adenot,,,cefozopran,CON=C(C(=O)NC2C1SCC(=C(N1C2=O)C(O)=O)Cn3cc[n+]4ncccc34)c5nsc(N)n5 ,,,0,
Adenot,,,cefsulodin,NC(=O)c4cc[n+](CC1=C(N3C(SC1)C(NC(=O)C(c2ccccc2)S([O-])(=O)=O)C3=O)C(O)=O)cc4 ,,,0,
Adenot,,,cefalonium,NC(=O)c4cc[n+](CC1=C(N3C(SC1)C(NC(=O)Cc2cccs2)C3=O)C([O-])=O)cc4 ,,,0,
Adenot,,,cefempidone,Nc1ncc(s1)C(=NOC2CCNC2=O)C(=O)NC4C3SCC(=C(N3C4=O)C([O-])=O)C[n+]5ccccc5 ,,,0,
Adenot,,,cefpimizole,OC(=O)C3=C(CSC4C(NC(=O)C(NC(=O)c1nc[nH]c1C(O)=O)c2ccccc2)C(=O)N34)C[n+]5ccc(CCS([O-])(=O)=O)cc5 ,,,0,
Li,1.0,167,4,c1c(oc(c1)CN(C)C)CSCCNc1nc(c(c[nH]1)Cc1cc2c(cc1)cccc2)=O,,c1c(oc(c1)CN(C)C)CSCCNc1nc(c(c[nH]1)Cc1cc2c(cc1)cccc2)=O,0,6.0
Li,6.0,1,35,c12c(c(ccc1)Cl)C(N(Cc1n2cnc1c1nc(on1)C(CO)(C)O)C)=O  ,,c12c(c(ccc1)Cl)C(N(Cc1n2cnc1c1nc(on1)[C@](CO)(C)O)C)=O,0,1.0
Li,7.0,2,1-47,NCCc1cn2c(n1)cccc2,,NCCc1cn2c(n1)cccc2,0,1.0
Li,8.0,143,5-62,c1cc(c2nc(sc2)CCN)ccc1,,c1cc(c2nc(sc2)CCN)ccc1,0,4.0
Li,9.0,168,8-5,CN(C)Cc1oc(cc1)CSCCNC=1NC=C(CN1)Cc1cnc(cc1)C,,CN(C)Cc1oc(cc1)CSCCNC=1NC=C(CN1)Cc1cnc(cc1)C,0,6.0
Li,11.0,180,Amifostine,NCCCNCCSP(O)(O)=O ,,S(CCNCCCN)P(O)(O)=O,0,8.0
Li,12.0,182,Aminosalicylicacid,Nc1ccc(C(O)=O)c(O)c1 ,,c1(c(cc(N)cc1)O)C(O)=O,0,8.0
Li,15.0,67,Atenolol,CC(C)NCC(O)COc1ccc(CC(N)=O)cc1 ,,c1(ccc(CC(N)=O)cc1)OC[C@@H](CNC(C)C)O,0,2.0
Li,16.0,231,Atovaquone,OC4=C(C1CCC(CC1)c2ccc(Cl)cc2)C(=O)c3ccccc3C4=O ,,C=1(C2CCC(c3ccc(Cl)cc3)CC2)C(c2c(cccc2)C(C1O)=O)=O,0,8.0
Li,17.0,233,Azelaicacid,OC(=O)CCCCCCCC(O)=O ,,C(CCCCCCCC(O)=O)(O)=O,0,8.0
Li,19.0,235,Bacitracin,C(C1C(NC(Cc2c[nH]cn2)C(NC(C(NC(C(=O)NC(C(NC(C(NC(C(N1)=O)C(CC)C)=O)CCCN)=O)CCCCNC(C(NC(C(NC(C(NC(C1N=C(C(C(CC)C)N)SC1)=O)CC(C)C)=O)CCC(O)=O)=O)C(CC)C)=O)CC(N)=O)=O)CC(O)=O)=O)=O)c1ccccc1,,C([C@@H]1C(N[C@@H](Cc2c[nH]cn2)C(N[C@@H](C(N[C@H](C(=O)N[C@H](C(N[C@@H](C(N[C@H](C(N1)=O)[C@H](CC)C)=O)CCCN)=O)CCCCNC([C@@H](NC([C@H](NC([C@@H](NC([C@H]1N=C([C@@H]([C@@H](CC)C)N)SC1)=O)CC(C)C)=O)CCC(O)=O)=O)[C@H](CC)C)=O)CC(N)=O)=O)CC(O)=O)=O)=O)c1ccccc1,0,8.0
Li,20.0,169,BBcpd10,c1(nccc(c1)c1nc([nH]n1)N)N(C)C,,c1(nccc(c1)c1nc([nH]n1)N)N(C)C,0,6.0
Li,21.0,314,Bis-hydroxylated-L-663581,c12c(C(N(Cc3n1cnc3c1noc(n1)C(CO)(CO)C)C)=O)c(ccc2)Cl,,c12c(C(N(Cc3n1cnc3c1noc(n1)C(CO)(CO)C)C)=O)c(ccc2)Cl,0,9.0
Li,22.0,331,BRL52974,c1(ccc(c(c1)Cl)Cl)CC(N1C(c2c(CC1)[nH]cn2)CN1CCCC1)=O,,c1(ccc(c(c1)Cl)Cl)CC(N1[C@@H](c2c(CC1)[nH]cn2)CN1CCCC1)=O,0,10.0
Li,23.0,238,Bromocriptine,CC(C)CC7N5C(=O)C(NC(=O)C2CN(C)C1Cc3c(Br)[nH]c4cccc(C1=C2)c34)(OC5(O)C6CCCN6C7=O)C(C)C ,,N12[C@](C3N(CCC3)C([C@@H]2CC(C)C)=O)(O[C@](C1=O)(NC([C@@H]1C=C2c3c4c(c(Br)[nH]c4ccc3)C[C@H]2[N@@](C1)C)=O)C(C)C)O,0,8.0
Li,25.0,334,carebastine,CC(C)(C(O)=O)c1ccc(cc1)C(=O)CCCN2CCC(CC2)OC(c3ccccc3)c4ccccc4 ,,CC(C)(C(O)=O)c1ccc(cc1)C(=O)CCCN1CCC(CC1)OC(c1ccccc1)c1ccccc1,0,10.0
Li,26.0,244,Cefradine,N12C(C(NC(C(C=3CC=CCC3)N)=O)C1=O)SCC(=C2C(O)=O)C,,N12[C@H]([C@@H](NC([C@H](C=3CC=CCC3)N)=O)C1=O)SCC(=C2C(O)=O)C,0,8.0
Li,28.0,13,Chlorambucil,OC(=O)CCCc1ccc(cc1)N(CCCl)CCCl ,,c1(N(CCCl)CCCl)ccc(CCCC(O)=O)cc1,0,1.0
Li,29.0,247,Chlorothiazide,NS(=O)(=O)c2cc1c(N=CNS1(=O)=O)cc2Cl ,,c12c(cc(Cl)c(c1)S(N)(=O)=O)N=CNS2(=O)=O,0,8.0
Li,31.0,336,ciprofloxacin,OC(=O)c4cn(C1CC1)c3cc(N2CCNCC2)c(F)cc3c4=O ,,c1(c(cc2c(c1)n(cc(c2=O)C(O)=O)C1CC1)F)N1CCNCC1,0,10.0
Li,34.0,337,corticosterone,CC34CC(O)C1C(CCC2=CC(=O)CCC12C)C3CCC4C(=O)CO ,,C1C(C=C2[C@](C1)([C@@H]1[C@@H](CC2)[C@H]2[C@](C[C@H]1O)([C@H](CC2)C(CO)=O)C)C)=O,0,10.0
Li,36.0,339,cp102,c1cn(CCO)c(CC)c(O)c1=O,,c1cn(CCO)c(CC)c(O)c1=O,0,10.0
Li,37.0,340,cp107,c1cn(CCCCO)c(CC)c(O)c1=O,,c1cn(CCCCO)c(CC)c(O)c1=O,0,10.0
Li,38.0,346,cp41,c1cn(CCCO)c(C)c(O)c1=O,,c1cn(CCCO)c(C)c(O)c1=O,0,10.0
Li,40.0,138,Delavirdine,CC(C)Nc1cccnc1N2CCN(CC2)C(=O)c4cc3cc(NS(C)(=O)=O)ccc3[nH]4 ,,c1(ncccc1NC(C)C)N1CCN(C(c2cc3cc(NS(C)(=O)=O)ccc3[nH]2)=O)CC1,0,4.0
Li,42.0,190,Dexrazoxane,CC(CN1CC(=O)NC(=O)C1)N2CC(=O)NC(=O)C2 ,,N1(C[C@@H](N2CC(NC(C2)=O)=O)C)CC(NC(C1)=O)=O,0,8.0
Li,43.0,19,Didanosine,OCC1CCC(O1)n2cnc3c(=O)[nH]cnc23 ,,n1(c2c(c(ncn2)O)nc1)[C@@H]1O[C@H](CO)CC1,0,1.0
Li,44.0,349,difloxacin,CN1CCN(CC1)c3cc2n(cc(C(O)=O)c(=O)c2cc3F)c4ccc(F)cc4 ,,CN1CCN(CC1)c1cc2n(cc(C(O)=O)c(=O)c2cc1F)c1ccc(F)cc1,0,10.0
Li,45.0,192,Dihydroergotamine,CN1CC(CC2C1Cc3c[nH]c4cccc2c34)C(=O)NC8(C)OC7(O)C5CCCN5C(=O)C(Cc6ccccc6)N7C8=O ,,N12[C@]([C@@H]3CCCN3C([C@@H]1Cc1ccccc1)=O)(OC(NC([C@@H]1C[C@@H]3c4c5c(c[nH]c5ccc4)C[C@H]3[N@@](C1)C)=O)(C)C2=O)O,0,8.0
Li,48.0,139,Ebastine,CC(C)(C)c1ccc(cc1)C(=O)CCCN2CCC(CC2)OC(c3ccccc3)c4ccccc4 ,,C(c1ccccc1)(c1ccccc1)OC1CCN(CCCC(c2ccc(C(C)(C)C)cc2)=O)CC1,0,4.0
Li,49.0,196,Efavirenz,FC(F)(F)C1(OC(=O)Nc2ccc(Cl)cc12)C#CC3CC3 ,,c12[C@](C#CC3CC3)(OC(=O)Nc1ccc(c2)Cl)C(F)(F)F,0,8.0
Li,50.0,352,EMD60400,c1ccc(C(CN2CCC(C2)O)N(C(Cc2ccccc2N)=O)C)cc1,,c1ccc([C@H](C[N@]2CC[C@H](C2)O)N(C(Cc2ccccc2N)=O)C)cc1,0,10.0
Li,51.0,197,Enalapril,CCOC(=O)C(CCc1ccccc1)NC(C)C(=O)N2CCCC2C(O)=O ,,N1([C@@H](CCC1)C(O)=O)C([C@@H](N[C@@H](CCc1ccccc1)C(OCC)=O)C)=O,0,8.0
Li,54.0,199,Etacrynicacid,c1(c(c(c(OCC(O)=O)cc1)Cl)Cl)C(C(CC)=C)=O,,c1(c(c(c(OCC(O)=O)cc1)Cl)Cl)C(C(CC)=C)=O,0,8.0
Li,55.0,200,Ethambutol,CCC(CO)NCCNC(CC)CO ,,N([C@H](CC)CO)CCN[C@H](CC)CO,0,8.0
Li,57.0,355,fleroxacin,CN1CCN(CC1)c3c(F)cc2c(=O)c(cn(CCF)c2c3F)C(O)=O ,,CN1CCN(CC1)c1c(F)cc2c(=O)c(cn(CCF)c2c1F)C(O)=O,0,10.0
Li,58.0,357,furosemide,NS(=O)(=O)c2cc(C(O)=O)c(NCc1ccco1)cc2Cl ,,C(=O)(O)c1c(NCc2ccco2)cc(c(c1)S(N)(=O)=O)Cl,0,10.0
Li,59.0,364,GR94839,CC(=O)N2CCN(C(CN1CCC(O)C1)C2)C(=O)Cc3ccc(Cl)c(Cl)c3 ,,c1(ccc(c(c1)Cl)Cl)CC(=O)N1[C@H](CN(C(=O)C)CC1)C[N@@]1C[C@H](O)CC1,0,10.0
Li,60.0,365,GR94839_A,c1(CC(N2C(CN(CC2)C(=O)C)CN2CCC(C2)O)=O)ccc(C(F)(F)F)cc1,,c1(CC(N2[C@H](CN(CC2)C(=O)C)C[N@]2CC[C@H](C2)O)=O)ccc(C(F)(F)F)cc1,0,10.0
Li,61.0,366,GR94839_B,c1(ccc(cc1)SC)CC(N1C(CN(CC1)C(=O)C)CN1CCC(C1)O)=O,,c1(ccc(cc1)SC)CC(N1[C@H](CN(CC1)C(=O)C)C[N@]1CC[C@H](C1)O)=O,0,10.0
Li,62.0,367,GR94839_C,c1(CC(N2C(CN(CC2)C(=O)C)CN2CCC(C2)O)=O)cc(cc(c1)F)F,,c1(CC(N2[C@H](CN(CC2)C(=O)C)C[N@]2CC[C@H](C2)O)=O)cc(cc(c1)F)F,0,10.0
Li,63.0,368,GR94839_D,CC(=O)N2CCN(C(CN1CCC(O)C1)C2)C(=O)Cc3ccccc3 ,,c1(CC(N2[C@H](CN(CC2)C(=O)C)C[N@]2CC[C@H](C2)O)=O)cc(ccc1)OC,0,10.0
Li,64.0,369,GR94839_E,c1(CC(N2C(CN(CC2)C(=O)C)CN2CCC(O)C2)=O)ccc(N(=O)=O)cc1,,c1(CC(N2[C@H](CN(CC2)C(=O)C)C[N@]2CC[C@H](O)C2)=O)ccc(N(=O)=O)cc1,0,10.0
Li,65.0,370,GR94839_F,c1(CC(N2C(CN(CC2)C(=O)C)CN2CCC(C2)O)=O)ccc(OC)cc1,,c1(CC(N2[C@H](CN(CC2)C(=O)C)C[N@]2CC[C@H](C2)O)=O)ccc(OC)cc1,0,10.0
Li,66.0,371,GR94839_G,c1(CC(N2C(CN(CC2)C(=O)C)CN2CCC(O)C2)=O)cc(ccc1)N(=O)=O,,c1(CC(N2[C@H](CN(CC2)C(=O)C)C[N@]2CC[C@H](O)C2)=O)cc(ccc1)N(=O)=O,0,10.0
Li,67.0,372,GR94839_H,c1(ccccc1)CC(N1C(CN(CC1)C(=O)C)CN1CCC(C1)O)=O,,c1(ccccc1)CC(N1[C@H](CN(CC1)C(=O)C)C[N@]1CC[C@H](C1)O)=O,0,10.0
Li,68.0,373,GR94839_I,c1(CC(N2C(CN(CC2)C(=O)C)CN2CCC(O)C2)=O)ccc(S(=O)C)cc1,,c1(CC(N2[C@H](CN(CC2)C(=O)C)C[N@]2CC[C@H](O)C2)=O)ccc([S@](=O)C)cc1,0,10.0
Li,69.0,374,GR94839_L,c1(CC(N2C(CN(CC2)C(=O)C)CN2CCC(O)C2)=O)ccc(S(=O)(=O)C)cc1,,c1(CC(N2[C@H](CN(CC2)C(=O)C)C[N@]2CC[C@H](O)C2)=O)ccc(S(=O)(=O)C)cc1,0,10.0
Li,70.0,304,Guanadrel,NC(=N)NCC2COC1(CCCCC1)O2 ,,C1CCCC2(C1)O[C@H](CO2)CNC(N)=[NH2],0,8.0
Li,71.0,257,Hydrochlorothiazide,NS(=O)(=O)c2cc1c(NCNS1(=O)=O)cc2Cl ,,c12c(cc(Cl)c(c1)S(N)(=O)=O)NCNS2(=O)=O,0,8.0
Li,72.0,23,Icotidine,COc1cccnc1CCCCNc3nc(=O)c(Cc2ccc(C)nc2)c[nH]3 ,,c1c(c(ncc1)CCCCNc1nc(c(c[nH]1)Cc1ccc(nc1)C)=O)OC,0,1.0
Li,73.0,25,Indometacin,c12c(c(CC(O)=O)c(n1C(c1ccc(Cl)cc1)=O)C)cc(OC)cc2,,c12c(c(CC(O)=O)c(n1C(c1ccc(Cl)cc1)=O)C)cc(OC)cc2,0,1.0
Li,74.0,377,isoxicam,CN2C(=C(O)c1ccccc1S2(=O)=O)C(=O)Nc3cc(C)on3 ,,CN1C(=C(O)c2ccccc2S1(=O)=O)C(=O)Nc1cc(C)on1,0,10.0
Li,78.0,265,Ketorolac,OC(=O)C1CCn2c1ccc2C(=O)c3ccccc3 ,,n12c([C@H](C(O)=O)CC2)ccc1C(c1ccccc1)=O,0,8.0
Li,79.0,379,lomefloxacin,CCn2cc(C(O)=O)c(=O)c3cc(F)c(N1CCNC(C)C1)c(F)c23 ,,CCn1cc(C(O)=O)c(=O)c2cc(F)c(N3CCN[C@H](C)C3)c(F)c12,0,10.0
Li,80.0,380,loperamide,CN(C)C(=O)C(CCN1CCC(O)(CC1)c2ccc(Cl)cc2)(c3ccccc3)c4ccccc4 ,,CN(C)C(=O)C(CCN1CCC(O)(CC1)c1ccc(Cl)cc1)(c1ccccc1)c1ccccc1,0,10.0
Li,82.0,27,Lupitidine,CN(C)Cc3ccc(CSCCNc2nc(=O)c(Cc1ccc(C)nc1)c[nH]2)o3 ,,CN(C)Cc1ccc(CSCCNc2nc(=O)c(Cc3ccc(C)nc3)c[nH]2)o1,0,1.0
Li,83.0,267,Mannitol,OCC(O)C(O)C(O)C(O)CO ,,O[C@@H]([C@@H]([C@@H](CO)O)O)[C@@H](CO)O,0,8.0
Li,84.0,382,meloxicam,CN2C(=C(O)c1ccccc1S2(=O)=O)C(=O)Nc3ncc(C)s3 ,,CN1C(=C(O)c2ccccc2S1(=O)=O)C(=O)Nc1ncc(C)s1,0,10.0
Li,85.0,269,Metaraminol,CC(N)C(O)c1cccc(O)c1 ,,c1(cc(ccc1)O)[C@H]([C@H](C)N)O,0,8.0
Li,87.0,273,Mifepristone,CC#CC3(O)CCC4C2CCC1=CC(=O)CCC1=C2C(CC34C)c5ccc(cc5)N(C)C ,,C1=2[C@H]([C@H]3[C@]([C@@](C#CC)(O)CC3)(C)C[C@@H]1c1ccc(N(C)C)cc1)CCC=1C2CCC(C1)=O,0,8.0
Li,88.0,316,Mono-hydroxylated-L-663581,c12c(C(N(Cc3n1cnc3c1noc(n1)C(O)(C)C)C)=O)c(ccc2)Cl,,c12c(C(N(Cc3n1cnc3c1noc(n1)C(O)(C)C)C)=O)c(ccc2)Cl,0,9.0
Li,92.0,211,Norepinephrine,NCC(O)c1ccc(O)c(O)c1 ,,N1(c2c(Sc3c1cccc3)ccc(c2)SC)CC[C@H]1NCCCC1,0,8.0
Li,94.0,212,Omeprazole,COc2ccc1[nH]c(nc1c2)S(=O)Cc3ncc(C)c(OC)c3C ,,c12c([nH]c(n1)[S@@](Cc1c(c(c(C)cn1)OC)C)=O)ccc(c2)OC,0,8.0
Li,96.0,386,pefloxacin,CCn1cc(C(O)=O)c(=O)c2cc(F)c(cc12)N3CCN(C)CC3 ,,CCn1cc(C(O)=O)c(=O)c2cc(F)c(cc12)N1CCN(C)CC1,0,10.0
Li,97.0,218,Phenazopyridine,Nc2ccc(N=Nc1ccccc1)c(N)n2 ,,c1(c(nc(N)cc1)N)\N=N\c1ccccc1,0,8.0
Li,98.0,220,Phenoxymethylpenicillin,CC3(C)SC2C(NC(=O)COc1ccccc1)C(=O)N2C3C(O)=O ,,N12[C@@H]([C@@H](NC(COc3ccccc3)=O)[C-]2=O)SC([C@@H]1C(=O)O)(C)C,0,8.0
Li,99.0,388,piroxicam,CN2C(=C(O)c1ccccc1S2(=O)=O)C(=O)Nc3ccccn3 ,,c1ccc2c(c1)C(=C(N(S2(=O)=O)C)C(Nc1ncccc1)=O)O,0,10.0
Li,101.0,225,Probenecid,CCCN(CCC)S(=O)(=O)c1ccc(cc1)C(O)=O ,,c1(S(N(CCC)CCC)(=O)=O)ccc(C(O)=O)cc1,0,8.0
Li,102.0,280,Quinine,c12c([C@H]([C@H]3[N@@]4C[C@H](C=C)[C@H](C3)CC4)O)ccnc1ccc(c2)OC,,c12c([C@H]([C@H]3[N@@]4C[C@H](C=C)[C@H](C3)CC4)O)ccnc1ccc(c2)OC,0,8.0
Li,103.0,40,Ranitidine,CNC(NCCSCc1ccc(CN(C)C)o1)=CN(=O)=O ,,c1(oc([CH2+]SCCN\C(=C\[N+](=O)[O-])NC)cc1)CN(C)C,0,1.0
Li,105.0,392,rufloxacin,CN1CCN(CC1)c2c(F)cc3c(=O)c(cn4CCSc2c34)C(O)=O ,,CN1CCN(CC1)c1c(F)cc2c(=O)c(cn3CCSc1c23)C(O)=O,0,10.0
Li,106.0,393,salbutamol,CC(C)(C)NCC(O)c1ccc(O)c(CO)c1,,CC(C)(C)NC[C@@H](O)c1ccc(O)c(CO)c1,0,10.0
Li,107.0,46,Salicylicacid,OC(=O)c1ccccc1O ,,c1(c(cccc1)O)C(O)=O,0,1.0
Li,108.0,283,Saquinavir,CC(C)(C)NC(=O)C2CC1CCCCC1CN2CC(O)C(Cc3ccccc3)NC(=O)C(CC(N)=O)NC(=O)c5ccc4ccccc4n5 ,,C1[N@]([C@@H](C[C@@H]2CCCC[C@H]12)C(NC(C)(C)C)=O)C[C@H]([C@H](Cc1ccccc1)NC([C@@H](NC(c1nc2c(cccc2)cc1)=O)CC(N)=O)=O)O,0,8.0
Li,109.0,396,SB204454,c1(ccc(c(c1)Cl)Cl)CC(N1C(CC2(CC1)NC(NC2=O)=O)CN1CCCC1)=O,,c1(ccc(c(c1)Cl)Cl)CC(N1[C@H](C[C@]2(CC1)NC(NC2=O)=O)CN1CCCC1)=O,0,10.0
Li,110.0,397,SB204457,c1(ccc(c(c1)Cl)Cl)CC(N1C(CC2(CC1)C(NC(N2)=O)=O)CN1CCCC1)=O,,c1(ccc(c(c1)Cl)Cl)CC(N1[C@H](C[C@]2(CC1)C(NC(N2)=O)=O)CN1CCCC1)=O,0,10.0
Li,111.0,398,SB204459,c1(ccc(c(c1)Cl)Cl)CC(N1C(CN2CC(CC2)O)c2n(CC1)ccn2)=O,,c1(ccc(c(c1)Cl)Cl)CC(N1[C@H](C[N@@]2C[C@@H](CC2)O)c2n(CC1)ccn2)=O,0,10.0
Li,112.0,400,SB205563,c1(ccc(c(c1)Cl)Cl)CC(N1C(CN2CC(CC2)O)CN(CC1)CCO)=O,,c1(ccc(c(c1)Cl)Cl)CC(N1[C@@H](C[N@@]2C[C@@H](CC2)O)C[N@](CC1)CCO)=O,0,10.0
Li,113.0,401,SB205605,c1(ccc(c(c1)Cl)Cl)CC(N1C(CN2CC(CC2)O)c2c(CC1)[nH]cn2)=O,,c1(ccc(c(c1)Cl)Cl)CC(N1[C@H](C[N@@]2C[C@@H](CC2)O)c2c(CC1)[nH]cn2)=O,0,10.0
Li,114.0,404,skb-d,c1cc2c(C(NC(CC)c3ccccc3)=O)c(c(nc2cc1)c1ccccc1)OCC(O)=O,,c1cc2c(C(N[C@@H](CC)c3ccccc3)=O)c(c(nc2cc1)c1ccccc1)OCC(O)=O,0,10.0
Li,115.0,405,skb-e,c1cc2c(C(NC(CC)c3ccccc3)=O)c(c(c3ccccc3)nc2cc1)OCCCC(O)=O,,c1cc2c(C(N[C@@H](CC)c3ccccc3)=O)c(c(c3ccccc3)nc2cc1)OCCCC(O)=O,0,10.0
Li,116.0,406,skb-f,c1ccc2c(c(C(NC(CC)c3ccccc3)=O)c(OCCNC(Cc3c(cccc3)C(=O)O)=O)c(c3ccccc3)n2)c1,,c1ccc2c(c(C(N[C@@H](CC)c3ccccc3)=O)c(OCCNC(Cc3c(cccc3)C(=O)O)=O)c(c3ccccc3)n2)c1,0,10.0
Li,117.0,407,skb-g,c1cc2c(c(OCCNC(Cc3ncccc3)=O)c(c3ccccc3)nc2cc1)C(NC(CC)c1ccccc1)=O,,c1cc2c(c(OCCNC(Cc3ncccc3)=O)c(c3ccccc3)nc2cc1)C(N[C@@H](CC)c1ccccc1)=O,0,10.0
Li,118.0,408,skb-h,c1cc2c(c(c(c3ccccc3)nc2cc1)OCCNC(C1CCCN1)=O)C(=O)NC(CC)c1ccccc1,,c1cc2c(c(c(c3ccccc3)nc2cc1)OCCNC([C@@H]1CCCN1)=O)C(=O)N[C@@H](CC)c1ccccc1,0,10.0
Li,119.0,409,skb-i,c1cc2c(C(NC(CC)c3ccccc3)=O)c(c(nc2cc1)c1ccccc1)Cn1cncc1,,c1cc2c(C(N[C@@H](CC)c3ccccc3)=O)c(c(nc2cc1)c1ccccc1)Cn1cncc1,0,10.0
Li,120.0,410,sparfloxacin,CC1CN(CC(C)N1)c4c(F)c(N)c3c(=O)c(cn(C2CC2)c3c4F)C(O)=O ,,c1(c(c(c2c(c1F)n(cc(c2=O)C(O)=O)C1CC1)N)F)N1C[C@@H](N[C@@H](C1)C)C,0,10.0
Li,122.0,307,Streptozotocin,CN(N=O)C(=O)NC1C(O)OC(CO)C(O)C1O ,,O1[C@H]([C@H](NC(N(N=O)C)=O)[C@H]([C@@H]([C@H]1CO)O)O)O,0,8.0
Li,123.0,47,Temelastine,Cc3ccc(Cc2c[nH]c(NCCCCc1ncc(Br)cc1C)nc2=O)cn3 ,,c1c(c(ncc1Br)CCCCNc1nc(c(c[nH]1)Cc1ccc(nc1)C)=O)C,0,1.0
Li,124.0,412,tenoxicam,CN2C(=C(O)c1sccc1S2(=O)=O)C(=O)Nc3ccccn3 ,,CN1C(=C(O)c2sccc2S1(=O)=O)C(=O)Nc1ccccn1,0,10.0
Li,128.0,310,Vancomycin,c12cc3cc(c1OC1C(C(C(C(O1)CO)O)O)OC1CC(C(C(O1)C)O)(C)N)Oc1c(cc(C(C(C(NC(C(NC3C(NC3C(NC(C(c4cc(c(O2)cc4)Cl)O)C(NC(C(O)=O)c2cc(O)cc(O)c2c2cc3ccc2O)=O)=O)=O)=O)CC(N)=O)=O)NC(C(NC)CC(C)C)=O)O)cc1)Cl,,c12cc3cc(c1O[C@H]1[C@@H]([C@H]([C@@H]([C@H](O1)CO)O)O)O[C@@H]1C[C@]([C@H]([C@@H](O1)C)O)(C)N)Oc1c(cc([C@H]([C@H](C(N[C@H](C(N[C@H]3C(N[C@H]3C(N[C@@H]([C@@H](c4cc(c(O2)cc4)Cl)O)C(N[C@H](C(O)=O)c2cc(O)cc(O)c2c2cc3ccc2O)=O)=O)=O)=O)CC(N)=O)=O)NC([C@H](NC)CC(C)C)=O)O)cc1)Cl,0,8.0
Li,129.0,127,Y-G19,n1c(scc1c1ccccc1)CCN,,n1c(scc1c1ccccc1)CCN,0,2.0
Li,130.0,128,Y-G20,c1c(nc2n1cccc2)CCN,,c1c(nc2n1cccc2)CCN,0,2.0
Li,132.0,152,14,c1cc(ncc1)CSCCNc1c(cc[nH]1)N(=O)=O,,c1cc(ncc1)CSCCNc1c(cc[nH]1)[N+](=O)[O-],1,6.0
Li,133.0,153,15,c1(cc(nc(c1C)C)C(SC(CNc1c(cc[nH]1)N(=O)=O)(C)C)(C)C)C,,c1(cc(nc(c1C)C)C(SC(CNc1c(cc[nH]1)[N+](=O)[O-])(C)C)(C)C)C,1,6.0
Li,135.0,161,24,C1CN(CCC1)Cc1cccc(c1)OCCCNC(=O)C,,C1CN(CCC1)Cc1cccc(c1)OCCCNC(=O)C,1,6.0
Li,136.0,162,25,C1CN(CCC1)Cc1cccc(c1)OCCCNC(=O)c1ccccc1,,C1CN(CCC1)Cc1cccc(c1)OCCCNC(=O)c1ccccc1,1,6.0
Li,137.0,163,26,C1CN(CCC1)Cc1cccc(c1)OCCCO,,C1CN(CCC1)Cc1cccc(c1)OCCCO,1,6.0
Li,138.0,164,27,C1CN(CCC1)Cc1cccc(c1)OCCCNc1ncccc1,,C1CN(CCC1)Cc1cccc(c1)OCCCNc1ncccc1,1,6.0
Li,139.0,165,28,C1CN(CCC1)Cc1cccc(c1)OCCCNc1nccs1,,C1CN(CCC1)Cc1cccc(c1)OCCCNc1nccs1,1,6.0
Li,140.0,166,30,C1CN(CCC1)Cc1cccc(c1)OCCCNc1nc2c(o1)cccc2,,C1CN(CCC1)Cc1cccc(c1)OCCCNc1nc2c(o1)cccc2,1,6.0
Li,141.0,3,1-48,CCCN(CCC)CCc1ccc(c2c1CC(N2)=C)O,,CCCN(CCC)CCc1ccc(c2c1CC(N2)=C)O,1,1.0
Li,142.0,144,5-66,c1cc(CCNC)ncc1,,c1cc(CCNC)ncc1,1,4.0
Li,143.0,145,5-67,c1cc(CCN(C)C)ncc1,,c1cc(CCN(C)C)ncc1,1,4.0
Li,144.0,146,5-68,s1c(ncc1)CCN,,s1c(ncc1)CCN,1,4.0
Li,145.0,147,5-69,c1nc(C2CCN(CC2)C(NC2CCCCC2)=S)c[nH]1,,c1nc(C2CCN(CC2)C(NC2CCCCC2)=S)c[nH]1,1,4.0
Li,147.0,56,111-trichloroethane,CC(Cl)(Cl)Cl ,,C(C)(Cl)(Cl)Cl,1,2.0
Li,148.0,57,111-trifluoro-2-chloroethane,C(CCl)(F)(F)F,,C(CCl)(F)(F)F,1,2.0
Li,149.0,55,1-hydroxymidazolam,n12c3c(C(c4c(cccc4)F)=NCc1cnc2CO)cc(Cl)cc3,,n12c3c(C(c4c(cccc4)F)=NCc1cnc2CO)cc(Cl)cc3,1,2.0
Li,150.0,60,22-dimethylbutane,CCC(C)(C)C ,,CC(CC)(C)C,1,2.0
Li,151.0,58,2-methylpentane,CC(CCC)C,,CC(CCC)C,1,2.0
Li,152.0,59,2-methylpropanol,CC(C)(O)C(F)(F)F ,,CC(CO)C,1,2.0
Li,153.0,133,2-propanol,CC(C)O,,CC(C)O,1,3.0
Li,154.0,61,3-methylhexane,CCCC(C)CC ,,CC[C@H](CCC)C,1,2.0
Li,155.0,62,3-methylpentane,CCC(C)CC ,,CCC(CC)C,1,2.0
Li,156.0,63,4-hydroxymidazolam,c12c(C(c3c(cccc3)F)=NC(c3n1c(nc3)C)O)cc(Cl)cc2,,c12c(C(c3c(cccc3)F)=N[C@@H](c3n1c(nc3)C)O)cc(Cl)cc2,1,2.0
Li,157.0,148,7-K06,c1ccc2Oc3c(cc(cc3)Cl)C3C(c2c1)CN(CC3)C,,c1ccc2Oc3c(cc(cc3)Cl)[C@@H]3[C@@H](c2c1)C[N@](CC3)C,1,5.0
Li,158.0,149,7-K08,c1c(Cl)nc(N2CCN(CCCCN3C(CCC3)=O)CC2)cc1C(F)(F)F,,c1c(Cl)nc(N2CCN(CCCCN3C(CCC3)=O)CC2)cc1C(F)(F)F,1,5.0
Li,159.0,150,7-K10,c1ccc2Oc3c(cc(cc3)Cl)C3C(c2c1)CNCC3,,c1ccc2Oc3c(cc(cc3)Cl)[C@@H]3[C@@H](c2c1)CNCC3,1,5.0
Li,160.0,170,9-C1,n1(c(c2nc[nH]c2n(c1=O)C)=O)C,,n1(c(c2nc[nH]c2n(c1=O)C)=O)C,1,7.0
Li,161.0,171,9-C15,c1c2CCOc2c(cc1OC)CNC1CCCNC1c1ccccc1,,c1c2CCOc2c(cc1OC)CN[C@@H]1CCCN[C@H]1c1ccccc1,1,7.0
Li,163.0,173,9-C7,c1(c(cc2n(ncc2c1)CCN)Cl)Cl,,c1(c(cc2n(ncc2c1)CCN)Cl)Cl,1,7.0
Li,164.0,4,9-OH-risperidone,c1(c2c(cc(F)cc2)on1)C1CCN(CCc2c(n3c(C(CCC3)O)nc2C)=O)CC1,,c1(c2c(cc(F)cc2)on1)C1CCN(CCc2c(n3c([C@@H](CCC3)O)nc2C)=O)CC1,1,1.0
Li,165.0,174,Abacavir,Nc4nc(NC1CC1)c3ncn(C2CC(CO)C=C2)c3n4 ,,c12c(n([C@@H]3C[C@H](CO)C=C3)cn2)nc(N)nc1NC1CC1,1,8.0
Li,169.0,177,Albendazole,CCCSc2ccc1[nH]c(NC(=O)OC)nc1c2 ,,c12c(nc([nH]1)NC(OC)=O)cc(SCCC)cc2,1,8.0
Li,170.0,7,Allopurinol,O=c1[nH]cnc2[nH]ncc12 ,,c12c(ncnc1O)[nH]nc2,1,1.0
Li,173.0,179,Amfetamine,c1(ccccc1)CC(C)N,,c1(ccccc1)C[C@H](C)N,1,8.0
Li,175.0,65,Aminopyrine,CN(C)c2c(C)n(C)n(c1ccccc1)c2=O ,,n1(c2ccccc2)c(c(N(C)C)c(n1C)C)=O,1,2.0
Li,178.0,8,Antipyrine,Cc2cc(=O)n(c1ccccc1)n2C ,,n1(c2ccccc2)n(c(C)cc1=O)C,1,1.0
Li,179.0,325,apomorphine_r,CN1CCc2cccc3c2C1Cc1ccc(O)c(O)c31,,C[N@]1CCc2cccc3c2[C@@H]1Cc1ccc(O)c(O)c31,1,10.0
Li,182.0,313,BBcpd60,c1(NCCSCc2oc(cc2)CN(C)C)[nH]cc(c1N(=O)=O)Cc1ccccc1,,c1(NCCSCc2oc(cc2)CN(C)C)[nH]cc(c1N(=O)=O)Cc1ccccc1,1,9.0
Li,183.0,68,Benzene,c1ccccc1 ,,c1ccccc1,1,2.0
Li,184.0,69,Bretazenil,CC(C)(C)OC(=O)c1ncn3c1C2CCCN2C(=O)c4cc(Br)ccc34 ,,c12n(c3c(c(ccc3)Br)C(N3[C@H]1CCC3)=O)cnc2C(OC(C)(C)C)=O,1,2.0
Li,185.0,327,BRL52537,c1(cc(c(cc1)Cl)Cl)CC(N1CCCCC1CN1CCCC1)=O,,c1(cc(c(cc1)Cl)Cl)CC(N1CCCC[C@H]1CN1CCCC1)=O,1,10.0
Li,186.0,328,BRL52580,c1(cc(c(cc1)Cl)Cl)CC(N1C(c2c(CC1)cccc2)CN1CCCC1)=O,,c1(cc(c(cc1)Cl)Cl)CC(N1[C@@H](c2c(CC1)cccc2)CN1CCCC1)=O,1,10.0
Li,187.0,329,BRL52656,c1(ccc(cc1)C(F)(F)F)CC(N1C(CCCC1)CN1CCCC1)=O,,c1(ccc(cc1)C(F)(F)F)CC(N1[C@@H](CCCC1)CN1CCCC1)=O,1,10.0
Li,188.0,330,BRL52871,c1(ccc(c(c1)Cl)Cl)CC(N1C(c2c(CC1)scc2)CN1CCCC1)=O,,c1(ccc(c(c1)Cl)Cl)CC(N1[C@@H](c2c(CC1)scc2)CN1CCCC1)=O,1,10.0
Li,189.0,332,BRL53080,c1(ccc(c(c1)Cl)Cl)CC(N1C(c2c(CC1)ccs2)CN1CCCC1)=O,,c1(ccc(c(c1)Cl)Cl)CC(N1[C@@H](c2c(CC1)ccs2)CN1CCCC1)=O,1,10.0
Li,190.0,333,BRL53087,c1(ccc(c(c1)Cl)Cl)CC(N1C(CN2CCCC2)CC(CC1)(C)C)=O,,c1(ccc(c(c1)Cl)Cl)CC(N1[C@@H](CN2CCCC2)CC(CC1)(C)C)=O,1,10.0
Li,194.0,241,Busulfan,CS(=O)(=O)OCCCCOS(C)(=O)=O ,,O(S(C)(=O)=O)CCCCOS(C)(=O)=O,1,8.0
Li,195.0,71,Butanone,CCC(C)=O,,CCC(C)=O,1,2.0
Li,196.0,11,Caffeine,Cn1cnc2n(C)c(=O)n(C)c(=O)c12 ,,c12c(n(c(=O)n(c1=O)C)C)ncn2C,1,1.0
Li,198.0,134,Carbamazepineepoxide,c12C3C(c4c(cccc4)N(c1cccc2)C(N)=O)O3,,c12[C@@H]3[C@@H](c4c(cccc4)N(c1cccc2)C(N)=O)O3,1,3.0
Li,200.0,10=243,Carmustine (BCNU),ClCCNC(=O)N(CCCl)N=O ,,N(C(NCCCl)=O)(CCCl)N=O,1,8.0
Li,204.0,248,Cisapride,COC2CN(CCCOc1ccc(F)cc1)CCC2NC(=O)c3cc(Cl)c(N)cc3OC ,,c1(c(cc(N)c(c1)Cl)OC)C(N[C@@H]1[C@H](C[N@@](CCCOc2ccc(F)cc2)CC1)OC)=O,1,8.0
Li,205.0,249,Cladribine,Nc1nc(Cl)nc2n(cnc12)C3CC(O)C(CO)O3 ,,n1(c2c(c(nc(n2)Cl)N)nc1)[C@@H]1O[C@H](CO)C(C1)O,1,8.0
Li,208.0,16,Clonidine,Clc1cccc(Cl)c1N=C2NCCN2 ,,c1(NC=2NCCN2)c(cccc1Cl)Cl,1,1.0
Li,210.0,341,cp20,c1cn(c(c(c1=O)O)C)C,,c1cn(c(c(c1=O)O)C)C,1,10.0
Li,211.0,342,cp21,c1cn(CC)c(c(c1=O)O)C,,c1cn(CC)c(c(c1=O)O)C,1,10.0
Li,212.0,343,cp24,c1cn(CCCC)c(C)c(O)c1=O,,c1cn(CCCC)c(C)c(O)c1=O,1,10.0
Li,213.0,344,cp25,c1cn(CCCCCC)c(C)c(O)c1=O,,c1cn(CCCCCC)c(C)c(O)c1=O,1,10.0
Li,214.0,345,cp29,c1cn(CCCCC)c(C)c(O)c1=O,,c1cn(CCCCC)c(C)c(O)c1=O,1,10.0
Li,215.0,347,cp94,c1cn(CC)c(CC)c(c1=O)O,,c1cn(CC)c(CC)c(c1=O)O,1,10.0
Li,217.0,73,Cyclohexane,C1CCCCC1 ,,C1CCCCC1,1,2.0
Li,219.0,255,Cycloserine,NC1CONC1=O ,,C1([C@@H](CON1)N)=O,1,8.0
Li,220.0,183,Cytarabine,Nc2ccn(C1OC(CO)C(O)C1O)c(=O)n2 ,,n1([C@@H]2O[C@H](CO)[C@H]([C@H]2O)O)c(nc(N)cc1)=O,1,8.0
Li,221.0,184,Dacarbazine,CN(C)N=Nc1[nH]cnc1C(N)=O ,,c1(c(nc[nH]1)C(N)=O)\N=N\N(C)C,1,8.0
Li,223.0,187,Desmethylclobazam,Clc1ccc2NC(=O)CC(=O)N(c3ccccc3)c2c1,,Clc1ccc2NC(=O)CC(=O)N(c3ccccc3)c2c1,1,8.0
Li,224.0,75,Desmethyldesipramine,N1(c2c(CCc3c1cccc3)cccc2)CCCN,,N1(c2c(CCc3c1cccc3)cccc2)CCCN,1,2.0
Li,225.0,188,Desmethyldiazepam,Clc2cccc3NC(=O)CN=C(c1ccccc1)c23 ,,C=1(c2c(NC(CN1)=O)ccc(c2)Cl)c1ccccc1,1,8.0
Li,226.0,189,Desmonomethylpromazine,N1(c2c(Sc3c1cccc3)cccc2)CCCNC,,N1(c2c(Sc3c1cccc3)cccc2)CCCNC,1,8.0
Li,227.0,302,Dexamfetamine,c1cccc(c1)CC(C)N,,c1cccc(c1)C[C@H](C)N,1,8.0
Li,240.0,81,Ethanol,CCO ,,C(C)O,1,2.0
Li,241.0,201,Ethionamide,CCc1cc(ccn1)C(N)=S ,,c1(cc(ncc1)CC)C(N)=S,1,8.0
Li,243.0,82,Ethylbenzene,CCc1ccccc1 ,,c1(ccccc1)CC,1,2.0
Li,244.0,204,Famotidine,NC(N)=Nc1nc(CSCCC(N)=NS(N)(=O)=O)cs1 ,,c1(nc(CSCC\C(=[NH]\S(N)(=O)=O)N)cs1)\[NH]=C(\N)N,1,8.0
Li,247.0,83,Flumazenil,CCOC(=O)c1ncn2c1CN(C)C(=O)c3cc(F)ccc23 ,,n12c3c(C(=O)N(Cc1c(C(OCC)=O)nc2)C)cc(F)cc3,1,2.0
Li,252.0,206,Foscarnetsodium,P(C(=O)O)(=O)(O)O,,P(C(=O)O)(=O)(O)O,1,8.0
Li,255.0,358,GR85571,c1(cc(c(cc1)Cl)Cl)CC(N1C(CN2CCCC2)CN(CC1)C(=O)C)=O,,c1(cc(c(cc1)Cl)Cl)CC(N1[C@@H](CN2CCCC2)CN(CC1)C(=O)C)=O,1,10.0
Li,256.0,359,GR88377,c1(ccc(c(c1)Cl)Cl)CC(N1C(c2c(CC1)occ2)CN1CCCC1)=O,,c1(ccc(c(c1)Cl)Cl)CC(N1[C@@H](c2c(CC1)occ2)CN1CCCC1)=O,1,10.0
Li,257.0,360,GR89696,c1(ccc(c(c1)Cl)Cl)CC(N1C(CN(CC1)C(=O)OC)CN1CCCC1)=O,,c1(ccc(c(c1)Cl)Cl)CC(N1[C@H](CN(CC1)C(=O)OC)CN1CCCC1)=O,1,10.0
Li,258.0,361,GR89696_et,c1(ccc(c(c1)Cl)Cl)CC(N1C(CN(CC1)C(=O)OCC)CN1CCCC1)=O,,c1(ccc(c(c1)Cl)Cl)CC(N1[C@H](CN(CC1)C(=O)OCC)CN1CCCC1)=O,1,10.0
Li,259.0,362,GR89696_pr,c1(CC(N2C(CN(CC2)C(=O)OCCC)CN2CCCC2)=O)cc(c(cc1)Cl)Cl,,c1(CC(N2[C@H](CN(CC2)C(=O)OCCC)CN2CCCC2)=O)cc(c(cc1)Cl)Cl,1,10.0
Li,260.0,363,GR91272,c1(ccc(c(c1)Cl)Cl)CC(N1C(c2c(CC1)occ2)CN1CC(CC1)O)=O,,c1(ccc(c(c1)Cl)Cl)CC(N1[C@@H](c2c(CC1)occ2)C[N@@]1C[C@@H](CC1)O)=O,1,10.0
Li,263.0,89,Heptane,CCCCCCC ,,CCCCCCC,1,2.0
Li,264.0,90,Hexane,CCCCCC ,,CCCCCC,1,2.0
Li,266.0,258,Hydroxycarbamide,C(NO)(N)=O,,C(NO)(N)=O,1,8.0
Li,268.0,22,Ibuprofen,CC(C)Cc1ccc(cc1)C(C)C(O)=O ,,c1([C@@H](C(O)=O)C)ccc(CC(C)C)cc1,1,1.0
Li,270.0,375,ICI197067,CC(C)C(CN1CCCC1)N(C)C(=O)Cc2ccc(Cl)c(Cl)c2 ,,CC(C)[C@@H](N(C)C(=O)Cc1ccc(c(c1)Cl)Cl)CN1CCCC1,1,10.0
Li,271.0,376,ICI199441,CN(C(CN1CCCC1)c2ccccc2)C(=O)Cc3ccc(Cl)c(Cl)c3 ,,c1(ccccc1)[C@H](CN1CCCC1)N(C(=O)Cc1ccc(c(c1)Cl)Cl)C,1,10.0
Li,273.0,92,Indinavir,CC(C)(C)NC(=O)C1CN(CCN1CC(O)CC(Cc2ccccc2)C(=O)NC3C(O)Cc4ccccc34)Cc5cccnc5 ,,c12ccccc2C[C@H]([C@H]1NC([C@H](Cc1ccccc1)C[C@@H](CN1[C@@H](C[N@](Cc2cccnc2)CC1)C(NC(C)(C)C)=O)O)=O)O,1,2.0
Li,275.0,260,Isoniazid,NNC(=O)c1ccncc1 ,,c1(C(NN)=O)ccncc1,1,8.0
Li,277.0,26,L-663581,c12c(C(N(Cc3n1cnc3c1noc(n1)C(C)C)C)=O)c(ccc2)Cl,,c12c(C(N(Cc3n1cnc3c1noc(n1)C(C)C)C)=O)c(ccc2)Cl,1,1.0
Li,281.0,305,Lomustine,ClCCN(N=O)C(=O)NC1CCCCC1 ,,O=C(N(CCCl)N=O)NC1CCCCC1,1,8.0
Li,282.0,321,Mefloquine,OC(C1CCCCN1)c2cc(nc3c(cccc23)C(F)(F)F)C(F)(F)F ,,c12c(c(cc(n2)C(F)(F)F)[C@@H]([C@H]2CCCCN2)O)cccc1C(F)(F)F,1,10.0
Li,283.0,28,Mepyramine,COc2ccc(CN(CCN(C)C)c1ccccn1)cc2 ,,N(c1ccccn1)(Cc1ccc(OC)cc1)CCN(C)C,1,1.0
Li,287.0,97,Methylcyclopentane,CC1CCCC1 ,,C1(CCCC1)C,1,2.0
Li,288.0,271,Metoprolol,COCCc1ccc(OCC(O)CNC(C)C)cc1 ,,c1(ccc(CCOC)cc1)OC[C@@H](CNC(C)C)O,1,8.0
Li,296.0,130,m-Xylene,Cc1cccc(C)c1 ,,c1c(cccc1C)C,1,2.0
Li,297.0,383,Nalorphine,OC1C=CC2C3Cc4ccc(O)c5OC1C2(CCN3CC=C)c45 ,,c12[C@@]34[C@H]5[C@@H]([N@](CC=C)CC4)Cc2ccc(c1O[C@@H]3[C@@H](O)C=C5)O,1,10.0
Li,299.0,32,Nevirapine,Cc3ccnc4N(C1CC1)c2ncccc2C(=O)Nc34 ,,N1(c2c(NC(c3c1nccc3)=O)c(ccn2)C)C1CC1,1,1.0
Li,300.0,99,Nor-1-chlorpromazine,N1(c2c(Sc3c1cccc3)ccc(c2)Cl)CCCNC,,N1(c2c(Sc3c1cccc3)ccc(c2)Cl)CCCNC,1,2.0
Li,301.0,100,Nor-2-chlorpromazine,N1(c2c(Sc3c1cccc3)ccc(c2)Cl)CCCN,,N1(c2c(Sc3c1cccc3)ccc(c2)Cl)CCCN,1,2.0
Li,302.0,101,Northioridazine,N1(c2c(Sc3c1cccc3)ccc(c2)SC)CCC1NCCCC1,,N1(c2c(Sc3c1cccc3)ccc(c2)SC)CC[C@H]1NCCCC1,1,2.0
Li,303.0,33,Org12962,C1NCCN(C1)c1ccc(c(n1)Cl)C(F)(F)F,,C1NCCN(C1)c1ccc(c(n1)Cl)C(F)(F)F,1,1.0
Li,304.0,102,Org13011,C1N(CCN(C1)c1cc(ccn1)C(F)(F)F)CCCCN1C(CCC1)=O,,C1N(CCN(C1)c1cc(ccn1)C(F)(F)F)CCCCN1C(CCC1)=O,1,2.0
Li,305.0,34,Org30526,c1c2c(cc(c1)Cl)C1C(c3ccccc3O2)CNC1,,c1c2c(cc(c1)Cl)[C@@H]1[C@H](c3ccccc3O2)CNC1,1,1.0
Li,306.0,35,Org32104,c1c2c(ccc1)C1(C(c3cccc(c3O2)C)CNCC1)O,,c1c2c(ccc1)[C@@]1([C@@H](c3cccc(c3O2)C)CNCC1)O,1,1.0
Li,307.0,36,Org34167,c1ccc(c(c1)C(CC=C)N)c1c2c(on1)cccc2,,c1ccc(c(c1)[C@H](CC=C)N)c1c2c(on1)cccc2,1,1.0
Li,308.0,37,Org4428,c1c2c(ccc1)C1(C(c3cccc(c3O2)C)CN(CC1)C)O,,c1c2c(ccc1)[C@@]1([C@@H](c3cccc(c3O2)C)C[N@](CC1)C)O,1,1.0
Li,309.0,38,Org5222,CN1CC3C(C1)c2cc(Cl)ccc2Oc4ccccc34 ,,c1c2c(cc(c1)Cl)[C@@H]1[C@H](c3ccccc3O2)CN(C1)C,1,1.0
Li,311.0,131,o-Xylene,Cc1ccccc1C ,,c1(c(cccc1)C)C,1,2.0
Li,312.0,103,Paraxanthine,O=c1c2c([nH]c(=O)n1C)ncn2C,,O=c1c2c([nH]c(=O)n1C)ncn2C,1,2.0
Li,313.0,104,Pentane,CCCCC ,,CCCCC,1,2.0
Li,316.0,216,Pentostatin,OCC1OC(CC1O)n2cnc3C(O)CNC=Nc23 ,,n1(c2c([C@@H](CNC=N2)O)nc1)[C@@H]1O[C@H](CO)C(C1)O,1,8.0
Li,320.0,43,Phenserine,c12C3(C(N(C)CC3)N(c1ccc(c2)OC(Nc1ccccc1)=O)C)C,,c12[C@]3([C@H]([N@](C)CC3)N(c1ccc(c2)OC(Nc1ccccc1)=O)C)C,1,1.0
Li,321.0,105,Phenylbutazone,CCCCC1C(=O)N(N(C1=O)c2ccccc2)c3ccccc3 ,,N1(N(c2ccccc2)C(=O)C(C1=O)CCCC)c1ccccc1,1,2.0
Li,324.0,221,Pindolol,CC(C)NCC(O)COc1cccc2[nH]ccc12 ,,c12c([nH]cc2)cccc1OC[C@@H](CNC(C)C)O,1,8.0
Li,325.0,140,Pirenzepine,CN1CCN(CC1)CC(=O)N3c2ccccc2C(=O)Nc4cccnc34 ,,N1(c2c(NC(c3c1cccc3)=O)cccn2)C(CN1CCN(C)CC1)=O,1,4.0
Li,326.0,222,Plicamycin,COC(C5Cc4cc3cc(OC2CC(OC1CC(O)C(O)C(C)O1)C(O)C(C)O2)c(C)c(O)c3c(O)c4C(=O)C5OC8CC(OC7CC(O)C(OC6CC(C)(O)C(O)C(C)O6)C(C)O7)C(O)C(C)O8)C(=O)C(O)C(C)O ,,c12c(C[C@@H]([C@@H](C([C@H]([C@@H](C)O)O)=O)OC)[C@@H](C1=O)OC1C[C@@H](O[C@H]3C[C@@H](O[C@H]4C[C@]([C@H](O)[C@H](O4)C)(C)O)[C@H](O)[C@H](O3)C)[C@H](O)[C@H](O1)C)cc1cc(O[C@H]3C[C@@H](O[C@H]4C[C@H]([C@H](O)[C@H](O4)C)O)[C@@H](O)[C@H](O3)C)c(c(c1c2O)O)C,1,8.0
Li,327.0,224,Praziquantel,O=C1CN(CC2N1CCc3ccccc23)C(=O)C4CCCCC4 ,,c12[C@@H]3N(C(CN(C3)C(C3CCCCC3)=O)=O)CCc1cccc2,1,8.0
Li,328.0,389,progesterone,CC(=O)C3CCC4C2CCC1=CC(=O)CCC1(C)C2CCC34C ,,C1[C@H]2[C@H]([C@H]3[C@]([C@@H](C(C)=O)CC3)(C)C1)CCC=1[C@@]2(CCC(C1)=O)C,1,10.0
Li,331.0,107,Propanol,CCCO ,,CCCO,1,2.0
Li,332.0,108,Propanone,CC(C)=O,,CC(C)=O,1,2.0
Li,334.0,132,p-Xylene,Cc1ccc(C)cc1 ,,c1(ccc(C)cc1)C,1,2.0
Li,335.0,277,Pyrazinamide,NC(=O)c1cnccn1 ,,c1(cnccn1)C(N)=O,1,8.0
Li,336.0,279,Pyrimethamine,CCc1nc(N)nc(N)c1c2ccc(Cl)cc2 ,,c1(c2ccc(Cl)cc2)c(nc(N)nc1N)CC,1,8.0
Li,337.0,110,Quinidine ,c12c([C@@H]([C@@H]3[N@@]4C[C@H](C=C)[C@H](C3)CC4)O)ccnc1ccc(c2)OC,,c12c([C@@H]([C@@H]3[N@@]4C[C@H](C=C)[C@H](C3)CC4)O)ccnc1ccc(c2)OC,1,2.0
Li,338.0,281,Ribavirin,NC(=O)c1ncn(n1)C2OC(CO)C(O)C2O ,,n1([C@@H]2O[C@H](CO)[C@H]([C@H]2O)O)nc(C(N)=O)cn1,1,8.0
Li,340.0,111,RO19-4603,CN3Cc1c(ncn1c2ccsc2C3=O)C(=O)OC(C)(C)C ,,c1c2c(sc1)C(N(Cc1n2cnc1C(=O)OC(C)(C)C)C)=O,1,2.0
Li,341.0,390,roxindole,Oc4ccc3[nH]cc(CCCCN1CCC(=CC1)c2ccccc2)c3c4 ,,Oc1ccc2[nH]cc(CCCC[N@@]3CCC(=CC3)c3ccccc3)c2c1,1,10.0
Li,342.0,391,RP60180,c1ccc2N(C(CN3CCCC3)C)c3c(ccc(C(=O)NCCC)c3)Sc2c1,,c1ccc2N([C@H](CN3CCCC3)C)c3c(ccc(C(=O)NCCC)c3)Sc2c1,1,10.0
Li,343.0,114,Salicyluricacid,OC(=O)CNC(=O)c1ccccc1O ,,N(C(=O)c1c(O)cccc1)CC(=O)O,1,2.0
Li,344.0,394,Sankyo,c1(ccc(c(c1)Cl)Cl)CC(=O)N1C(CN(C)CC1)CN1CCCC1,,c1(ccc(c(c1)Cl)Cl)CC(=O)N1[C@H](C[N@@](C)CC1)CN1CCCC1,1,10.0
Li,345.0,395,SB201708,c1(ccc(c(c1)Cl)Cl)CC(N1C(CN2CCCC2)c2n(CC1)ccn2)=O,,c1(ccc(c(c1)Cl)Cl)CC(N1[C@H](CN2CCCC2)c2n(CC1)ccn2)=O,1,10.0
Li,346.0,399,SB204484,c1(ccc(c(c1)Cl)Cl)CC(N1C(CN2CCCC2)c2n(CC1)ncn2)=O,,c1(ccc(c(c1)Cl)Cl)CC(N1[C@H](CN2CCCC2)c2n(CC1)ncn2)=O,1,10.0
Li,347.0,135,SB-222200,c12c(nc(c(c1C(NC(CC)c1ccccc1)=O)C)c1ccccc1)cccc2,,c12c(nc(c(c1C(N[C@@H](CC)c1ccccc1)=O)C)c1ccccc1)cccc2,1,3.0
Li,349.0,402,skb_a,c1ccc2nc(c(c(C(NC(CC)c3ccccc3)=O)c2c1)O)c1ccccc1,,c1ccc2nc(c(c(C(N[C@@H](CC)c3ccccc3)=O)c2c1)O)c1ccccc1,1,10.0
Li,350.0,403,skb_c,c1cc2c(C(NC(CC)c3ccccc3)=O)c(c(nc2cc1)c1ccccc1)OCCCN(C)C,,c1cc2c(C(N[C@@H](CC)c3ccccc3)=O)c(c(nc2cc1)c1ccccc1)OCCCN(C)C,1,10.0
Li,352.0,113,SKF89124,CCCN(CCC)CCc1ccc(O)c2NC(=O)Cc12 ,,C1C(Nc2c1c(ccc2O)CCN(CCC)CCC)=O,1,2.0
Li,353.0,286,Sotalol,CC(C)NCC(O)c1ccc(NS(C)(=O)=O)cc1 ,,c1([C@@H](CNC(C)C)O)ccc(NS(C)(=O)=O)cc1,1,8.0
Li,354.0,287,Stavudine,Cc2cn(C1OC(CO)C=C1)c(=O)[nH]c2=O ,,n1([C@@H]2O[C@H](CO)C=C2)c([nH]c(=O)c(c1)C)=O,1,8.0
Li,356.0,290,Sulfafurazole,c1(S(Nc2c(c(C)no2)C)(=O)=O)ccc(N)cc1,,c1(S(Nc2c(c(C)no2)C)(=O)=O)ccc(N)cc1,1,8.0
Li,359.0,292,Tacrine,Nc2c1CCCCc1nc3ccccc23 ,,c12c(c(c3CCCCc3n1)N)cccc2,1,8.0
Li,362.0,116,Teflurane,FC(Br)C(F)(F)F ,,C([C@@H](F)Br)C(F)(F)F,1,2.0
Li,365.0,136,Tertbutylchlorambucil,c1cc(ccc1CCCC(OC(C)(C)C)=O)N(CCCl)CCCl,,c1cc(ccc1CCCC(OC(C)(C)C)=O)N(CCCl)CCCl,1,3.0
Li,366.0,414,testosterone,CC34CCC1C(CCC2=CC(=O)CCC12C)C3CCC4O ,,C1C(C=C2[C@](C1)([C@@H]1[C@@H](CC2)[C@H]2[C@](CC1)([C@H](CC2)O)C)C)=O,1,10.0
Li,368.0,48,Theophylline,Cn2c(=O)n(C)c1nc[nH]c1c2=O ,,c12c(n(c(=O)n(c1=O)C)C)nc[nH]2,1,1.0
Li,369.0,118,Thiopental,CCCC(C)C1(CC)C(=O)NC(=S)NC1=O ,,C1(C(C(NC(N1)=S)=O)([C@@H](CCC)C)CC)=O,1,2.0
Li,370.0,317,Thioperamide,S=C(NC1CCCCC1)N2CCC(CC2)c3c[nH]cn3 ,,C1C(CCN(C1)C(NC1CCCCC1)=S)c1c[nH]cn1,1,9.0
Li,372.0,309,Thiotepa,S=P(N1CC1)(N2CC2)N3CC3 ,,P(=S)(N1CC1)(N1CC1)N1CC1,1,8.0
Li,373.0,50,Tibolone,CC3CC1=C(CCC(=O)C1)C4CCC2(C)C(CCC2(O)C#C)C34 ,,C1[C@H]2[C@H]3[C@@H](C4=C(CC(=O)CC4)C[C@H]3C)CC[C@@]2([C@@](C#C)(O)C1)C,1,1.0
Li,375.0,323,Tifluadom,CN3C(CNC(=O)c1ccsc1)CN=C(c2ccccc2F)c4ccccc34 ,,c1(ccc2C(=NC[C@@H](N(C)c2c1)CNC(c1ccc(cc1)C)=O)c1ccc(cc1)F)C,1,10.0
Li,376.0,51,Tiotidine,CNC(NCCSCc1csc(N=C(N)N)n1)=NC#N ,,c1(nc(NC(N)=[NH2])sc1)CSCCN\C(=[NH]\C#N)NC,1,1.0
Li,377.0,119,Toluene,Cc1ccccc1 ,,c1(ccccc1)C,1,2.0
Li,382.0,123,Trichloromethane,C(Cl)(Cl)Cl,,C(Cl)(Cl)Cl,1,2.0
Li,384.0,312,trifluopromazine,c1ccc2c(c1)N(c1c(S2)ccc(c1)C(F)(F)F)CCCN(C)C,,c1ccc2c(c1)N(c1c(S2)ccc(c1)C(F)(F)F)CCCN(C)C1-62,1,8.0
Li,385.0,226,Trimethoprim,COc2cc(Cc1cnc(N)nc1N)cc(OC)c2OC ,,c1(Cc2c(nc(N)nc2)N)cc(c(OC)c(c1)OC)OC,1,8.0
Li,386.0,229,Trovafloxacin,NC1C2CN(CC12)c4nc3n(cc(C(O)=O)c(=O)c3cc4F)c5ccc(F)cc5F ,,c12n(c3c(cc(F)cc3)F)cc(C(O)=O)c(c1cc(F)c(n2)N1C[C@@H]2C(N)[C@H]2C1)=O,1,8.0
Li,387.0,415,U50488,CN(C1CCCCC1N2CCCC2)C(=O)Cc3ccc(Cl)c(Cl)c3 ,,C1CC[C@H]([C@@H](N(C(Cc2ccc(c(c2)Cl)Cl)=O)C)C1)N1CCCC1,1,10.0
Li,388.0,230,Urea,NC(N)=O ,,C(N)(N)=O,1,8.0
Li,391.0,311,Vidarabine,Nc1ncnc2n(cnc12)C3OC(CO)C(O)C3O ,,n1cnc2c(c1N)ncn2[C@H]1[C@@H]([C@@H]([C@H](O1)CO)O)O,1,8.0
Li,392.0,124,Y-G14,c1c(nccc1)CCNC,,c1c(nccc1)CCNC,1,2.0
Li,393.0,125,Y-G15,c1c(nccc1)CCN(C)C,,c1c(nccc1)CCN(C)C,1,2.0
Li,394.0,126,Y-G16,n1c(scc1)CCN,,n1c(scc1)CCN,1,2.0
Li,395.0,297,Zalcitabine,Nc2ccn(C1CCC(CO)O1)c(=O)n2 ,,n1([C@@H]2O[C@H](CO)CC2)c(nc(N)cc1)=O,1,8.0
Li,396.0,54,Zolantidine,C1CCN(CC1)Cc4cccc(OCCCNc3nc2ccccc2s3)c4 ,,C1CN(CCC1)Cc1cccc(c1)OCCCNc1nc2c(s1)cccc2,1,1.0
Li,398.0,250,Clidiniumbromide,[Br-].C[N+]12CCC(CC1)C(C2)OC(=O)C(O)(c3ccccc3)c4ccccc4 ,,C(c1ccccc1)([C+]1CCCCC1)(C(O[C@@H]1C2CC[N+](C1)(C)CC2)=O)O,0,8.0
Li,399.0,276,Propanthelinebromide,[Br-].CC(C)[N+](C)(CCOC(=O)C2c1ccccc1Oc3ccccc23)C(C)C ,,C1(c2c(Oc3c1cccc3)cccc2)C(OCC[N+](C(C)C)(C(C)C)C)=O,0,8.0
Li,400.0,278,Pyridostigminebromide,[Br-].CN(C)C(=O)Oc1ccc[n+](C)c1 ,,c1(OC(N(C)C)=O)c[n+](ccc1)C,1,8.0
Li,402.0,259,Ipratropiumbromide,[N+]1(C2CC(OC(C(c3ccccc3)CO)=O)CC1CC2)(C(C)C)C,,[N+]1([C@H]2CC(OC([C@H](c3ccccc3)CO)=O)C[C@@H]1CC2)(C(C)C)C,0,8.0
Li,403.0,160,23,[NH]C(CC(C)C(N(C(C)(C)C)C(N)(C)N)(C)C)c1c(c(c[nH+][o+]1)C)[O-],,[NH]C(CC(C)C([N@@](C(C)(C)C)C(N)(C)N)(C)C)c1c(c(c[nH+][o+]1)C)[O-],1,6.0
Li,404.0,236,Bethanechol,C([N+](C)(C)C)C(OC(N)=O)C,,C([N+](C)(C)C)[C@@H](OC(N)=O)C,0,8.0
Li,405.0,300,Calcium-folinate,C(=O)N1c2c(NCC1CNc1ccc(cc1)C(NC(CCC(=O)[O-])C([O-])=O)=O)nc(nc2O)N,,C(=O)N1c2c(NC[C@H]1CNc1ccc(cc1)C(N[C@@H](CCC(=O)[O-])C([O-])=O)=O)nc(nc2O)N,1,8.0
Li,406.0,306,Mesna,C(S([O-])(=O)=O)CS,,C(S([O-])(=O)=O)CS,0,8.0
Li,407.0,285,Sodiumamidotrizoate,C1(C(C(C(I)[C-](C1I)NC(C)=O)C(=O)O)I)NC(C)=O,,C1(C(C(C(I)[C-](C1I)NC(C)=O)C(=O)O)I)NC(C)=O,0,8.0
Li,408.0,237,Bretyliumtosilate,c1(c(cccc1)Br)C[N+](CC)(C)C,,c1(c(cccc1)Br)C[N+](CC)(C)C,0,8.0
Li,409.0,159,22,c1(c(oc(c1C)C(N(C(C)(N)C)C(N)(C)C)(C)C)C)C.C[NH+]O.[OH-],,c1(c(oc(c1C)C(N(C(C)(N)C)C(N)(C)C)(C)C)C)C.C[NH+]O.[OH-],1,6.0
Li,412.0,129,Zidovudine,Cc2cn(C1CC(N=[N+]=[N-])C(CO)O1)c(=O)[nH]c2=O ,,n1([C@H]2C[C@H](N=[N+]=N)[C@H](O2)CO)c([nH]c(=O)c([cH+]1)C)=O,1,2.0
