ID,SMILES,BBB,Nodes,Edges
1,[Cl].CC(C)NCC(O)COc1cccc2ccccc12,1,20,40
2,C(=O)(OC(C)(C)C)CCCc1ccc(cc1)N(CCCl)CCCl,1,23,46
3,c12c3c(N4CCN(C)CC4)c(F)cc1c(c(C(O)=O)cn2C(C)CO3)=O,1,26,58
4,C1CCN(CC1)Cc1cccc(c1)OCCCNC(=O)C,1,21,44
5,Cc1onc(c2ccccc2Cl)c1C(=O)N[C@H]3[C@H]4SC(C)(C)[C@@H](N4C3=O)C(O)=O,1,29,64
6,CCN1CCN(C(=O)N[C@@H](C(=O)N[C@H]2[C@H]3SCC(=C(N3C2=O)C(O)=O)CSc4nnnn4C)c5ccc(O)cc5)C(=O)C1=O,1,44,96
7,CN(C)[C@H]1[C@@H]2C[C@H]3C(=C(O)c4c(O)cccc4[C@@]3(C)O)C(=O)[C@]2(O)C(=O)\C(=C(/O)NCN5CCCC5)C1=O,1,38,84
8,Cn1c2CCC(Cn3ccnc3C)C(=O)c2c4ccccc14,1,22,50
9,COc1ccc(cc1)[C@@H]2Sc3ccccc3N(CCN(C)C)C(=O)[C@@H]2OC(C)=O,1,29,62
10,NC(N)=NC(=O)c1nc(Cl)c(N)nc1N,1,15,30
11,OCC(C)(O)c1onc(c2ncn3c2CN(C)C(c4c3cccc4Cl)=O)n1,0,27,60
12,CC1=CN([C@H]2C[C@H](F)[C@@H](CO)O2)C(=O)NC1=O,1,17,36
13,C(Cl)Cl,1,3,4
14,C1N(C(CC2CCCCC12)C(NC(C)(C)C)=O)CC(C(Cc1ccccc1)NC(C(NC(c1nc2c(cccc2)cc1)=O)CC(N)=O)=O)O,1,49,106
15,CCC(=O)C(CC(C)N(C)C)(c1ccccc1)c2ccccc2,1,23,48
16,CCN1N=NN(CCN2CCC(CC2)(COC)N(C(=O)CC)c3ccccc3)C1=O,1,30,64
17,CN(C)C(=O)C(CCN1CCC(O)(CC1)c1ccc(Cl)cc1)(c1ccccc1)c1ccccc1,1,34,74
18,CN1C2CCC1CC(C2)OC(=O)[C@H](CO)c3ccccc3,1,21,46
19,COc1ccc(Cl)cc1C(=O)NCCc2ccc(cc2)[S](=O)(=O)NC(=O)NC3CCCCC3,1,33,70
20,Nc1nnc(c(N)n1)c2cccc(Cl)c2Cl,1,16,34
21,CCCC(C)C,1,6,10
22,C[C@H](N)Cc1ccccc1,1,10,20
23,c1cc2c(cc(CC3=CNC(=NC3=O)NCCSCc3oc(cc3)CN(C)C)cc2)cc1,0,32,70
24,CC(C)(C)NCC(O)COc1cccc2C[C@@H](O)[C@@H](O)Cc12,1,22,46
25,CCC(=O)N(c1ccccc1)C2(CCN(CCc3sccc3)CC2)COC,1,27,58
26,CCNC(=NC#N)NCCSCc1c(cccn1)Br,0,19,38
27,CN(C)C(=O)Cc1n2cc(C)ccc2nc1c3ccc(C)cc3,1,23,50
28,CN1CCN(CC1)C2=C3C=CC=CC3=Nc4ccc(Cl)cc4N2,1,23,52
29,FC(F)(F)c1c(Cl)nc(N2CCNCC2)cc1,1,17,36
30,O.CCN1CCN(C(=O)N[C@@H](C(=O)N[C@H]2[C@H]3SC(C)(C)[C@@H](N3C2=O)C(O)=O)c4ccccc4)C(=O)C1=O,1,37,78
31,CCCC(C)C1(CC)C(=O)NC(=O)NC1=O,1,16,32
32,C[C@H]1COc2c(N3CCN(C)CC3)c(F)cc4C(=O)C(=CN1c24)C(O)=O,1,26,58
33,c1ccc(C(NCCCOc2cc(CN3CCCCC3)ccc2)=O)cc1,1,26,56
34,CC(C)(C)OC(=O)C1=C2CN(C(=O)C3=C(N2C=N1)C=CS3)C,1,22,48
35,CCC(=O)N(C1CCN(CC1)CCc2ccccc2)c3ccccc3,1,25,54
36,CCOC(=O)c1cncn1C(C)c2ccccc2,1,18,38
37,CN(C)c1cc(C2=NC(N)=NN2)ccn1,0,15,32
38,CN1CCN(CCCN2c3ccccc3Sc4ccc(Cl)cc24)CC1,1,25,56
39,IC1=C(N([H])[H])C=CC(C2=NC3=CC=C(O[H])C=C3S2)=C1,1,18,40
40,O=C(C)Nc1cc(c2csc(N=C(N)N)n2)ccc1,0,19,40
41,CN1[C@H]2CCC[C@@H]1CC(C2)NC(=O)c3nn(C)c4ccccc34,1,23,52
42,C[S](=O)(=O)c1ccc(cc1)[C@@H](O)[C@@H](CO)NC(=O)C(Cl)Cl,1,21,42
43,c1ccc(cc1)c1csc(n1)N=C(N)N,1,15,32
44,CC(N)COc1c(C)cccc1C,1,13,26
45,CCC(=O)O[C@@](Cc1ccccc1)([C@H](C)CN(C)C)c2ccccc2,1,25,52
46,ClC1=CC=C(C2=C1)SC3=C(N2CCCNC)C=CC=C3,1,20,44
47,CN(C)Cc1ccc(c2cccc(NC3C([N+]([O-])=O)=CC=N3)c2)o1,1,24,52
48,Cn1nnnc1SCC2=C(N3[C@H](SC2)[C@H](NC(=O)[C@H](O)c4ccccc4)C3=O)C(O)=O,1,31,68
49,n(ccc1)c(c1)CCN(C)C,1,11,22
50,O=C1N(CCC1)CCCCN2CCN(CC2)c3cc(C(F)(F)F)ccn3,1,26,56
51,COc1ccc2nccc([C@H](O)[C@H]3C[C@@H]4CCN3C[C@@H]4C=C)c2c1,1,24,54
52,c1(ccccc1)CC,1,8,16
53,c1ccc(cc1N)c1csc(n1)N=C(N)N,1,16,34
54,CC[C@]1(O)C[C@H]2CN(CCc3c([nH]c4ccccc34)[C@@](C2)(C(=O)OC)c5cc6c(cc5OC)N(C)[C@H]7[C@](O)([C@H](OC(C)=O)[C@]8(CC)C=CCN9CC[C@]67[C@H]89)C(=O)OC)C1,1,59,134
55,c1(c(cc(NC(CCC)=O)cc1)C(C)=O)OCC(CNC(C)C)O,1,24,48
56,ClC1=CC=C(SC(C=CC=C2)=C2N3CCCN)C3=C1,1,19,42
57,CN(C)Cc1ccc(CSCCNC2=C([N+]([O-])=O)C(Cc3ccccc3)=CN2)o1,1,29,62
58,CNC(=NC#N)Nc1cccc(c1)c1csc(n1)N=C(N)N,0,22,46
59,n(ccc1)c(c1)CCNC,1,10,20
61,[Cl-].CN[C@H]1CC[C@@H](c2ccc(Cl)c(Cl)c2)c3ccccc13.[H+],1,22,44
63,CC[C@]1(O)C[C@H]2CN(CCc3c([nH]c4ccccc34)[C@@](C2)(C(=O)OC)c5cc6c(cc5OC)N(C=O)[C@H]7[C@](O)([C@H](OC(C)=O)[C@]8(CC)C=CCN9CC[C@]67[C@H]89)C(=O)OC)C1,1,60,136
64,CCC(NC(=O)c1c(c(nc2c1cccc2)c1ccccc1)C)c1ccccc1,1,29,64
65,ClC1=CC=CC(OC2CCN(CCC3CCCN3S(C4=CC(N([H])C=C5)=C5C=C4)(=O)=O)CC2)=C1,1,33,74
66,CN(C)Cc1ccnc(c2cccc(NC3C([N+]([O-])=O)=CC=N3)c2)c1,1,25,54
67,CNCCCC12CCC(c3ccccc13)c4ccccc24,1,21,48
68,N1(Cc2cc(OCCCNc3nccs3)ccc2)CCCCC1,1,23,50
69,OC(C)(C)c1onc(c2ncn3c2CN(C)C(c4c3cccc4Cl)=O)n1,0,26,58
70,[Na+].CO\N=C(C(=O)N[C@@H]1[C@@H]2SCC(=C(N2C1=O)C([O-])=O)COC(C)=O)\c3csc(N)n3,1,31,64
71,C1=CC=C2C(=C1)C3C(O3)C4=CC=CC=C4N2C(=O)N,1,19,44
72,C1CCCCC1,1,6,12
73,Cc1csc(n1)N=C(N)N,1,10,20
74,CCCN(CCc1c2c(c(cc1)O)NC(=O)C2)CCC,1,20,42
75,Clc1cc2c(Oc3ccccc3C3CN(CC32)C)cc1,1,20,46
76,CN(C)Cc1oc(CSCCNC2C([N+]([O-])=O)=CC=N2)cc1,0,22,46
77,CO/N=C(C(=O)N[C@H]1[C@H]2SCC(=C(N2C1=O)C(O)=O)COC(N)=O)/c3occc3,1,29,62
78,N1(Cc2cc(OCCCNc3oc4ccccc4n3)ccc2)CCCCC1,1,27,60
79,OC12c3c(Oc4c(C)cccc4C2CN(CC1)C)cccc3,1,22,50
80,[O-][N+](C1=CC=NC1NCCSCc2ccccn2)=O,1,19,40
81,c12c(nc([nH]1)NC(OC)=O)cc(SCCC)cc2,1,18,38
82,c1cccn2c1nc(c2)CCN,0,12,26
83,Cc1ncc(n1CC(O)CCl)[N+]([O-])=O,1,14,28
84,CCCN(CCc1c2c(ccc1)NC(=O)C2)CCC,1,19,40
85,Clc1cc2c(Oc3ccccc3C3CNCC32)cc1,1,19,44
86,CN(CCC=C1c2ccccc2CCc2ccccc12)C,1,21,46
87,CO/N=C(C(=O)N[C@H]1[C@H]2SCC(=C(N2C1=O)C(O)=O)CSC3=NC(=O)C(=O)NN3C)/c4csc(N)n4,1,36,78
88,N1(Cc2cccc(OCCCNc3ccccn3)c2)CCCCC1,1,24,52
89,OC12c3c(Oc4c(C)cccc4C2CNCC1)cccc3,1,21,48
90,[O-][N+](C1=CC=NC1NCCSCc2ncccc2Br)=O,1,20,42
91,c12c3c(C(NC(C)=O)CCc2cc(c(c1OC)OC)OC)cc(=O)c(cc3)OC,1,29,62
92,C1CCN(CC1)Cc1cc(OCCCO)ccc1,1,18,38
93,Cc1ncsc1CCCl,1,9,18
94,CCN(CC)C(=O)Nc1ccc(OCC(O)CNC(C)(C)C)c(c1)C(C)=O,1,27,54
95,ClCC(F)(F)F,1,6,10
96,CN1C(=O)c2c(cccc2Cl)n2cnc(c2C1)c1noc(n1)C(C)C,1,25,56
97,CO[C@]1(NC(=O)Cc2sccc2)[C@H]3SCC(=C(N3C1=O)C(O)=O)COC(N)=O,1,28,60
98,NC(CC=C)c1ccccc1c2noc3c2cccc3,1,20,44
99,OC1C(N2CCC1)=NC(C)=C(CCN3CCC(CC3)c4c5ccc(F)cc5on4)C2=O,1,31,70
100,CC(=O)Nc1ccc(O)cc1,1,11,22
101,CC(=O)Oc1ccccc1C(O)=O,0,13,26
102,O=C1N=CN=C2NNC=C12,0,10,22
103,CCCCC[C@H](O)/C=C/[C@H]1[C@H](O)CC(=O)[C@@H]1CCCCCCC(O)=O,0,25,50
104,CN1C(=O)N(C)c2nc[nH]c2C1=O.CN3C(=O)N(C)c4nc[nH]c4C3=O.NCCN,0,30,62
105,CCCCc1oc2ccccc2c1C(=O)c3cc(I)c(OCCN(CC)CC)c(I)c3,0,31,66
106,O.O.O.CC1(C)S[C@@H]2[C@H](NC(=O)[C@H](N)c3ccc(O)cc3)C(=O)N2[C@H]1C(O)=O,0,28,54
107,CC1(C)S[C@@H]2[C@H](NC(=O)[C@H](N)c3ccccc3)C(=O)N2[C@H]1C(O)=O,0,24,52
108,C[C@]1(O)CC[C@H]2[C@@H]3CCC4=CC(=O)CC[C@]4(C)[C@H]3CC[C@]12C,0,22,50
109,OC(=O)CCC(O)=O.FC(F)(F)c1ccc2Sc3ccccc3N(CCCN4CCN(CCC5OCCCO5)CC4)c2c1,1,43,92
110,OC1N=C(c2ccccc2)c3cc(Cl)ccc3NC1=O,1,20,44
111,O=C1Nc2ccccc2N1C3CCN(CCOc4ccccc4)CC3,1,25,56
112,COc1ccc2C[C@H]3N(C)CC[C@@]45[C@@H](Oc1c24)C(=O)CC[C@@]35O,1,23,54
113,CN1CC[C@]23[C@H]4Oc5c(O)ccc(C[C@@H]1[C@]2(O)CCC4=O)c35,1,22,52
114,CN1CCCC(C1)CN2c3ccccc3Sc4ccccc24,1,22,50
115,NC1=NC(=O)C(O1)c2ccccc2,1,13,28
116,C[C@@H]1[C@H]2Cc3ccc(O)cc3[C@]1(C)CCN2CC=C(C)C,1,21,46
117,CCc1cc(ccn1)C(N)=S,1,11,22
118,COc1cc(cc(OC)c1O)[C@H]2[C@@H]3C(COC3=O)[C@H](O[C@@H]4O[C@@H]5CO[C@@H](C)O[C@H]5[C@H](O)[C@H]4O)c6cc7OCOc7cc26,0,42,96
119,NC(N)=Nc1scc(CSCCC(N)=N[S](N)(=O)=O)n1,1,20,40
120,OC(Cn1cncn1)(Cn2cncn2)c3ccc(F)cc3F,1,22,48
121,[Na+].[Na+].[Na+].[O-]C(=O)[P]([O-])([O-])=O,1,10,12
122,NCC1(CCCCC1)CC(O)=O,1,12,24
123,[Na+].CCOc1ccc2ccccc2c1C(=O)N[C@H]3[C@H]4SC(C)(C)[C@@H](N4C3=O)C([O-])=O,0,30,64
124,CCN1C=C(C(O)=O)C(=O)c2ccc(C)nc12,0,17,36
125,Cc1c(O)cccc1C(=O)N[C@@H](CSc2ccccc2)[C@H](O)CN3C[C@H]4CCCC[C@H]4C[C@H]3C(=O)NC(C)(C)C,0,40,86
126,COc1ccc(CCN2CCC(CC2)Nc3nc4ccccc4n3Cc5ccc(F)cc5)cc1,0,34,76
127,CN1C2CCC1CC(C2)OC(=O)C(CO)c3ccccc3,0,21,46
128,[Cl-].CN(C)[C@H]1[C@@H]2C[C@H]3C(=C(O)c4c(O)ccc(Cl)c4[C@@]3(C)O)C(=O)[C@]2(O)C(=O)\C(=C(N)/O)C1=O.[H+],0,35,72
129,C[C@H]1C[C@H]2[C@@H]3CCC4=CC(=O)C=C[C@]4(C)[C@@]3(F)[C@@H](O)C[C@]2(C)[C@@]1(O)C(=O)CO,0,28,62
130,CC1(C)S[C@@H]2[C@H](NC(=O)C(C(O)=O)c3ccccc3)C(=O)N2[C@H]1C(O)=O,0,26,56
131,C[C@@](Cc1ccc(O)c(O)c1)(NN)C(O)=O,0,16,32
132,CC(C)(C)NCC(O)COc1cccc2NC(=O)CCc12,0,21,44
133,[Na+].Cc1sc(SCC2=C(N3[C@H](SC2)[C@H](NC(=O)Cn4cnnn4)C3=O)C([O-])=O)nn1,0,30,64
134,CC(=O)OCC1=C(N2[C@H](SC1)[C@H](NC(=O)CSc3ccncc3)C2=O)C(O)=O,0,28,60
135,OC(=O)CCCc1ccc(cc1)N(CCCl)CCCl,0,19,38
136,CCCN1C[C@H](CSC)C[C@H]2[C@H]1Cc3c[nH]c4cccc2c34,1,22,50
137,CN1CCN(CC1)C2=Nc3ccccc3Cc4ccccc24,1,22,50
138,OCCN1CCN(CCCN2c3ccccc3Sc4ccc(Cl)cc24)CC1,1,27,60
139,CCOC(=O)C1(CCN(C)CC1)c2ccccc2,1,18,38
140,C1CCN(CC1)C2(CCCCC2)c3ccccc3,1,18,40
141,NNCCc1ccccc1.O[S](O)(=O)=O,1,15,28
142,CCC1(C(=O)NC(=O)NC1=O)c2ccccc2,1,17,36
143,NC(=O)OCCCc1ccccc1,1,13,26
144,CNC(=O)Oc1ccc2N(C)[C@H]3N(C)CC[C@@]3(C)c2c1,1,20,44
145,NCC(O)c1ccc(O)c(O)c1,0,12,24
146,COc1ccc2nc([nH]c2c1)[S](=O)Cc3ncc(C)c(OC)c3C,0,24,52
147,Cc1onc(c2ccccc2)c1C(=O)N[C@H]3[C@H]4SC(C)(C)[C@@H](N4C3=O)C(O)=O,0,28,62
148,OC[C@H]1O[C@H](C[C@@H]1O)n2cnc3[C@H](O)CN=CNc23,1,19,42
149,CC1(C)S[C@@H]2[C@H](NC(=O)COc3ccccc3)C(=O)N2[C@H]1C([O-])=O,0,24,52
150,OCC(NC(=O)C(Cl)Cl)C(O)c1ccc(cc1)[N+]([O-])=O,0,20,40
151,N[S](=O)(=O)c1cc2c(NC=N[S]2(=O)=O)cc1Cl,0,17,36
152,CCCNC(=O)N[S](=O)(=O)c1ccc(Cl)cc1,0,17,34
153,CN(C)[C@H]1[C@@H]2C[C@H]3C(=C(O)c4c(O)ccc(Cl)c4[C@@]3(C)O)C(=O)[C@]2(O)C(=O)\C(=C(N)/O)C1=O,0,33,72
154,N[S](=O)(=O)c1cc(ccc1Cl)C2(O)NC(=O)c3ccccc23,0,22,48
155,CCOC(=O)C(C)(C)Oc1ccc(Cl)cc1,0,16,32
156,CC(C)(Oc1ccc(Cl)cc1)C(O)=O,0,14,28
157,Clc1ccccc1C(n2ccnc2)(c3ccccc3)c4ccccc4,0,25,56
158,C[C@]12C[C@H](O)[C@H]3[C@@H](CCC4=CC(=O)CC[C@]34C)[C@@H]1CC[C@@H]2C(=O)CO,0,25,56
159,C[C@]12CCC(=O)C=C1CC[C@H]3[C@@H]4CC[C@](O)(C(=O)CO)[C@@]4(C)CC(=O)[C@H]23,0,26,58
160,OCC[C@@H]1CCN(CC\C=C2/c3ccc(F)cc3Sc4ccc(cc24)C(F)(F)F)CC1,1,31,68
161,Fc1ccc(cc1)C(CCCN2CCC(CC2)N3C(=O)Nc4ccccc34)c5ccc(F)cc5,1,34,76
162,OCCN1CCN(CC\C=C/2c3ccccc3COc4ccc(Cl)cc24)CC1,1,28,62
163,NC(=O)C1(CCN(CCCC(=O)c2ccc(F)cc2)CC1)N3CCCCC3,1,27,58
164,Clc1ccc2N(CC3CC3)C(=O)CN=C(c4ccccc4)c2c1,1,23,52
165,CC(=O)[C@H]1CC[C@H]2[C@@H]3CC[C@@H]4C[C@H](O)CC[C@]4(C)[C@H]3CC[C@]12C,1,23,52
166,CCC1(C(=O)NCNC1=O)c2ccccc2,1,16,34
167,CCN(CC)CCOC(=O)c1ccc(N)cc1,1,17,34
168,OC(CCN1CCCC1)(C2CCCCC2)c3ccccc3,1,21,46
169,CN(C)CCCN1c2ccccc2Sc3ccccc13,1,20,44
170,CC(C)NCC(O)COc1cccc2[nH]ccc12,1,18,38
171,CO[C@@H]([C@@H]1Cc2cc3cc(O[C@H]4C[C@@H](O[C@H]5C[C@@H](O)[C@H](O)[C@@H](C)O5)[C@H](O)[C@@H](C)O4)c(C)c(O)c3c(O)c2C(=O)[C@H]1O[C@H]6C[C@@H](O[C@H]7C[C@@H](O[C@H]8C[C@](C)(O)[C@H](O)[C@@H](C)O8)[C@H](O)[C@@H](C)O7)[C@H](O)[C@@H](C)O6)C(=O)[C@@H](O)[C@@H](C)O,1,76,166
172,CC[C@H](C)C(=O)O[C@H]1C[C@H](O)C=C2C=C[C@H](C)[C@H](CC[C@@H](O)C[C@@H](O)CC(O)=O)[C@@H]12,0,30,62
173,O=C1CN(CC2N1CCc3ccccc23)C(=O)C4CCCCC4,1,23,52
174,COc1cc(Cc2cnc(N)nc2N)cc(OC)c1OC,1,21,44
175,COc1cc(NCc2ccc3nc(N)nc(N)c3c2C)cc(OC)c1OC,0,27,58
176,NC(CO)(CO)CO,0,8,14
177,NC1[C@H]2CN(C[C@@H]12)c3nc4N(C=C(C(O)=O)C(=O)c4cc3F)c5ccc(F)cc5F,1,30,68
178,NC(N)=O,1,4,6
179,O=C1Oc2ccccc2C=C1,0,11,24
180,Nc1ccc(cc1)[S](=O)(=O)c2ccc(N)cc2,0,17,36
181,C[C@H](CCC(O)=O)[C@H]1CC[C@H]2[C@H]3[C@H](CC(=O)[C@]12C)[C@@]4(C)CCC(=O)C[C@H]4CC3=O,0,29,64
182,OC1=C(CC2=C(O)Oc3ccccc3C2=O)C(=O)c4ccccc4O1,0,25,56
183,CCN(CC)CCOC(=O)C1(CCCCC1)C2CCCCC2,0,22,46
184,CC\C(c1ccc(O)cc1)=C(\CC)c2ccc(O)cc2,0,20,42
185,C[C@H]1O[C@H](C[C@H](O)[C@@H]1O)O[C@H]2[C@@H](O)C[C@@H](O[C@@H]2C)O[C@H]3[C@@H](O)C[C@@H](O[C@@H]3C)O[C@H]4CC[C@@]5(C)[C@H](CC[C@@H]6[C@@H]5CC[C@]7(C)[C@@H](CC[C@]67O)C8=CC(=O)OC8)C4,0,54,122
186,C[C@H]1O[C@H](C[C@H](O)[C@@H]1O)O[C@H]2[C@@H](O)C[C@@H](O[C@@H]2C)O[C@H]3[C@@H](O)C[C@@H](O[C@@H]3C)O[C@H]4CC[C@@]5(C)[C@H](CC[C@@H]6[C@@H]5C[C@@H](O)[C@]7(C)[C@H](CC[C@]67O)C8=CC(=O)OC8)C4,0,55,124
187,Clc1ccc2N(C3CCN(CCCN4C(=O)Nc5ccccc45)CC3)C(=O)Nc2c1,0,30,68
188,CC(CN1c2ccccc2Sc3ccccc13)N(C)C,1,20,44
189,CCC(=O)c1ccc2Sc3ccccc3N(CC(C)N(C)C)c2c1,1,24,52
190,CC(C)c1cccc(C(C)C)c1O,1,13,26
191,CNCCCC1c2ccccc2C=Cc3ccccc13,1,20,44
192,O=C1C=CNN=C1,1,7,14
193,Fc1ccccc1C2=NCC(=S)N(CC(F)(F)F)c3ccc(Cl)cc23,1,25,54
194,CO[C@H]1[C@@H](C[C@@H]2CN3CCc4c([nH]c5cc(OC)ccc45)[C@H]3C[C@@H]2[C@@H]1C(=O)OC)OC(=O)\C=C\c6cc(OC)c(OC)c(OC)c6,1,46,102
195,CO[C@H]1[C@@H](C[C@@H]2CN3CCc4c([nH]c5cc(OC)ccc45)[C@H]3C[C@@H]2[C@@H]1C(=O)OC)OC(=O)c6cc(OC)c(OC)c(OC)c6,1,44,98
196,CCCC(C)C1(CC=C)C(=O)NC(=O)NC1=O,1,17,34
197,[H+].[Cl-].Clc1ccc2Sc3ccccc3N(CCCN4CCC5(CC4)NC(=O)CS5)c2c1,1,31,66
198,OC1=C(C2CCC(CC2)c3ccc(Cl)cc3)C(=O)C(=O)c4ccccc14,0,26,58
199,OC(=O)CCCCCCCC(O)=O,0,13,24
200,CC[C@H]1OC(=O)[C@H](C)[C@@H](O[C@H]2C[C@@](C)(OC)[C@@H](O)[C@H](C)O2)C(C)[C@@H](O[C@@H]3O[C@H](C)C[C@@H]([C@H]3O)N(C)C)[C@](C)(O)C[C@@H](C)CN(C)[C@H](C)[C@@H](O)[C@]1(C)O,0,52,108
201,CCC(C)C(N)C1=NC(CS1)C(=O)N[C@@H](CC(C)C)C(=O)N[C@H](CCC(O)=O)C(=O)N[C@@H]([C@@H](C)CC)C(=O)NCCCC[C@@H]2NC(=O)[C@H](CC(N)=O)NC(=O)[C@@H](CC(O)=O)NC(=O)[C@H](Cc3[nH]cnc3)NC(=O)[C@@H](Cc4ccccc4)NC(=O)[C@@H](NC(=O)[C@@H](CCCN)NC2=O)[C@@H](C)CC,0,100,206
202,[Cl-].CC(C[N+](C)(C)C)OC(N)=O,0,12,20
203,CC[N+](C)(C)Cc1ccccc1Br.Cc2ccc(cc2)[S]([O-])(=O)=O,0,24,48
204,CC(C)C[C@@H]1N2C(=O)[C@](NC(=O)[C@H]3CN(C)[C@@H]4Cc5c(Br)[nH]c6cccc(C4=C3)c56)(O[C@@]2(O)[C@@H]7CCCN7C1=O)C(C)C,0,43,98
205,c12[C@]34[C@@]56[C@H]([N@@](CC7CC7)CC4)Cc2ccc(c1O[C@H]3[C@](OC)([C@H](C5)[C@](C(C)(C)C)(C)O)CC6)O,1,34,80
206,NCCc1ccc(O)c(O)c1,0,11,22
207,COc1cccc2C(=O)c3c(O)c4C[C@](O)(C[C@H](O[C@H]5C[C@H](N)[C@H](O)[C@H](C)O5)c4c(O)c3C(=O)c12)C(=O)CO,0,39,86
208,O.C[C@@H]1[C@H]2[C@H](O)[C@H]3[C@H](N(C)C)C(=O)C(=C(N)/O)/C(=O)[C@@]3(O)C(=O)C2=C(O)c4c(O)cccc14,0,33,70
209,[Cl].CCCCOc1ccc(cc1)C(=O)CCN2CCCCC2,0,22,44
210,Clc1ccc(COC(Cn2ccnc2)c3ccc(Cl)cc3Cl)cc1,0,24,52
211,CC(C)[C@H](NC(=O)[C@H](Cc1ccccc1)NC(=O)CNC(=O)[C@@H](C)NC(=O)[C@@H](N)Cc2ccc(O)cc2)C(N)=O,0,40,82
212,CN[C@@H](C)[C@H](O)c1ccccc1,0,12,24
213,CNC[C@H](O)c1ccc(O)c(O)c1,0,13,26
214,CC[C@H]1OC(=O)[C@H](C)[C@@H](O[C@H]2C[C@@](C)(OC)[C@@H](O)[C@H](C)O2)[C@H](C)[C@@H](O[C@@H]3O[C@H](C)C[C@@H]([C@H]3O)N(C)C)[C@](C)(O)C[C@@H](C)C(=O)[C@H](C)[C@@H](O)[C@]1(C)O,0,51,106
215,C[C@]12CC[C@H]3[C@@H](CCc4cc(O)ccc34)[C@@H]1CC[C@@H]2O,0,20,46
216,Nc1c2CCCCc2nc3ccccc13,1,15,34
217,CN1C(=O)C(O)N=C(c2ccccc2)c3cc(Cl)ccc13,1,21,46
218,COc1cc2CCN3CC(CC(C)C)C(=O)CC3c2cc1OC,1,23,50
219,CCCCCc1cc(O)c2[C@@H]3C=C(C)CC[C@H]3C(C)(C)Oc2c1,1,23,50
220,COC1=CC=C2[C@H]3Cc4ccc(OC)c5O[C@@H]1[C@]2(CCN3C)c45,1,23,54
221,CCSc1ccc2Sc3ccccc3N(CCCN4CCN(C)CC4)c2c1,1,27,60
222,CSc1ccc2Sc3ccccc3N(CCC4CCCCN4C)c2c1,1,25,56
223,CN1CCN(CC/C=C/2c3ccccc3Sc4ccc(cc24)[S](=O)(=O)N(C)C)CC1,1,30,66
224,[Cl-].N[C@@H]1C[C@H]1c2ccccc2.[H+],1,12,22
225,Clc1cccc(c1)N2CCN(CCCN3N=C4C=CC=CN4C3=O)CC2,1,26,58
226,C[S](=O)(=O)OCCCCO[S](C)(=O)=O,1,14,26
227,CC1=C(N2[C@H](SC1)[C@H](NC(=O)[C@H](N)C3=CCC=CC3)C2=O)C(O)=O,0,24,52
228,CCN(CC)CCCC(C)Nc1ccnc2cc(Cl)ccc12,1,22,46
229,O.COC1CN(CCCOc2ccc(F)cc2)CCC1NC(=O)c3cc(Cl)c(N)cc3OC,1,33,68
230,Nc1nc(Cl)nc2n(cnc12)[C@H]3C[C@H](O)[C@@H](CO)O3,1,19,42
231,[Br-].C[N+]12CCC(CC1)C(C2)OC(=O)C(O)(c3ccccc3)c4ccccc4,0,27,58
232,C[C@]12CC[C@H]3[C@@H](CCc4cc(O)ccc34)[C@@H]1CCC2=O,0,20,46
233,CCC(=C)C(=O)c1ccc(OCC(O)=O)c(Cl)c1Cl,0,19,38
234,C[C@]12CC[C@H]3[C@@H](CCc4cc(O)ccc34)[C@@H]1CC[C@@]2(O)C#C,0,22,50
235,CC(Cc1ccc(O)cc1)NCC(O)c2cc(O)cc(O)c2,0,22,46
236,OC[C@H]1O[C@H](C[C@@H]1O)N2C=C(F)C(=O)NC2=O,0,17,36
237,Cc1onc(c1C(=O)N[C@H]2[C@H]3SC(C)(C)[C@@H](N3C2=O)C(O)=O)c4c(F)cccc4Cl,0,30,66
238,FC1=CNC(=O)NC1=O,0,9,18
239,N[S](=O)(=O)c1cc(C(O)=O)c(NCc2occc2)cc1Cl,0,21,44
240,NC1=NC(=O)c2ncn(COC(CO)CO)c2N1,0,18,38
241,[Br-].C[N+]1(C)CCC(C1)OC(=O)C(O)(C2CCCC2)c3ccccc3,0,24,50
242,OC1(CCN(CCCC(=O)c2ccc(F)cc2)CC1)c3cccc(c3)C(F)(F)F,1,29,62
243,CN(C)CCCN1c2ccccc2Sc3ccc(cc13)C(F)(F)F,1,24,52
244,CN1CCN(CCCN2c3ccccc3Sc4ccc(cc24)C(F)(F)F)CC1,1,28,62
245,OC(CCN1CCCCC1)(C2CCCCC2)c3ccccc3,1,22,48
246,COc1cc(cc(OC)c1OC)C(=O)N2CCOCC2,1,20,42
247,CC(CN(C)C)CN1c2ccccc2CCc3ccccc13,1,22,48
248,CCCCNC(=O)OCC(C)(CCC)COC(N)=O,1,19,36
249,OCC1OC(C(O)C1O)N2C=CC(=O)NC2=O,1,17,36
250,CCCC(CCC)C(O)=O,1,10,18
251,CN(C)C/C=C(/c1ccc(Br)cc1)c2cccnc2,1,19,40
252,CC(C)N=C1C=C2N(c3ccc(Cl)cc3)c4ccccc4N=C2C=C1Nc5ccc(Cl)cc5,0,33,74
253,COC1=CC=C2C(=CC1=O)[C@H](CCc3cc(OC)c(OC)c(OC)c23)NC(C)=O,0,29,62
254,OC(COc1ccc2OC(=CC(=O)c2c1)C(O)=O)COc3cccc4OC(=CC(=O)c34)C(O)=O,0,34,74
255,NC1CONC1=O,1,7,14
256,NC(=O)NO,1,5,8
257,[Br-].CC(C)[N+]1(C)C2CCC1CC(C2)OC(=O)C(CO)c3ccccc3,0,25,52
258,NC(N)=N\N=C\c1c(Cl)cccc1Cl,0,14,28
259,NC(N)=NCCN1CCCCCCC1,0,14,28
260,CN1C2CCC1CC(C2)OC(=O)C(O)c3ccccc3,0,20,44
261,NNc1nncc2ccccc12,0,12,26
262,N[S](=O)(=O)c1cc2c(NCN[S]2(=O)=O)cc1Cl,0,17,36
263,C[C@]12CCC(=O)C=C1CC[C@H]3[C@@H]4CC[C@](O)(C(=O)CO)[C@@]4(C)C[C@H](O)[C@H]23,0,26,58
264,N[S](=O)(=O)c1cc2c(NCN[S]2(=O)=O)cc1C(F)(F)F,0,20,42
265,CC(C)Cc1ccc(cc1)C(C)C(O)=O,0,15,30
266,COc1ccc2n(c(C)c(CC(O)=O)c2c1)C(=O)c3ccc(Cl)cc3,0,25,54
267,c12c(c(ccc1)Cl)C(N(Cc1n2cnc1c1nc(on1)[C@](CO)(C)O)C)=O,0,27,60
268,NCCc1cn2c(n1)cccc2,0,12,26
269,CCCN(CCC)CCc1ccc(c2c1CC(N2)=C)O,1,20,42
270,c1(c2c(cc(F)cc2)on1)C1CCN(CCc2c(n3c([C@@H](CCC3)O)nc2C)=O)CC1,1,31,70
271,Cc1nnc2CN=C(c3ccccc3)c4cc(Cl)ccc4n12,1,22,50
272,ClCCNC(=O)N(CCCl)N=O,1,12,22
273,CCC(C)N1N=CN(C1=O)c2ccc(cc2)N3CCN(CC3)c4ccc(OC[C@H]5CO[C@@](Cn6cncn6)(O5)c7ccc(Cl)cc7Cl)cc4,0,49,110
274,NCC1OC(OC2C(N)CC(N)C(OC3OC(CO)C(O)C(N)C3O)C2O)C(O)C(O)C1O,0,33,70
275,CC(C(O)=O)c1cccc(c1)C(=O)c2ccccc2,1,19,40
276,OC(=O)C1CCn2c1ccc2C(=O)c3ccccc3,0,19,42
277,C[C@H](N)[C@H](O)c1cccc(O)c1,0,12,24
278,NNC(=O)c1ccncc1,0,10,20
279,CC(C)NCC(O)c1ccc(O)c(O)c1,0,15,30
280,OC[C@H]1O[C@@H](OC2=C(Oc3cc(O)cc(O)c3C2=O)c4ccc(O)c(O)c4)[C@H](O)[C@@H](O)[C@@H]1O,0,33,72
281,CC(=O)N1CCN(CC1)c2ccc(OC[C@H]3CO[C@@](Cn4ccnc4)(O3)c5ccc(Cl)cc5Cl)cc2,0,36,80
282,CC(CCc1ccccc1)NCC(O)c2ccc(O)c(c2)C(N)=O,0,24,50
283,N[C@@H](Cc1ccc(O)c(O)c1)C(O)=O,0,14,28
284,OCC(O)C(O)C(O)C(O)CO,0,12,22
285,CN(C)C1C2C(O)C3C(=C)c4c(Cl)ccc(O)c4C(=C3C(=O)C2(O)C(=O)\C(=C(N)/O)C1=O)O,0,33,72
286,Cc1ccc(Cl)c(Nc2ccccc2C(O)=O)c1Cl,0,19,40
287,Cc1cccc(Nc2ccccc2C(O)=O)c1C,0,18,38
288,CN=C(NCCSCc1nc[nH]c1C)NC#N,0,17,34
289,Clc1cccc(Cl)c1NC2=NCCN2,1,14,30
290,OC[C@@H]1CC[C@@H](O1)n2cnc3C(=O)N=CNc23,0,17,38
291,COCCc1ccc(OCC(O)CNC(C)C)cc1,1,19,38
292,Cc1ncc(n1CCO)[N+]([O-])=O,1,12,24
293,CC#C[C@]1(O)CC[C@H]2[C@@H]3CCC4=CC(=O)CCC4=C3[C@H](C[C@]12C)c5ccc(cc5)N(C)C,0,32,72
294,C1[C@@H]2[C@](C(=C3C(c4c(ccc(c4C[C@@H]13)N(C)C)O)=O)O)(C(C(C(N)=O)=C([C@H]2N(C)C)O)=O)O,1,33,72
295,Clc1ccc(cc1)C(=O)NCCN2CCOCC2,1,18,38
296,[Br-].CC(C)[N+](C)(CCOC(=O)C1c2ccccc2Oc3ccccc13)C(C)C,0,28,58
297,NC(=O)c1cnccn1,1,9,18
298,[Br-].CN(C)C(=O)Oc1ccc[n+](C)c1,1,14,26
299,CCc1nc(N)nc(N)c1c2ccc(Cl)cc2,1,17,36
300,COc1ccc2nccc([C@@H](O)[C@@H]3C[C@H]4CCN3C[C@@H]4C=C)c2c1,0,24,54
301,NC(Cc1ccc(cc1)N(CCCl)CCCl)C(O)=O,0,19,38
302,[Br-].C[N+]1(C)CCCC(C1)OC(=O)C(O)(c2ccccc2)c3ccccc3,0,26,54
303,COc1ccc(CN(CCN(C)C)c2ccccn2)cc1,0,21,44
304,C1CN2CCC1C(C2)CN3c4ccccc4Sc5ccccc35,0,23,54
305,COc1ccc2[C@H]3CC[C@@]4(C)[C@@H](CC[C@@]4(O)C#C)[C@@H]3CCc2c1,0,23,52
306,CC[N+](C)(CC)CCOC(=O)C1c2ccccc2Oc3ccccc13,0,25,54
307,CN(Cc1cnc2nc(N)nc(N)c2n1)c3ccc(cc3)C(=O)N[C@@H](CCC(O)=O)C(O)=O,0,33,70
308,CN1C(CCl)Nc2cc(Cl)c(cc2[S]1(=O)=O)[S](N)(=O)=O,0,20,42
309,C[C@](N)(Cc1ccc(O)c(O)c1)C(O)=O,0,15,30
310,[Cl-].[Cl-].[Cl-].COc1cccnc1CCCCNC2=NC=C(Cc3ccc(C)nc3)C(=O)N2.[H+].[H+].[H+],0,34,60
311,CC(C)c1onc(n1)c2ncn3c2CN(C)C(=O)c4c(Cl)cccc34,1,25,56
312,Cc1ccc(CC2=CN=C(NCCSCc3oc(cc3)C(C)(C)N)NC2=O)cn1,0,29,62
313,CN1CCN2C(C1)c3ccccc3Cc4ccccc24,1,20,46
314,Cc1ncc2CN=C(c3ccccc3F)c4cc(Cl)ccc4n12,1,23,52
315,CC(C)[C@H](NC(=O)N(C)Cc1csc(n1)C(C)C)C(=O)N[C@H](C[C@H](O)[C@H](Cc2ccccc2)NC(=O)OCc3scnc3)Cc4ccccc4,0,50,106
316,CC(C)(C)NC(=O)[C@@H]1C[C@@H]2CCCC[C@@H]2CN1C[C@@H](O)[C@H](Cc3ccccc3)NC(=O)[C@H](CC(N)=O)NC(=O)c4ccc5ccccc5n4,0,49,106
317,FCOC(C(F)(F)F)C(F)(F)F,1,12,22
318,[Na+].CC(=O)Nc1c(I)c(NC(C)=O)c(I)c(C([O-])=O)c1I,0,21,40
319,CC(C)NCC(O)c1ccc(N[S](C)(=O)=O)cc1,1,18,36
320,CC1=CN([C@@H]2O[C@H](CO)C=C2)C(=O)NC1=O,1,16,34
321,CN[C@H]1[C@H](O)[C@@H](O)[C@H](CO)O[C@H]1O[C@H]2[C@@H](O[C@@H](C)[C@]2(O)C=O)O[C@H]3[C@H](O)[C@@H](O)[C@H](N=C(N)N)[C@@H](O)[C@@H]3N=C(N)N,0,40,84
322,Nc1ccc(cc1)[S](=O)(=O)Nc2ncccn2,1,17,36
323,Cc1noc(N[S](=O)(=O)c2ccc(N)cc2)c1C,1,18,38
324,C[C@H]1C[C@H]2[C@@H]3CC[C@](O)(C(=O)CO)[C@@]3(C)C[C@H](O)[C@@H]2[C@@]4(C)C=CC(=O)C=C14,0,27,60
325,Clc1ccc(COC(Cn2ccnc2)c3ccc(Cl)cc3Cl)c(Cl)c1,0,25,54
326,C[C@]12CC[C@H]3[C@@H](CCC4=CC(=O)CC[C@H]34)[C@@H]1CC[C@@H]2O,0,20,46
327,CCOC(=O)C(C1=C(O)Oc2ccccc2C1=O)C3=C(O)Oc4ccccc4C3=O,0,30,66
328,OCc1cccnc1,0,8,16
329,C[C@]12CC[C@H]3[C@@H](CCC4=CC(=O)CC[C@H]34)[C@@H]1CC[C@@]2(O)C#C,0,22,50
330,NCC(O)c1cccc(O)c1,0,11,22
331,CC(CCc1ccccc1)NC(C)C(O)c2ccc(O)cc2,0,22,46
332,C[C@]1(O)CC[C@H]2[C@@H]3CC[C@H]4CC(=O)OC[C@]4(C)[C@H]3CC[C@]12C,0,22,50
333,OC(=O)CCc1oc(c2ccccc2)c(n1)c3ccccc3,0,22,48
334,CN1CCN2C(C1)c3ccccc3Cc4cccnc24,1,20,46
335,Cc1ccnc2N(C3CC3)c4ncccc4C(=O)Nc12,1,20,46
336,C1NCCN(C1)c1ccc(c(n1)Cl)C(F)(F)F,1,17,36
337,c1c2c(cc(c1)Cl)[C@@H]1[C@H](c3ccccc3O2)CNC1,1,19,44
338,c1c2c(ccc1)[C@@]1([C@@H](c3cccc(c3O2)C)CNCC1)O,1,21,48
339,c1ccc(c(c1)[C@H](CC=C)N)c1c2c(on1)cccc2,1,20,44
340,c1c2c(ccc1)[C@@]1([C@@H](c3cccc(c3O2)C)C[N@](CC1)C)O,1,22,50
341,c1c2c(cc(c1)Cl)[C@@H]1[C@H](c3ccccc3O2)CN(C1)C,1,20,46
342,CNC(/NCCSCc1oc(CN(C)C)cc1)=C\[N+]([O-])=O,0,21,42
343,Cc1onc(N[S](=O)(=O)c2ccc(N)cc2)c1,1,17,36
344,CC/C(c1ccccc1)=C(c2ccccc2)/c3ccc(OCCN(C)C)cc3,1,28,60
345,[Na+].[Na+].CC1(C)S[C@@H]2[C@H](NC(=O)[C@H](C([O-])=O)c3cscc3)C(=O)N2[C@H]1C([O-])=O,1,27,54
346,CC[C@@]1(O)C(=O)OCC2=C1C=C3N(Cc4cc5c(CN(C)C)c(O)ccc5nc34)C2=O,1,31,70
347,NC1=NC(=O)N(C=C1)[C@H]2CC[C@@H](CO)O2,1,15,32
348,N[S](=O)(=O)Cc1noc2ccccc12,1,14,30
349,C[C@H]1O[C@@H](O[C@@H]\2C[C@@H]3O[C@](O)(C[C@@H](O)C[C@@H](O)[C@H](O)CC[C@@H](O)C[C@@H](O)CC(=O)O[C@@H](C)[C@H](C)[C@H](O)[C@@H](C)\C=C/C=C\C=C/C=C\C=C/C=C\C=C2)C[C@H](O)[C@H]3C(O)=O)[C@@H](O)[C@@H](N)[C@@H]1O,0,65,134
350,[Ca++].NC1=NC(=O)C2=C(NCC(CNc3ccc(cc3)C(=O)N[C@@H](CCC([O-])=O)C([O-])=O)N2C=O)N1,1,35,72
351,O.O.CN(C)[C@H]1[C@@H]2[C@@H](O)[C@H]3C(=C(O)c4c(O)cccc4[C@@]3(C)O)C(=O)[C@]2(O)C(=O)\C(=C(N)/O)C1=O,0,35,72
352,COc1ccc(Cc2nccc3cc(OC)c(OC)cc23)cc1OC,0,25,54
353,CC1(C)S[C@@H]2[C@H](NC(=O)Cc3ccccc3)C(=O)N2[C@H]1C(O)=O,0,23,50
354,CCOc1ccc(NC(C)=O)cc1,0,13,26
355,Nc1ccc(N=Nc2ccccc2)c(N)n1,0,16,34
356,CN(C)CCC(c1ccccc1)c2ccccn2,0,18,38
357,Oc1ccc(cc1)C2(OC(=O)c3ccccc23)c4ccc(O)cc4,0,24,54
358,CC(COc1ccccc1)N(CCCl)Cc2ccccc2,0,21,44
359,CCCCC1C(=O)N(N(C1=O)c2ccccc2)c3ccccc3,0,23,50
360,CC(C)(C)NCC(O)c1ccc(O)c(CO)n1,0,17,34
361,CC1=C(CCN2CCC(CC2)c3noc4cc(F)ccc34)C(=O)N5CCCCC5=N1,1,30,68
362,CN1CC[C@]2(C)[C@H]1N(C)c3ccc(OC(=O)Nc4ccccc4)cc23,1,25,56
363,Cc1ccc(CC2=CN=C(NCCCCc3ncc(Br)cc3C)NC2=O)cn1,0,28,60
364,C[C@@H]1CC2=C(CCC(=O)C2)[C@H]3CC[C@@]4(C)[C@@H](CC[C@@]4(O)C#C)[C@H]13,1,23,52
365,CC(C)(O/N=C(C(=O)N[C@H]1[C@H]2SCC(=C(N2C1=O)C([O-])=O)C[n+]3ccccc3)/c4csc(N)n4)C(O)=O,1,37,80
366,NC1=C(F)C=NC(=O)N1,1,9,18
367,NC(N)=NCC1COC2(CCCCC2)O1,0,15,32
368,ClCCN(N=O)C(=O)NC1CCCCC1,1,15,30
369,[Na+].[O-][S](=O)(=O)CCS,0,8,12
370,CN(N=O)C(=O)N[C@H]1[C@@H](O)O[C@H](CO)[C@@H](O)[C@@H]1O,0,18,36
371,COc1cc(cc(OC)c1O)[C@H]2[C@@H]3[C@H](COC3=O)[C@H](OC4OC5COC(OC5C(O)C4O)c6sccc6)c7cc8OCOc8cc27,1,46,106
372,S=[P](N1CC1)(N2CC2)N3CC3,1,11,26
373,CN[C@H](CC(C)C)C(=O)NC1[C@H](O)c2ccc(Oc3cc4cc(Oc5ccc(cc5Cl)[C@@H](O)[C@@H]6NC(=O)[C@H](NC(=O)[C@@H]4NC(=O)[C@H](CC(N)=O)NC1=O)c7ccc(O)c(c7)c8c(O)cc(O)cc8[C@@H](NC6=O)C(O)=O)c3O[C@@H]9O[C@H](CO)[C@@H](O)[C@H](O)[C@H]9O[C@H]%10C[C@](C)(N)[C@H](O)[C@H](C)O%10)c(Cl)c2,0,101,220
374,CN1C(CSCC(F)(F)F)Nc2cc(Cl)c(cc2[S]1(=O)=O)[S](N)(=O)=O,0,25,52
375,C[C@]12C[C@H](O)[C@H]3[C@@H](CCC4=CC(=O)C=C[C@]34C)[C@@H]1CC[C@]2(O)C(=O)CO,0,26,58
376,C[C@]12CC(=O)[C@H]3[C@@H](CCC4=CC(=O)C=C[C@]34C)[C@@H]1CC[C@]2(O)C(=O)CO,0,26,58
377,CCCN(CCC)[S](=O)(=O)c1ccc(cc1)C(O)=O,0,19,38
378,CC(=O)[C@H]1CC[C@H]2[C@@H]3CCC4=CC(=O)CC[C@]4(C)[C@H]3CC[C@]12C,0,23,52
379,CC(C)NCC(O)COc1cccc2ccccc12,0,19,40
380,CC1OC(O[C@H]2CC[C@]3(C)[C@H]4CC[C@]5(C)[C@H](CC[C@]5(O)[C@@H]4CCC3=C2)C6=COC(=O)C=C6)C(O)C(O)C1O,0,38,86
381,COc1ccc(C[C@H](N)C(=O)NC2[C@@H](O)[C@@H](O[C@@H]2CO)n3cnc4c(ncnc34)N(C)C)cc1,0,34,74
382,NC(=O)c1ncn(n1)[C@@H]2O[C@H](CO)[C@@H](O)[C@H]2O,0,17,36
383,CN=C(NCCSCc1csc(N=C(N)N)n1)NC#N,1,20,40
384,OC(=O)\C=C/C(O)=O.OC(=O)\C=C/C(O)=O.C1CCN(CC1)Cc2cccc(OCCCNc3sc4ccccc4n3)c2,1,43,88
385,OCc1ncc2CN=C(c3ccccc3F)c4cc(Cl)ccc4n12,1,24,54
386,CC(Cl)(Cl)Cl,1,5,8
387,C(CCl)(F)(F)F,1,6,10
388,CC(C)CO,1,5,8
389,CCC(C)(C)C,1,6,10
390,Nc1ncnc2n(cnc12)C3OC(CO)C(O)C3O,1,19,42
391,c12c(C(N(Cc3n1cnc3c1noc(n1)C(CO)(CO)C)C)=O)c(ccc2)Cl,0,28,62
393,c12c(C(N(Cc3n1cnc3c1noc(n1)C(O)(C)C)C)=O)c(ccc2)Cl,0,26,58
394,S=C(NC1CCCCC1)N2CCC(CC2)c3[nH]cnc3,1,20,44
395,CC1C=CC=C(C(=O)NC2=C(C3=C(C(=C4C(=C3C(=O)C2=CNN5CCN(CC5)C)C(=O)C(O4)(OC=CC(C(C(C(C(C(C1O)C)O)C)OC(=O)C)C)OC)C)C)O)O)C,0,59,126
396,OC(=O)c1ccccc1O,0,10,20
397,CN1[C@@H]2CC(C[C@H]1[C@@H]3O[C@H]23)OC(=O)[C@H](CO)c4ccccc4,0,22,50
398,CC(=O)S[C@@H]1CC2=CC(=O)CC[C@]2(C)[C@H]3CC[C@@]4(C)[C@@H](CC[C@@]45CCC(=O)O5)[C@H]13,0,29,66
399,C[C@]1(O)CC[C@H]2[C@@H]3CC[C@H]4Cc5[nH]ncc5C[C@]4(C)[C@H]3CC[C@]12C,0,24,56
400,OC(=O)C1=C\C(C=CC1=O)=N/Nc2ccc(cc2)[S](=O)(=O)Nc3ccccn3,0,28,60
401,CC(C)N1CCN(CC1)c2ccc(OC[C@H]3CO[C@@](Cn4cncn4)(O3)c5ccc(Cl)cc5Cl)cc2,0,36,80
402,C[C@]12CC[C@H]3[C@@H](CCC4=CC(=O)C=C[C@]34C)[C@@H]1CCC(=O)O2,0,22,50
403,C[C@]12CC[C@H]3[C@@H](CCC4=CC(=O)CC[C@]34C)[C@@H]1CC[C@@H]2O,0,21,48
404,CN(C)[C@H]1[C@@H]2C[C@H]3C(=C(O)c4c(O)cccc4[C@@]3(C)O)C(=O)[C@]2(O)C(=O)\C(=C(N)/O)C1=O,0,32,70
405,CCCC(C)CC,1,7,12
406,CCC(C)CC,1,6,10
407,Cc1ncc2C(O)N=C(c3ccccc3F)c4cc(Cl)ccc4n12,1,24,54
408,CN(C)C1=C(C)N(C)N(c2ccccc2)C1=O,1,17,36
409,CC(C)NCC(O)COc1ccc(CC(N)=O)cc1,0,19,38
410,c1ccccc1,1,6,12
411,CC(C)(C)OC(=O)c1ncn2c3cccc(Br)c3C(=O)N4CCC[C@H]4c12,1,26,58
412,OC1(CCN(CCCC(=O)c2ccc(F)cc2)CC1)c3ccc(Br)cc3,1,26,56
413,OC(C1CCCCN1)c2cc(nc3c2cccc3C(F)(F)F)C(F)(F)F,1,26,56
414,CC1COc2c(N3CCN(C)CC3)c(F)cc4C(=O)C(=CN1c24)C(O)=O,1,26,58
415,CN1C(CNC(=O)c2cscc2)CN=C(c3ccccc3F)c4ccccc14,1,28,62
416,C[C@]12CCC(=O)C=C1CC[C@H]3[C@@H]4CC[C@H](C(=O)CO)[C@]4(C[C@H](O)[C@H]23)C=O,0,26,58
417,c1(cc(c(cc1)Cl)Cl)CC(N1CCCC[C@H]1CN1CCCC1)=O,1,23,50
418,c1(cc(c(cc1)Cl)Cl)CC(N1[C@@H](c2c(CC1)cccc2)CN1CCCC1)=O,1,27,60
419,c1(ccc(cc1)C(F)(F)F)CC(N1[C@@H](CCCC1)CN1CCCC1)=O,1,25,54
420,c1(ccc(c(c1)Cl)Cl)CC(N1[C@@H](c2c(CC1)scc2)CN1CCCC1)=O,1,26,58
421,CN1C(=O)N(C)c2nc[nH]c2C1=O,0,13,28
422,NC1=NC(=S)c2[nH]cnc2N1,0,11,24
423,Cc1ccc(cc1)[S](=O)(=O)NC(=O)NN2CCCCCC2,0,21,44
424,CCCCNC(=O)N[S](=O)(=O)c1ccc(C)cc1,0,18,36
425,C[C@]12C[C@H](O)[C@@]3(F)[C@@H](CCC4=CC(=O)C=C[C@]34C)[C@@H]1C[C@@H](O)[C@]2(O)C(=O)CO,0,28,62
426,Nc1nc(N)c2nc(c3ccccc3)c(N)nc2n1,0,19,42
427,N[S](=O)(=O)c1cc2c(NC(N[S]2(=O)=O)C(Cl)Cl)cc1Cl,0,20,42
428,CC(C)[C@@H]1NC(=O)[C@H](C)OC(=O)C(NC(=O)[C@H](OC(=O)[C@@H](NC(=O)[C@H](C)OC(=O)[C@H](NC(=O)[C@H](OC(=O)[C@@H](NC(=O)[C@H](C)OC(=O)[C@H](NC(=O)[C@H](OC1=O)C(C)C)C(C)C)C(C)C)C(C)C)C(C)C)C(C)C)C(C)C)C(C)C,0,78,156
429,COc1ccc(CCN(C)CCCC(C#N)(C(C)C)c2ccc(OC)c(OC)c2)cc1OC,0,33,68
430,CC(=O)CC(c1ccccc1)C2=C(O)Oc3ccccc3C2=O,0,23,50
431,CCC(C)=O,1,5,8
432,C1CC1,1,3,6
433,N1(c2c(CCc3c1cccc3)cccc2)CCCN,1,19,42
434,ClCCl,1,3,4
435,CCOCC,1,5,8
436,C=COC=C,1,5,8
437,FC(F)OC(F)(F)C(F)Cl,1,10,18
438,c1(ccc(c(c1)Cl)Cl)CC(N1[C@@H](c2c(CC1)[nH]cn2)CN1CCCC1)=O,0,26,58
439,c1(ccc(c(c1)Cl)Cl)CC(N1[C@@H](CN2CCCC2)CC(CC1)(C)C)=O,1,25,54
440,CC(C)(C(O)=O)c1ccc(cc1)C(=O)CCCN2CCC(CC2)OC(c3ccccc3)c4ccccc4,0,37,80
441,OC(=O)COCCN1CCN(CC1)C(c2ccccc2)c3ccc(Cl)cc3,0,27,58
442,OC(=O)C1=CN(C2CC2)c3cc(N4CCNCC4)c(F)cc3C1=O,0,24,54
443,c1cn(CCO)c(CC)c(O)c1=O,0,13,26
444,c1cn(CCCCO)c(CC)c(O)c1=O,0,15,30
445,COC(=O)[C@H]1[C@@H](O)CC[C@H]2CN3CCc4c([nH]c5ccccc45)[C@@H]3C[C@H]12,0,26,60
446,CC1=CN([C@H]2C[C@H](N=[N+]=[N-])[C@@H](CO)O2)C(=O)NC1=O,0,19,40
447,CN(C)CCCN1c2ccccc2Sc3ccc(cc13)C(C)=O,1,23,50
448,CC(=O)c1ccc2Sc3ccccc3N(CCCN4CCN(CCO)CC4)c2c1,1,29,64
449,CC(=O)Nc1sc(nn1)[S](N)(=O)=O,1,13,26
450,C=CCC1(CC=C)C(=O)NC(=O)NC1=O,1,15,30
451,[Cl-].NC12CC3CC(CC(C3)C1)C2.[H+],1,13,26
452,CN(C)CCC=C1c2ccccc2CCc3ccccc13,1,21,46
453,CCC1(CCC(C)C)C(=O)NC(=O)NC1=O,1,16,32
454,CC(N)Cc1ccccc1,1,10,20
455,CCO,1,3,4
456,CCc1ccccc1,1,8,16
457,CCOC(=O)c1ncn2c1CN(C)C(=O)c3cc(F)ccc23,1,22,48
458,CN1C(=O)CN=C(c2ccccc2F)c3cc(ccc13)[N+]([O-])=O,1,23,50
459,FC(F)(F)COC=C,1,8,14
460,FC(F)(F)C(Cl)Br,1,7,12
461,CCCCCCC,1,7,12
462,CCCCCC,1,6,10
463,CN1C=CC(=O)C(=C1C)O,1,10,20
464,CCN1C=CC(=O)C(=C1C)O,1,11,22
465,CCCCN1C=CC(=O)C(=C1C)O,1,13,26
466,CCCCCN1C=CC(=O)C(=C1C)O,1,14,28
467,c1cn(CCCCC)c(C)c(O)c1=O,1,14,28
468,c1cn(CCCO)c(C)c(O)c1=O,0,13,26
469,CCN1C=CC(=O)C(=C1CC)O,1,12,24
470,CN1CCN(CC1)c2cc3N(C=C(C(O)=O)C(=O)c3cc2F)c4ccc(F)cc4,0,29,64
471,CN1N(C(=O)C=C1C)c2ccccc2,1,14,30
472,CN1CCc2cccc3c2[C@H]1Cc4ccc(O)c(O)c34,1,20,46
473,COC(=O)C1=CCCN(C)C1,1,11,22
474,Fc1ccc(cc1)C(=O)CCCN2CCN(CC2)c3ccccn3,1,24,52
475,[H+].[Cl-].CCN(CC)CCOC(=O)C(O)(c1ccccc1)c2ccccc2,1,26,50
476,Fc1ccc(cc1)C(=O)CCCN2CCC(CC2)N3C(=O)Nc4ccccc34,1,28,62
477,CCOC(=O)c1ccc(N)cc1,1,12,24
478,CCN(CC)C(=O)C1CN2CCc3cc(OC)c(OC)cc3C2CC1OC(C)=O,1,29,62
479,CN1C2CCC1CC(C2)OC(c3ccccc3)c4ccccc4.O[S](O)(=O)=O,1,28,60
480,OC(CCN1CCCCC1)(C2CC3CC2C=C3)c4ccccc4,1,23,52
481,CN1C(=O)NC(=O)C(C)(C1=O)C2=CCCCC2,1,17,36
482,CC(C)(C)NC(=O)[C@@H]1CN(CCN1C[C@@H](O)C[C@@H](Cc2ccccc2)C(=O)N[C@@H]3[C@H](O)Cc4ccccc34)Cc5cccnc5,1,45,98
483,FC(F)OC(Cl)C(F)(F)F,1,10,18
484,CCC#CC(C)C1(CC=C)C(=O)NC(=O)N(C)C1=O,1,19,38
485,COC(F)(F)C(Cl)Cl,1,8,14
486,CC1CCCC1,1,6,12
487,N1(c2c(Sc3c1cccc3)ccc(c2)Cl)CCCNC,1,20,44
488,N1(c2c(Sc3c1cccc3)ccc(c2)Cl)CCCN,1,19,42
489,CN(C)CCOC(C)(c1ccccc1)c2ccccn2,1,20,42
490,c1ccc([C@H](C[N@]2CC[C@H](C2)O)N(C(Cc2ccccc2N)=O)C)cc1,0,26,56
491,CCN1C=C(C(O)=O)C(=O)c2cc(F)c(nc12)N3CCNCC3,0,23,50
492,CN1CCN(CC1)c2c(F)cc3C(=O)C(=CN(CCF)c3c2F)C(O)=O,0,26,56
493,c1(cc(c(cc1)Cl)Cl)CC(N1[C@@H](CN2CCCC2)CN(CC1)C(=O)C)=O,1,26,56
494,c1(ccc(c(c1)Cl)Cl)CC(N1[C@@H](c2c(CC1)occ2)CN1CCCC1)=O,1,26,58
495,c1(ccc(c(c1)Cl)Cl)CC(N1[C@H](CN(CC1)C(=O)OC)CN1CCCC1)=O,1,27,58
496,Brc1ccc2NC(=O)CN=C(c3ccccn3)c2c1,1,19,42
497,CC(C)(C)c1ccc(CN2CCN(CC2)C(c3ccccc3)c4ccc(Cl)cc4)cc1,1,31,68
498,CN(C)CCc1c[nH]c2ccc(O)cc12,1,15,32
499,CC(NC(C)(C)C)C(=O)c1cccc(Cl)c1,1,16,32
500,OCCOC(=O)NCc1ccccc1,1,14,28
501,CCC(C)C1(CC)C(=O)NC(=O)NC1=O,1,15,30
502,Cn1cnc2N(C)C(=O)N(C)C(=O)c12,1,14,30
503,CCCCCc1cc(O)c(C2C=C(C)CC[C@H]2C(C)=C)c(O)c1,1,23,48
504,CCC(C)C(CC)C(=O)NC(N)=O,1,13,24
505,NC(=O)N1c2ccccc2C=Cc3ccccc13,1,18,40
506,CSc1ccc2Sc3ccccc3N(CCC4CCCNC4)c2c1,1,24,54
507,C1N(CCN(C1)c1cc(ccn1)C(F)(F)F)CCCCN1C(CCC1)=O,1,26,56
508,Cn1cnc2NC(=O)N(C)C(=O)c12,1,13,28
509,CCCCC,1,5,8
510,CCCO,1,4,6
511,CC(C)=O,1,4,6
512,c1(ccc(c(c1)Cl)Cl)CC(N1[C@H](CN(CC1)C(=O)OCC)CN1CCCC1)=O,1,28,60
513,c1(CC(N2[C@H](CN(CC2)C(=O)OCCC)CN2CCCC2)=O)cc(c(cc1)Cl)Cl,1,29,62
514,c1(ccc(c(c1)Cl)Cl)CC(N1[C@@H](c2c(CC1)occ2)C[N@@]1C[C@@H](CC1)O)=O,1,27,60
515,c1(ccc(c(c1)Cl)Cl)CC(=O)N1[C@H](CN(C(=O)C)CC1)C[N@@]1C[C@H](O)CC1,0,27,58
516,c1(CC(N2[C@H](CN(CC2)C(=O)C)C[N@]2CC[C@H](C2)O)=O)ccc(C(F)(F)F)cc1,0,29,62
517,c1(ccc(cc1)SC)CC(N1[C@H](CN(CC1)C(=O)C)C[N@]1CC[C@H](C1)O)=O,0,27,58
518,c1(CC(N2[C@H](CN(CC2)C(=O)C)C[N@]2CC[C@H](C2)O)=O)cc(cc(c1)F)F,0,27,58
519,c1(CC(N2[C@H](CN(CC2)C(=O)C)C[N@]2CC[C@H](C2)O)=O)cc(ccc1)OC,0,27,58
520,c1(CC(N2[C@H](CN(CC2)C(=O)C)C[N@]2CC[C@H](O)C2)=O)ccc(N(=O)=O)cc1,0,28,60
521,c1(CC(N2[C@H](CN(CC2)C(=O)C)C[N@]2CC[C@H](C2)O)=O)ccc(OC)cc1,0,27,58
522,CCC(=O)c1ccc2Sc3ccccc3N(CCCN4CCN(CCO)CC4)c2c1,1,30,66
523,CCCCNc1c(cnc2n(CC)ncc12)C(=O)OCC,1,21,44
524,NN1C=Nc2cc3ccccc3cc2C1=O,1,16,36
525,OC(O)C(Cl)(Cl)Cl,1,7,12
526,CN=C1CN(O)C(=C2C=C(Cl)C=CC2=N1)c3ccccc3,1,21,46
527,CN(C)CCCN1c2ccccc2Sc3ccc(Cl)cc13,1,21,46
528,CN(C)CC\C=C/1c2ccccc2Sc3ccc(Cl)cc13,1,21,46
529,Clc1ccc2OC(=O)Nc2c1,1,11,24
530,C[N+](C)(C)CCO,1,7,12
531,CN1C(=O)CC(=O)N(c2ccccc2)c3cc(Cl)ccc13,1,21,46
532,CN1Cc2n(cnc2C(=O)OC(C)(C)C)c3ccsc3C1=O,1,22,48
533,C1C(Nc2c1c(ccc2)CCN(CCC)CCC)=O,1,19,40
534,C1C(Nc2c1c(ccc2O)CCN(CCC)CCC)=O,1,20,42
535,OC(=O)CNC(=O)c1ccccc1O,1,14,28
536,CN1CCCCC1CCN2c3ccccc3Sc4ccc(cc24)[S](C)(=O)=O,1,27,60
537,FC(Br)C(F)(F)F,1,7,12
538,Cn1cnc2N(C)C(=O)NC(=O)c12,1,13,28
539,CCCC(C)C1(CC)C(=O)NC(=S)NC1=O,0,16,32
540,Cc1ccccc1,1,7,14
541,Cc1nnc2CN=C(c3ccccc3Cl)c4cc(Cl)ccc4n12,1,23,52
542,c1(CC(N2[C@H](CN(CC2)C(=O)C)C[N@]2CC[C@H](O)C2)=O)cc(ccc1)N(=O)=O,0,28,60
543,c1(ccccc1)CC(N1[C@H](CN(CC1)C(=O)C)C[N@]1CC[C@H](C1)O)=O,0,25,54
544,c1(CC(N2[C@H](CN(CC2)C(=O)C)C[N@]2CC[C@H](O)C2)=O)ccc([S@](=O)C)cc1,0,28,60
545,c1(CC(N2[C@H](CN(CC2)C(=O)C)C[N@]2CC[C@H](O)C2)=O)ccc(S(=O)(=O)C)cc1,0,29,62
546,CC(C)[C@@H](CN1CCCC1)N(C)C(=O)Cc2ccc(Cl)c(Cl)c2,1,23,48
547,c1(ccccc1)[C@H](CN1CCCC1)N(C(=O)Cc1ccc(c(c1)Cl)Cl)C,1,26,56
548,CN1C(=C(\O)Nc2cc(C)on2)/C(=O)c3ccccc3[S]1(=O)=O,0,23,50
549,Oc1ccc2C[C@@H]3[C@@H]4CCCC[C@]4(CCN3CC=C)c2c1,1,21,48
550,CCN1C=C(C(O)=O)C(=O)c2cc(F)c(N3CCNC(C)C3)c(F)c12,0,25,54
551,CN(C)C(=O)C(CCN1CCC(O)(CC1)c2ccc(Cl)cc2)(c3ccccc3)c4ccccc4,0,34,74
552,CN(C)CCCN1c2ccccc2CCc3ccc(Cl)cc13,1,22,48
553,[O-][N+](=O)c1ccc2NC(=O)CN=C(c3ccccc3Cl)c2c1,1,22,48
554,OCCN1CCN(CC\C=C/2c3ccccc3Sc4ccc(Cl)cc24)CC1,1,27,60
555,Fc1ccc(cc1)C(CCCN2CCC(CC2)N3C(=O)Nc4cc(Cl)ccc34)c5ccc(F)cc5,1,35,78
556,COC(=O)[C@H]1[C@H](CC2CCC1N2C)OC(=O)c3ccccc3,1,22,48
557,COc1ccc2C[C@@H]3[C@@H]4C=C[C@H](O)[C@@H]5Oc1c2[C@]45CCN3C,1,22,52
558,CC1C2Cc3ccc(O)cc3C1(C)CCN2CC4CC4,1,20,46
559,FC(F)(F)c1ccc2Sc3ccccc3N(CCCN4CCN(CC4)C5CC5)c2c1,1,30,68
560,CN(C)CCO,1,6,10
561,[H+].[Cl-].CCOC(=O)C1(CCN(C)CC1)c2ccccc2,1,20,38
562,ClC=C(Cl)Cl,1,5,8
563,ClC(Cl)Cl,1,4,6
564,c1c(nccc1)CCNC,1,10,20
565,c1c(nccc1)CCN(C)C,1,11,22
566,n1c(scc1)CCN,1,8,16
567,n1c(scc1c1ccccc1)CCN,0,14,30
568,c1c(nc2n1cccc2)CCN,0,12,26
569,Cc1cccc(C)c1,1,8,16
570,CCOC(=O)N1CCC(CC1)=C2c3ccc(Cl)cc3CCc4cccnc24,0,27,60
571,CN1C(=C(/O)Nc2sc(C)cn2)/C(=O)c3ccccc3[S]1(=O)=O,0,23,50
572,O[C@H]1C=C[C@H]2[C@H]3Cc4ccc(O)c5O[C@@H]1[C@]2(CCN3CC=C)c45,1,23,54
573,Oc1ccc2C[C@H]3N(CC[C@@]45[C@@H](Oc1c24)C(=O)CC[C@@]35O)CC6CC6,1,25,60
574,CCN1C=C(C(O)=O)C(=O)c2cc(F)c(cc12)N3CCNCC3,0,23,50
575,CCN1C=C(C(O)=O)C(=O)c2cc(F)c(cc12)N3CCN(C)CC3,0,24,52
576,CN1C(=C(/O)Nc2ccccn2)/C(=O)c3ccccc3[S]1(=O)=O,0,23,50
577,C[S](O)(=O)=O.Oc1ccc2[nH]cc(CCCCN3CCC(=CC3)c4ccccc4)c2c1,1,31,66
578,CO[C@H]1[C@@H](C[C@@H]2CN3CCc4c([nH]c5ccccc45)[C@H]3C[C@@H]2[C@@H]1C(=O)OC)OC(=O)c6cc(OC)c(OC)c(OC)c6,1,42,94
579,CNCCCN1c2ccccc2CCc3ccccc13,1,20,44
580,CN1C(=O)CN=C(c2ccccc2)c3cc(Cl)ccc13,1,20,44
581,COc1ccc2C[C@@H]3[C@@H]4CC[C@H](O)[C@@H]5Oc1c2[C@]45CCN3C,1,22,52
582,CN1CCC23C4CCC(O)C2Oc5c(O)ccc(CC14)c35,1,21,50
583,CN(C)CCOC(c1ccccc1)c2ccccc2,1,19,40
584,O=C1NC(=O)C(N1)(c2ccccc2)c3ccccc3,1,19,42
585,CC(CN1CCN(CCOCCO)CC1)CN2c3ccccc3Sc4ccccc24,1,30,66
586,COC(=O)c1ccc(cc1)C(=O)OC,1,14,28
587,Cc1ccccc1C,1,8,16
588,Cc1ccc(C)cc1,1,8,16
589,CC(C)O,1,4,6
590,NC(=O)N1c2ccccc2C3OC3c4ccccc14,1,19,44
591,c12c(nc(c(c1C(N[C@@H](CC)c1ccccc1)=O)C)c1ccccc1)cccc2,1,29,64
592,c1cc(ccc1CCCC(OC(C)(C)C)=O)N(CCCl)CCCl,1,23,46
593,CC(C)Nc1cccnc1N2CCN(CC2)C(=O)c3[nH]c4ccc(N[S](C)(=O)=O)cc4c3,0,32,70
594,CC(C)(C)c1ccc(cc1)C(=O)CCCN2CCC(CC2)OC(c3ccccc3)c4ccccc4,0,35,76
595,CN1CCN(CC1)CC(=O)N2c3ccccc3C(=O)Nc4cccnc24,1,26,58
596,c1ccc2N([C@H](CN3CCCC3)C)c3c(ccc(C(=O)NCCC)c3)Sc2c1,1,28,62
597,CN1CCN(CC1)c2c(F)cc3C(=O)C(=CN4CCSc2c34)C(O)=O,0,25,56
598,CC(C)(C)NCC(O)c1ccc(O)c(CO)c1,0,17,34
599,c1(ccc(c(c1)Cl)Cl)CC(=O)N1[C@H](C[N@@](C)CC1)CN1CCCC1,1,24,52
600,c1(ccc(c(c1)Cl)Cl)CC(N1[C@H](CN2CCCC2)c2n(CC1)ccn2)=O,1,26,58
601,c1(ccc(c(c1)Cl)Cl)CC(N1[C@H](C[C@]2(CC1)NC(NC2=O)=O)CN1CCCC1)=O,0,29,64
602,c1(ccc(c(c1)Cl)Cl)CC(N1[C@H](C[N@@]2C[C@@H](CC2)O)c2n(CC1)ccn2)=O,0,27,60
603,c1(ccc(c(c1)Cl)Cl)CC(N1[C@H](CN2CCCC2)c2n(CC1)ncn2)=O,1,26,58
604,c1(ccc(c(c1)Cl)Cl)CC(N1[C@@H](C[N@@]2C[C@@H](CC2)O)C[N@](CC1)CCO)=O,0,27,58
605,[H+].[Cl-].CN(C)CC\C=C/1c2ccccc2COc3ccccc13,1,23,46
606,CN(C)CCOC(C)(c1ccccc1)c2ccccn2.OC(=O)CCC(O)=O,1,28,56
607,Fc1ccc(cc1)C(=O)CCCN2CCC(=CC2)N3C(=O)Nc4ccccc34,1,28,62
608,CC\C(=C/C)C(=O)NC(N)=O,1,11,20
609,CCC(C)(CC)OC(N)=O,1,10,18
610,Clc1ccc2n3cnnc3CN=C(c4ccccc4)c2c1,1,21,48
611,CCc1ccccc1N2C(=Nc3ccccc3C2=O)C,1,20,44
612,CCOC(=O)c1cnc2n(CC)ncc2c1NN=C(C)C,1,21,44
613,CCC(O)(\C=C\Cl)C#C,1,9,16
614,NC(=O)OC1(CCCCC1)C#C,1,12,24
616,c1cc(CCNC)ncc1,1,10,20
617,c1cc(CCN(C)C)ncc1,1,11,22
618,s1c(ncc1)CCN,1,8,16
619,c1nc(C2CCN(CC2)C(NC2CCCCC2)=S)c[nH]1,1,20,44
620,c1ccc2Oc3c(cc(cc3)Cl)[C@@H]3[C@@H](c2c1)C[N@](CC3)C,1,21,48
621,c1c(Cl)nc(N2CCN(CCCCN3C(CCC3)=O)CC2)cc1C(F)(F)F,1,27,58
622,c1ccc2Oc3c(cc(cc3)Cl)[C@@H]3[C@@H](c2c1)CNCC3,1,20,46
623,c1(ccc(c(c1)Cl)Cl)CC(N1[C@H](C[N@@]2C[C@@H](CC2)O)c2c(CC1)[nH]cn2)=O,0,27,60
624,c1ccc2nc(c(c(C(N[C@@H](CC)c3ccccc3)=O)c2c1)O)c1ccccc1,1,29,64
625,c1cc2c(C(N[C@@H](CC)c3ccccc3)=O)c(c(nc2cc1)c1ccccc1)OCCCN(C)C,1,35,76
626,c1cc2c(C(N[C@@H](CC)c3ccccc3)=O)c(c(nc2cc1)c1ccccc1)OCC(O)=O,0,33,72
627,c1cc2c(C(N[C@@H](CC)c3ccccc3)=O)c(c(c3ccccc3)nc2cc1)OCCCC(O)=O,0,35,76
628,c1ccc2c(c(C(N[C@@H](CC)c3ccccc3)=O)c(OCCNC(Cc3c(cccc3)C(=O)O)=O)c(c3ccccc3)n2)c1,0,44,96
629,c1cc2c(c(OCCNC(Cc3ncccc3)=O)c(c3ccccc3)nc2cc1)C(N[C@@H](CC)c1ccccc1)=O,0,41,90
630,c1cc2c(c(c(c3ccccc3)nc2cc1)OCCNC([C@@H]1CCCN1)=O)C(=O)N[C@@H](CC)c1ccccc1,0,39,86
631,c1cc2c(C(N[C@@H](CC)c3ccccc3)=O)c(c(nc2cc1)c1ccccc1)Cn1cncc1,0,34,76
632,C[C@H]1CN(C[C@@H](C)N1)c2c(F)c(N)c3C(=O)C(=CN(C4CC4)c3c2F)C(O)=O,0,28,62
633,CCC1(C)CC(=O)NC1=O,1,10,20
634,CCc1ccc2Sc3ccccc3N(CC(C)CN(C)C)c2c1,1,23,50
635,OCCN1CCN(CC\C=C/2c3ccccc3Sc4ccc(cc24)C(F)(F)F)CC1,1,30,66
636,OCCN1CCN(CCCN2c3ccccc3Sc4ccc(cc24)C(F)(F)F)CC1,1,30,66
637,CCN(CC)CCN1C(=O)CN=C(c2ccccc2F)c3cc(Cl)ccc13,1,27,58
638,COc1cc2CCN(C)C3CC4(C=CC(=O)C=C4)c(c1O)c23,1,22,50
639,CCC1(CCC(=O)NC1=O)c2ccccc2,1,16,34
640,OC1(CCN(CCCC(=O)c2ccc(F)cc2)CC1)c3ccc(Cl)cc3,1,26,56
641,CC1=C2NC3=CC(=O)C=CC3=C2C=CN1,1,15,34
642,Cc1nccc2c1[nH]c3ccccc23,1,14,32
644,c1cc(ncc1)CSCCNc1c(cc[nH]1)[N+](=O)[O-],1,19,40
645,c1(cc(nc(c1C)C)C(SC(CNc1c(cc[nH]1)[N+](=O)[O-])(C)C)(C)C)C,1,26,54
651,c1(c(oc(c1C)C(N(C(C)(N)C)C(N)(C)C)(C)C)C)C.C[NH+]O.[OH-],1,24,44
652,[NH]C(CC(C)C([N@@](C(C)(C)C)C(N)(C)N)(C)C)c1c(c(c[nH+][o+]1)C)[O-],1,25,50
653,CCNCc1c(O)c(C)ncc1CSC,1,15,30
654,CN1C(=C(\O)Nc2ccccn2)/C(=O)c3sccc3[S]1(=O)=O,0,22,48
655,CC(C)(C)c1ccc(cc1)C(O)CCCN2CCC(CC2)C(O)(c3ccccc3)c4ccccc4,0,35,76
656,CN(C1CCCC[C@H]1N2CCCC2)C(=O)Cc3ccc(Cl)c(Cl)c3,1,24,52
657,CN1CC[C@]23[C@H]4Oc5c(OC(C)=O)ccc(C[C@@H]1[C@@H]2C=C[C@@H]4OC(C)=O)c35,1,27,62
658,NC(=O)OC1(CCCCC1)CC#C,1,13,26
659,[H+].[H+].[Cl-].[Cl-].OCCN1CCCN(CCCN2c3ccccc3Sc4cc(ccc24)C(F)(F)F)CC1,1,35,68
660,COc1ccc2C[C@@H]3[C@@H]4CCC(=O)[C@@H]5Oc1c2[C@]45CCN3C,1,22,52
661,CCC(O)(COC(N)=O)c1ccccc1,1,15,30
662,OCCOCCN1CCN(CC1)C(c2ccccc2)c3ccc(Cl)cc3,1,26,56
663,CN(C)CCCN1c2ccccc2CCc3ccccc13,1,21,46
664,CNC1(CCCCC1=O)c2ccccc2Cl,1,16,34
665,OC(=O)C1=CC(=O)c2ccccc2N1,1,14,30
666,C1CN(CCC1)Cc1cccc(c1)OCCCNC(=O)C,1,21,44
667,C1CN(CCC1)Cc1cccc(c1)OCCCNC(=O)c1ccccc1,1,26,56
668,C1CN(CCC1)Cc1cccc(c1)OCCCO,1,18,38
669,C1CN(CCC1)Cc1cccc(c1)OCCCNc1ncccc1,1,24,52
670,C1CN(CCC1)Cc1cccc(c1)OCCCNc1nccs1,1,23,50
671,C1CN(CCC1)Cc1cccc(c1)OCCCNc1nc2c(o1)cccc2,1,27,60
672,c1c(oc(c1)CN(C)C)CSCCNc1nc(c(c[nH]1)Cc1cc2c(cc1)cccc2)=O,0,32,70
673,CN(C)Cc1oc(cc1)CSCCNC=1NC=C(CN1)Cc1cnc(cc1)C,0,28,60
674,c1(nccc(c1)c1nc([nH]n1)N)N(C)C,0,15,32
675,n1(c(c2nc[nH]c2n(c1=O)C)=O)C,1,13,28
676,Fc1ccc(cc1)C(=O)CCCN2CCC(CC2)C(=O)c3ccc(F)cc3,1,27,58
677,CN1CC[C@]23CCCC[C@H]2[C@H]1Cc4ccc(O)cc34,1,19,44
678,CCN(CC)CC(=O)Nc1c(C)cccc1C,1,17,34
679,OC1N=C(c2ccccc2Cl)c3cc(Cl)ccc3NC1=O,1,21,46
680,CC(C)N1CCC(CC1)N(C(=O)Cc2ccccc2)c3ccc(Cl)cc3,1,26,56
681,CN(C)CCOC(=O)COc1ccc(Cl)cc1,1,17,34
682,CC1=Nc2ccccc2C(=O)N1c3ccccc3Cl,1,19,42
683,CN1CCN=C(c2ccccc2)c3cc(Cl)ccc13,1,19,42
684,CCCC(C)(COC(N)=O)COC(N)=O,1,15,28
685,c1c2CCOc2c(cc1OC)CN[C@@H]1CCCN[C@H]1c1ccccc1,1,25,56
687,c1(c(cc2n(ncc2c1)CCN)Cl)Cl,1,14,30
688,Nc1nc(NC2CC2)c3ncn([C@@H]4C[C@H](CO)C=C4)c3n1,1,21,48
689,CCCC(=O)Nc1ccc(OCC(O)CNC(C)C)c(c1)C(C)=O,1,24,48
690,NC1=NC(=O)c2ncn(COCCO)c2N1,1,16,34
691,CCCSc1ccc2nc(NC(=O)OC)[nH]c2c1,1,18,38
692,NCCCNCCS[P](O)(O)=O,0,12,22
693,COc1cc(CCN)cc(OC)c1OC,1,15,30
694,CN1CCCCC1CCN2c3ccccc3Sc4ccc(cc24)[S](C)=O,1,26,58
695,CN[C@@H](C)Cc1ccccc1,1,11,22
696,Cc1ccccc1N2C(=Nc3ccccc3C2=O)C,1,19,42
697,COc1ccccc1OCC(O)COC(N)=O,1,17,34
698,COc1ccc2Sc3ccccc3N(CCCN(C)C)c2c1,1,22,48
699,COc1ccc2Sc3ccccc3N(C[C@H](C)CN(C)C)c2c1,1,23,50
700,CCC(C)(O)C#C,1,7,12
701,COC(=O)C(C1CCCCN1)c2ccccc2,1,17,36
702,CCC1(CC)C(=O)NCC(C)C1=O,1,13,26
703,NCC[C@H](O)C(=O)N[C@@H]1C[C@H](N)[C@@H](O[C@H]2O[C@H](CN)[C@@H](O)[C@H](O)[C@H]2O)[C@H](O)[C@H]1O[C@H]3O[C@H](CO)[C@@H](O)[C@H](N)[C@H]3O,1,40,84
704,Nc1ccc(C(O)=O)c(O)c1,0,11,22
705,NC1=NC(=O)N(C=C1)[C@@H]2O[C@H](CO)[C@@H](O)[C@@H]2O,1,17,36
706,CN(C)N\N=C/1N=CN=C1C(N)=O,1,13,26
707,COc1cccc2C(=O)c3c(O)c4C[C@](O)(C[C@H](O[C@H]5C[C@H](N)[C@H](O)[C@H](C)O5)c4c(O)c3C(=O)c12)C(C)=O,0,38,84
708,CN(C)[C@H]1[C@@H]2C[C@@H]3[C@H](O)c4c(Cl)ccc(O)c4C(=C3C(=O)[C@]2(O)C(=O)\C(=C(N)/O)C1=O)O,0,32,70
709,Clc1ccc2NC(=O)CC(=O)N(c3ccccc3)c2c1,1,20,44
710,CNCCCN1c2ccccc2Sc3ccccc13,1,19,42
711,C[C@@H](CN1CC(=O)NC(=O)C1)N2CC(=O)NC(=O)C2,0,19,40
712,Cc1ncc2CN=C(c3ccccc3F)c4cc(Cl)ccc4n12.OC(=O)\C=C/C(O)=O,1,31,66
713,Cc1ccc(cc1)C2(O)CCN(CCCC(=O)c3ccc(F)cc3)CC2,1,26,56
714,CN1CC[C@]23[C@H]4Oc5c(O)ccc(C[C@@H]1[C@@H]2C=CC4O)c35,1,21,50
715,CN1CCC(=CC1)c2ccccc2,1,13,28
716,Oc1ccc2C[C@H]3N(CC[C@@]45[C@@H](Oc1c24)C(=O)CC[C@@]35O)CC=C,1,24,56
717,CN1CCC[C@H]1c2cccnc2,1,12,26
718,[O-][N+](=O)c1ccc2NC(=O)CN=C(c3ccccc3)c2c1,1,21,46
719,Clc1ccc2NC(=O)CN=C(c3ccccc3)c2c1,1,19,42
720,CNCCC=C1c2ccccc2CCc3ccccc13,1,20,44
721,CN(C)CCOC(c1ccccc1)c2ccccc2C,1,20,42
722,COc1ccc2C[C@H]3[C@H]4CCCC[C@@]4(CCN3C)c2c1,1,20,46
723,CN1C[C@@H](C[C@H]2[C@H]1Cc3c[nH]c4cccc2c34)C(=O)N[C@]5(C)O[C@@]6(O)[C@@H]7CCCN7C(=O)[C@H](Cc8ccccc8)N6C5=O,0,43,100
724,CCN(CC)C(=S)SSC(=S)N(CC)CC,1,16,30
725,FC(F)(F)[C@]1(OC(=O)Nc2ccc(Cl)cc12)C#CC3CC3,0,21,46
726,CCOC(=O)[C@H](CCc1ccccc1)N[C@@H](C)C(=O)N2CCC[C@H]2C(O)=O,0,27,56
727,CC[C@@H](CO)NCCN[C@@H](CC)CO,0,14,26
728,CC[C@@]1(O)C[C@H](OC2CC(C(OC3CC(O)C(OC4CCC(=O)C(C)O4)C(C)O3)C(C)O2)N(C)C)c5c(O)c6C(=O)c7c(O)cccc7C(=O)c6cc5[C@H]1C(=O)OC,0,58,128
729,CC1(C)S[C@@H]2[C@H](NC(=O)CCC[C@@H](N)C(O)=O)C(=O)N2[C@H]1C(O)=O,0,24,50
730,CNCC(O)c1ccc(O)c(O)c1,0,13,26
731,COc1cccc2C(=O)c3c(O)c4CC(O)(CC(O)c4c(O)c3C(=O)c12)C(=O)CO,0,30,66
732,[Na+].CC1(C)SC2C(NC(=O)CSCC=C)C(=O)N2C1C([O-])=O,0,22,44
733,CC1(C)S[C@@H]2[C@H](NC(=O)C34C[C@H]5C[C@H](CC(N)(C5)C3)C4)C(=O)N2[C@H]1C(O)=O,0,27,62
734,CC(C)(C)C(=O)OCOC(=O)C1N2[C@H](SC1(C)C)[C@H](N=CN3CCCCCC3)C2=O,0,30,64
735,CN(C)[C@H]1[C@@H]2C[C@@H]3Cc4ccc(N)c(O)c4C(=C3C(=O)[C@]2(O)C(=O)\C(=C(N)/O)C1=O)O,0,31,68
736,[Cl-].CC(=O)[C@@]1(N)C[C@H](O[C@H]2C[C@H](O)[C@H](O)CO2)c3c(O)c4C(=O)c5ccccc5C(=O)c4c(O)c3C1.[H+],0,37,78
737,CC1(C)S[C@@H]2C(NC(=O)[C@H](NC(=O)C3=CNc4cccnc4C3=O)c5ccccc5)C(=O)N2[C@H]1C(O)=O,0,37,82
738,CN(C)[C@H]1[C@@H]2C[C@H]3C(=C(O)c4c(O)cccc4[C@@]3(C)O)C(=O)[C@]2(O)C(=O)\C(=C(/O)NC(N5CCN(CCO)CC5)C(O)=O)C1=O,0,45,98
739,CN[C@H]1[C@@H](O)[C@H]2O[C@@H](O[C@@H]3[C@@H](N)C[C@@H](N)[C@H](O)[C@H]3O)[C@H](N)C[C@@H]2O[C@@H]1O[C@H]4O[C@H](CO)[C@@H](N)[C@H](O)[C@H]4O,0,37,80
740,NCC[C@H](O)C(=O)N[C@@H]1C[C@H](N)[C@@H](O[C@H]2O[C@H](CN)CC[C@H]2N)[C@H](O)[C@H]1O[C@H]3O[C@H](CO)[C@@H](O)[C@H](N)[C@H]3O,0,38,80
741,CNC(=O)C[C@@H](N)C(=O)N[C@@H](C(=O)N[C@H]1[C@H]2SC(C)(C)[C@@H](N2C1=O)C(O)=O)c3ccc(O)cc3,0,34,72
742,CO[C@H]1[C@@H](O)[C@H](N)[C@@H](O[C@H]2O[C@@H](CC[C@H]2N)C(C)N)[C@H](O)[C@@H]1N(C)C(=O)CN,0,28,58
743,C[C@H]1[C@H](NC(=O)C(=N/OC(C)(C)C(O)=O)\c2csc([NH3+])n2)C(=O)N1[S]([O-])(=O)=O,0,28,58
744,CCOC(=O)OC(C)OC(=O)[C@@H]1N2[C@H](SC1(C)C)[C@H](N=CN3CCCCCC3)C2=O,0,30,64
745,NCC1OC(OC2C(N)CC(N)C(OC3OC(CO)C(O)C(N)C3O)C2O)C(N)C(O)C1O,0,33,70
746,NC(CO)C(=O)NNCc1ccc(O)c(O)c1O,0,18,36
747,CC(C)COCC(CN(Cc1ccccc1)c2ccccc2)N3CCCC3,0,27,58
748,CC[C@H]1OC(=O)[C@H](C)[C@@H](OC2CC(C)(OC)C(O)C(C)O2)C(C)[C@@H](OC3OC(C)CC(C3O)N(C)C)[C@](C)(O)C[C@@H](C)C(=O)[C@H](C)[C@@H](O)[C@H]1C,0,50,104
749,NCCC(O)CNC1CC(N)C(OC2OC(CN)C(O)C(O)C2O)C(O)C1OC3OC(CO)C(O)C(N)C3O,0,39,82
750,CC(C)(C)NCC(O)c1ccc(O)c(NC(N)=O)c1,0,19,38
751,CC1(C)S[C@@H]2[C@H](NC(=O)C(C(=O)Oc3ccccc3)c4ccccc4)C(=O)N2[C@H]1C(O)=O,0,32,70
752,CC1(C)S[C@@H]2[C@H](NC(=O)C(C(=O)Oc3ccc4CCCc4c3)c5ccccc5)C(=O)N2[C@H]1C(O)=O,0,35,78
753,CC1OC(CC(N)C1O)OC2C[C@@](O)(Cc3c(O)c4C(=O)c5cccc(O)c5C(=O)c4c(O)c23)C(C)=O,0,37,82
754,NC(=O)OCC1[C@H](NC(=O)C(=N/OCC(O)=O)\c2csc(N)n2)C(=O)N1[S](O)(=O)=O,0,30,62
755,N[C@@H](C(=O)N[C@H]1[C@H]2SCC(=C(N2C1=O)C(O)=O)Cl)c3ccccc3,0,24,52
756,CC1=C(N2[C@H](SC1)[C@H](NC(=O)[C@H](N)c3ccc(O)cc3)C2=O)C(O)=O,0,25,54
757,CC1=C(N2[C@H](SC1)[C@H](NC(=O)[C@H](N)c3ccccc3)C2=O)C(O)=O,0,24,52
758,CC(=O)OCC1=C(N2[C@H](SC1)[C@H](NC(=O)Cc3ccccc3)C2=O)C(O)=O,0,27,58
759,Cc1sc(SCC2=C(N3[C@H](SC2)[C@H](NC(=O)C(N)c4ccc(O)cc4)C3=O)C(O)=O)nn1,0,32,70
760,NC(C(=O)N[C@H]1[C@H]2SCC(=C(N2C1=O)C(O)=O)CSc3cn[nH]n3)c4ccc(O)cc4,0,31,68
761,[Na+].Cn1nnnc1SCC2=C(N3[C@H](SC2)[C@H](NC(=O)CSC(F)(F)F)C3=O)C([O-])=O,0,30,62
762,Cc1sc(SCC2=C(N3[C@H](SC2)[C@H](NC(=O)CN4C=C(Cl)C(=O)C(=C4)Cl)C3=O)C(O)=O)nn1,0,33,72
763,Cc1sc(SCC2=C(N3[C@H](SC2)[C@H](NC(=O)[C@H](O)c4ccccc4)C3=O)C(O)=O)nn1,0,31,68
764,CC(N)C(=O)OC(C(=O)NC1C2SCC(=C(N2C1=O)C(=O)OCC3=C(C)OC(=O)O3)CSc4sc(C)nn4)c5ccccc5,0,44,96
765,CC/C=C(C(=O)N[C@H]1[C@H]2SCC(=C(N2C1=O)C(O)=O)COC(N)=O)/c3csc(N)n3,0,30,64
766,COCC1=C(N2[C@H](SC1)[C@H](NC(=O)C(=N\O)/c3csc(N)n3)C2=O)C(O)=O,0,27,58
767,Nc1scc(n1)\C(=N\O)C(=O)N[C@H]2[C@H]3SCC(=C(N3C2=O)C(O)=O)C=C,0,26,56
768,CO\N=C(C(=O)NC1[C@H]2SCC(=C(N2C1=O)C(O)=O)\C=C/c3scnc3C)\c4csc(N)n4,0,33,72
769,CC1=C(N2[C@H](SC1)[C@H](NC(=O)[C@H](N)c3ccc(O)c(Cl)c3)C2=O)C(O)=O,0,26,56
770,CO/N=C(C(=O)N[C@H]1[C@H]2SCC(=C(N2C1=O)C(O)=O)C)/c3csc(N)n3,0,26,56
771,OC(=O)C1=C(CS[C@@H]2[C@H](NC(=O)Cc3sccc3)C(=O)N12)CSc4[nH]ncn4,0,28,62
772,Cn1nnnc1SCC2=C(N3[C@H](SC2)[C@H](NC(=O)CS\C=C/C#N)C3=O)C(O)=O,0,29,62
773,Nc1scc(n1)\C(=N\OCC(O)=O)C(=O)N[C@H]2[C@H]3SCC(=C(N3C2=O)C(O)=O)C=C,0,30,64
774,CO/N=C(C(=O)N[C@H]1[C@H]2SCC(=C(N2C1=O)C(O)=O)CSc3nnnn3C)/c4csc(N)n4,0,33,72
775,CO[C@]1(NC(=O)CSCC#N)[C@H]2SCC(=C(N2C1=O)C(O)=O)CSc3nnnn3C,0,30,64
776,CO[C@]1(NC(=O)CSC[C@@H](N)C(O)=O)[C@H]2SCC(=C(N2C1=O)C(O)=O)CSc3nnnn3C,0,33,70
777,CO\N=C(C(=O)N[C@H]1[C@H]2SCC(=C(N2C1=O)C(O)=O)CSc3sc(CC(O)=O)c(C)n3)/c4csc(N)n4,0,37,80
778,OC(C(=O)N[C@H]1[C@H]2SCC(=C(N2C1=O)C(O)=O)CSc3nnnn3C[S](O)(=O)=O)c4ccccc4,0,35,76
779,NCc1ccccc1CC(=O)N[C@H]2[C@H]3SCC(=C(N3C2=O)C(O)=O)CSc4nnnn4CC(O)=O,0,35,76
780,CO[C@]1(NC(=O)C2S\C(S2)=C(\C(N)=O)C(O)=O)[C@H]3SCC(=C(N3C1=O)C(O)=O)CSc4nnnn4C,0,36,78
781,CN(C)CCn1nnnc1SCC2=C(N3[C@H](SC2)[C@H](NC(=O)Cc4csc(N)n4)C3=O)C(O)=O,0,34,74
782,CC(=O)OCC1=C(N2[C@H](SC1)[C@H](NC(=O)c3c(C)onc3c4ccccc4Cl)C2=O)C(O)=O,0,33,72
783,Cn1nnnc1SCC2=C(N3[C@H](SC2)C(NC(=O)[C@H](NC(=O)C4=CNC(=CC4=O)C)c5ccc(O)cc5)C3=O)C(O)=O,0,42,92
784,[Na+].COCC1=C(N2[C@H](SC1)[C@H](NC(=O)C(=N/OC)\c3csc(N)n3)C2=O)C([O-])=O,0,29,60
785,O.C/C=C/C1=C(N2[C@H](SC1)[C@H](NC(=O)[C@H](N)c3ccc(O)cc3)C2=O)C(O)=O,0,28,58
786,CC1=C(N2[C@H](SC1)[C@H](NC(=O)Cc3ccc(cc3)C4=NCCCN4)C2=O)C(O)=O,0,29,64
787,COC1=C(N3C(SC1)C(NC(=O)C(N)C2C=CCC=C2)C3=O)C(O)=O,0,25,54
788,CC1=C(N2[C@H](SC1)[C@H](NC(=O)[C@H](N)c3cccc(N[S](C)(=O)=O)c3)C2=O)C(O)=O,0,29,62
789,CO/N=C(C(=O)N[C@H]1[C@H]2SCC(=C(N2C1=O)C(O)=O)Cn3nnc(C)n3)/c4csc(N)n4,0,32,70
790,OC(=O)C1=C(CS[C@@H]2[C@H](NC(=O)Cn3cnnn3)C(=O)N12)CSc4scnn4,0,28,62
791,O.O.Nc1scc(n1)\C(=C\CC(O)=O)C(=O)N[C@H]2[C@H]3SCC=C(N3C2=O)C(O)=O,0,29,58
792,CO/N=C(C(=O)N[C@H]1[C@H]2SCC(=C(N2C1=O)C(O)=O)CSC(=O)c3occc3)/c4csc(N)n4,0,34,74
793,CO/N=C(C(=O)N[C@H]1[C@H]2SCC(=C(N2C1=O)C(O)=O)\C=C\SC3=NNC(=O)C(=O)N3CC=O)/c4csc(N)n4,0,39,84
794,CO/N=C(C(=O)N[C@H]1[C@@H]2N(C1=O)C(=C(COC(C)=O)C[S]2=O)C(O)=O)/c3csc(N)n3,0,31,66
795,CO/N=C(C(=O)N[C@H]1[C@H]2SCC=C(N2C1=O)C(O)=O)/c3csc(N)n3,0,25,54
796,CO/N=C(C(=O)N[C@H]1[C@H]2SCC(=C(N2C1=O)C(O)=O)COC(C)=O)/c3occc3,0,29,62
797,CO/N=C(C(=O)N[C@H]1[C@H]2SCC(=C(N2C1=O)C(=O)OC(C)OC(C)=O)COC(N)=O)/c3occc3,0,35,74
798,COCCCC(=O)OC(C)OC(=O)C1=C(COC(N)=O)CS[C@@H]2[C@H](NC(=O)C(=N/OC)\c3occc3)C(=O)N12,0,39,82
799,CO/N=C(C(=O)N[C@H]1[C@H]2SCC(=C(N2C1=O)C(O)=O)CSc3snnc3)/c4csc(N)n4,0,32,70
800,[Na+].CC(=O)OCC1=C(N2[C@@H](SC1)[C@@H](NC(=O)CC#N)C2=O)C([O-])=O,0,24,48
801,O.O.CC(=O)OCC1=C(N2[C@H](SC1)[C@H](NC(=O)[C@H](N)c3ccccc3)C2=O)C(O)=O,0,30,60
802,CC(=O)OCC1=C(N2[C@H](SC1)[C@H](NC(=O)CCC[C@@H](N)C(O)=O)C2=O)C(O)=O,0,28,58
803,CC(=O)OCC1=C(N2[C@H](SC1)[C@H](NC(=O)Cc3sccc3)C2=O)C(O)=O,0,26,56
804,CC(=O)C1=C(O)[C@]2(O)[C@@H](Cc3c(C)c4ccc(C)c(O)c4c(O)c3C2=O)[C@@H](N)C1=O,0,30,66
805,CC[C@H]1OC(=O)[C@H](C)[C@@H](O[C@H]2C[C@@](C)(OC)[C@@H](O)[C@H](C)O2)[C@H](C)[C@@H](O[C@@H]3O[C@H](C)C[C@@H]([C@H]3O)N(C)C)[C@@](C)(C[C@@H](C)C(=O)[C@H](C)[C@@H](O)[C@]1(C)O)OC,0,52,108
806,CCC[C@@H]1C[C@H](N(C)C1)C(=O)NC(C(C)Cl)[C@H]2O[C@H](SC)[C@H](O)[C@@H](O)[C@H]2O,0,27,56
807,CCC[C@@H]1C[C@H](N(C)C1)C(=O)NC(C(C)Cl)[C@H]2O[C@H](SC)[C@H](O[P](O)(O)=O)[C@@H](O)[C@H]2O,0,31,64
808,COC(C(=O)N[C@H]1[C@H]2SC(C)(C)[C@@H](N2C1=O)C(O)=O)c3ccc(Cl)c(Cl)c3,0,27,58
809,CN(C)[C@H]1[C@@H]2C[C@H]3C(=C(O)c4c(O)ccc(Cl)c4[C@@]3(C)O)C(=O)[C@]2(O)C(=O)\C(=C(/O)NCO)C1=O,0,35,76
810,CC1(C)S[C@@H]2[C@H](NC(=O)C3(N)CCCCC3)C(=O)N2[C@H]1C(O)=O,0,23,50
811,CCC1C(=O)N(CC(=O)N(C(C(=O)NC(C(=O)N(C(C(=O)NC(C(=O)NC(C(=O)N(C(C(=O)N(C(C(=O)N(C(C(=O)N(C(C(=O)N1)C(C(C)CC=CC)O)C)C(C)C)C)CC(C)C)C)CC(C)C)C)C)C)CC(C)C)C)C(C)C)CC(C)C)C)C,0,85,170
812,CC(C)C1NC(=O)C(NC(=O)c2ccc(C)c3OC4=C(C)C(=O)C(=C(C(=O)NC5C(C)OC(=O)C(C(C)C)N(C)C(=O)CN(C)C(=O)C6CCCN6C(=O)C(NC5=O)C(C)C)C4=Nc23)N)C(C)OC(=O)C(C(C)C)N(C)C(=O)CN(C)C(=O)C7CCCN7C1=O,0,90,192
813,CN(C)[C@H]1[C@@H]2C[C@@H]3[C@H](O)c4cccc(O)c4C(=C3C(=O)[C@]2(O)C(=O)\C(=C(N)/O)C1=O)O,0,31,68
814,CCOC(OCC)C(=O)OCC(=O)C1(O)CC(OC2CC(N)C(O)C(C)O2)c3c(O)c4C(=O)c5c(OC)cccc5C(=O)c4c(O)c3C1,0,48,104
815,NCC1CCC(N)C(O1)OC2C(N)CC(N)C(OC3OC(CO)C(O)C(N)C3O)C2O,0,31,66
816,Cc1onc(c1C(=O)N[C@H]2[C@H]3SC(C)(C)[C@@H](N3C2=O)C(O)=O)c4c(Cl)cccc4Cl,0,30,66
817,CN[C@H]1[C@H](O)[C@@H](O)[C@H](CO)O[C@H]1O[C@H]2[C@@H](O[C@@H](C)[C@]2(O)CO)O[C@@H]3[C@@H](O)[C@H](O)[C@@H](N=C(N)N)[C@H](O)[C@H]3N=C(N)N,0,40,84
818,COc1ccc(cc1O)C2=CC(=O)c3c(O)cc(O[C@@H]4O[C@H](CO[C@@H]5O[C@@H](C)[C@H](O)[C@@H](O)[C@H]5O)[C@@H](O)[C@H](O)[C@H]4O)cc3O2,0,43,94
819,CNCC(O)c1ccc(OC(=O)C(C)(C)C)c(OC(=O)C(C)(C)C)c1,0,25,50
820,CCC(=O)O[C@H]1[C@@H](C)[C@@H](C)OC(=O)C(C)[C@@H](O[C@H]2C[C@H](OC)[C@@H](OC(=O)CC)[C@H](C)O2)[C@H](C)[C@@H](O[C@@H]3O[C@H](C)C[C@@H]([C@H]3O)N(C)C)C(C)C[C@@]4(CO4)C(=O)[C@@H]1C,0,56,118
821,OCCN(CCO)c1nc(N2CCCCC2)c3nc(nc(N4CCCCC4)c3n1)N(CCO)CCO,0,36,78
822,CC[C@H]1OC(=O)[C@H](C)[C@@H](O[C@H]2C[C@@](C)(OC)[C@@H](O)[C@H](C)O2)[C@H](C)[C@@H](O[C@@H]3O[C@H](C)C[C@@H]([C@H]3O)N(C)C)[C@](C)(O)C[C@@H](C)[C@@H]4N[C@@H](COCCOC)O[C@H]([C@H]4C)[C@]1(C)O,0,58,122
823,CC(=O)O[C@@]12CO[C@@H]1C[C@H](O)[C@]3(C)[C@@H]2[C@H](OC(=O)c4ccccc4)[C@]5(O)C[C@H](OC(=O)[C@H](O)[C@@H](NC(=O)OC(C)(C)C)c6ccccc6)C(=C([C@@H](O)C3=O)C5(C)C)C,0,58,126
824,CCC(C(=O)NC\C=C\C=C(/C)C(OC)C(C)C1OC(\C=C\C=C\C=C(/C)C(=O)C2=C(O)N(C)C=CC2=O)C(O)C1O)C3(O)OC(\C=C\C=C\C)C(C)(C)C(OC4OC(C)C(OC5OC(C)C(OC)C(O)C5OC)C(OC)C4O)C3O,0,81,170
825,[Cl].CC[C@H]1CN2CCc3cc(OC)c(OC)cc3[C@@H]2C[C@@H]1C[C@H]4NCCc5cc(OC)c(OC)cc45,0,36,78
826,CC1(C)S[C@@H]2[C@H](NC(=O)[C@H](N)C3=CCC=CC3)C(=O)N2[C@H]1C(O)=O,0,24,52
827,CCC(C)[C@H]1O[C@]2(CC[C@@H]1C)CC3C[C@@H](C\C=C(C)\[C@@H](O[C@H]4C[C@H](OC)[C@@H](OC5C[C@H](OC)[C@@H](O)[C@H](C)O5)[C@H](C)O4)[C@@H](C)/C=C/C=C/6CO[C@@H]7[C@H](O)C(=C[C@@H](C(=O)O3)[C@]67O)C)O2.CO[C@H]8CC(O[C@@H](C)[C@@H]8O)O[C@H]9[C@H](C)O[C@H](C[C@@H]9OC)O[C@H]/%10[C@@H](C)/C=C/C=C/%11CO[C@@H]%12[C@H](O)C(=C[C@@H](C(=O)OC%13C[C@@H](C\C=C%10C)O[C@@]%14(CC[C@H](C)[C@H](O%14)C(C)C)C%13)[C@]%11%12O)C,0,123,270
828,COc1cccc2C(=O)c3c(O)c4C[C@@](O)(C[C@@H](OC5CC(N)CC(C)O5)c4c(O)c3C(=O)c12)C(=O)CO,0,38,84
829,CN(C)[C@H]1[C@@H]2C[C@H]3C(=C(O)c4c(O)cccc4[C@@]3(C)O)C(=O)[C@]2(O)C(=O)\C(=C(/O)NCN(C)CCN(C)CNC(/O)=C/5C(=O)[C@H]([C@@H]6C[C@H]7C(=C(O)c8c(O)cccc8[C@@]7(C)O)C(=O)[C@]6(O)C5=O)N(C)C)C1=O,0,72,158
830,CCNCC(O)c1cccc(O)c1,0,13,26
831,CCOC(=O)C1=C(C)NC(=C(C1c2cccc(Cl)c2Cl)C(=O)OC)C,0,25,52
832,CC1(C)S[C@@H]2[C@H](NC(=O)C(Oc3ccccc3)c4ccccc4)C(=O)N2[C@H]1C(O)=O,0,30,66
833,CC(C)c1ccccc1OCC2=NCCN2,0,16,34
834,CC(C)(C(O)=O)c1ccc(cc1)C(O)CCCN2CCC(CC2)C(O)(c3ccccc3)c4ccccc4,0,37,80
835,CC1(C)S[C@@H]2[C@H](NC(=O)[C@H](NC(=O)C(C)(C)Oc3ccc(Cl)cc3)c4ccccc4)C(=O)N2[C@H]1C(O)=O,0,37,80
836,[Na].CO[C@]1(NC(=O)CSC(F)(F)F)[C@H]2OCC(=C(N2C1=O)C(O)=O)CSc3nnnn3CCO,0,34,70
837,CC[C@H]1OC(=O)[C@H](C)[C@@H](O[C@H]2C[C@@](C)(OC)[C@@H](O)[C@H](C)O2)[C@H](C)[C@@H](O[C@@H]3O[C@H](C)C[C@@H]([C@H]3O)N(C)C)[C@](C)(O)C[C@](C)(F)C(=O)[C@H](C)[C@@H](O)[C@]1(C)O,0,52,108
838,C[C@@H](O)[C@@H]1[C@H]2SC(=C(N2C1=O)C(O)=O)[C@H]3CCCO3,0,19,42
839,CC1(C)S[C@@H]2[C@H](NC(=O)[C@@H](N=Cc3occc3)c4ccc(O)cc4)C(=O)N2[C@H]1C(O)=O,0,31,68
840,CC(C)CC(OC(=O)c1occc1)C(=O)N[C@H]2[C@H]3SC(C)(C)[C@@H](N3C2=O)C(O)=O,0,29,62
841,C[C@@H]1[C@H](O)CC[C@@]2(C)[C@H]1CC[C@@]3(C)[C@H]2[C@H](O)C[C@H]4\C([C@H](C[C@]34C)OC(C)=O)=C(/CCC=C(C)C)C(O)=O,0,37,80
842,CNC(C)C1CCC(N)C(O1)OC2C(N)CC(N)C(OC3OCC(C)(O)C(NC)C3O)C2O,0,33,70
843,CO/N=C(C(=O)N[C@H]1[C@H](C)N(OCC(=O)OCC(=O)OC(C)(C)C)C1=O)/c2csc(N)n2,0,32,66
844,CC(C)CC1C(=O)NC(C(=O)N2CCCC2C(=O)NC(C(=O)NC(C(=O)NC(C(=O)NC(C(=O)N3CCCC3C(=O)NC(C(=O)NC(C(=O)N1)CCCN)C(C)C)CC4=CC=CC=C4)CC(C)C)CCCN)C(C)C)CC5=CC=CC=C5,0,82,172
845,CC1CN(CCN1)c2cc3N(C=C(C(O)=O)C(=O)c3c(C)c2F)C4CC4,0,26,58
846,CN(C)C1C2CC3C(=C(O)c4c(O)cccc4C3(C)O)C(=O)C2(O)C(=O)\C(=C(/O)NCN5CCN(CC5)C(=N)N=C(N)N)C1=O,0,45,98
847,CC1(C)N[C@@H](C(=O)N1[C@H]2[C@H]3SC(C)(C)[C@@H](N3C2=O)C(O)=O)c4ccccc4,0,27,60
848,CC(Cc1ccccc1)NO,0,11,22
849,CNC(C)C(O)c1ccc(O)cc1,0,13,26
850,CC1=CC(=O)Oc2cc(O)ccc12,0,13,28
851,C[C@@H]1O[C@H](C[C@H](N)[C@@H]1O)O[C@H]2C[C@@](O)(Cc3c(O)c4C(=O)c5ccccc5C(=O)c4c(O)c23)C(C)=O,0,36,80
852,O.C[C@H](O)[C@@H]1[C@H]2CC(=C(N2C1=O)C(O)=O)SCCN=CN,0,21,42
853,CNC1C(O)C(OCC1(C)O)OC2C(O)C(OC3OC(CN)C(O)C(O)C3O)C(N)CC2NC(=O)C(O)CN,0,39,82
854,CC1(C)S[C@@H]2[C@H](NC(=O)C(C)(C)Oc3ccccc3)C(=O)N2[C@H]1C(O)=O,0,26,56
855,CO[C@H]1[C@@H](CC(=O)O[C@H](C)C/C=C/C=C/[C@H](O)[C@H](C)C[C@H](CC=O)[C@@H]1O[C@@H]2O[C@H](C)[C@@H](O[C@H]3C[C@@](C)(O)[C@@H](OC(=O)CC(C)C)[C@H](C)O3)[C@@H]([C@H]2O)N(C)C)OC(C)=O,0,58,120
856,CC1=C(COC(=O)[C@@H]2N3[C@H](SC2(C)C)[C@H](NC(=O)[C@H](N)c4ccccc4)C3=O)OC(=O)O1,0,32,70
857,CNCC[C@@H](O)[C@@H]1C[C@@H](CN1)SC2=C(N3[C@H]([C@H]2C)[C@@H]([C@@H](C)O)C3=O)C(O)=O,0,27,58
858,COc1cccc2C(=O)c3c(O)c4C[C@](O)(C[C@H](O[C@H]5C[C@H](NC(=O)[C@@H](N)CC(C)C)[C@H](O)[C@H](C)O5)c4c(O)c3C(=O)c12)C(=O)CO,0,47,102
859,CC[C@H]1OC(=O)[C@H](C)[C@@H](OC2CC(C)(OC)C(O)C(C)O2)C(C)[C@@H](OC3OC(C)CC(C3O)N(C)C)[C@](C)(O)C[C@@H](C)\C(=N/OC)[C@H](C)[C@@H](O)[C@]1(C)O,0,53,110
860,CCCC1CC(N(C)C1)C(=O)NC(C(C)O)C2OC(SC)C(O)C(O)C2O,0,27,56
861,O.N[C@@H](C(=O)NC1C2CCC(=C(N2C1=O)C(O)=O)Cl)c3ccccc3,0,25,52
862,CCCCc1nc(Cl)c(CO)n1Cc2ccc(cc2)c3ccccc3c4n[nH]nn4,0,30,66
863,[Cl-].CN(C)[C@H]1[C@@H]2C[C@H]3C(=C(O)c4c(O)ccc(Cl)c4[C@@]3(C)O)C(=O)[C@]2(O)C(=O)\C(=C(N)\O)C1=O.[H+],0,35,72
864,CC1(C)S[C@@H]2[C@H](N=CN3CCCCCC3)C(=O)N2[C@H]1C(O)=O,0,22,48
865,CC(CN(C)C)OC(C)(c1ccccc1)c2ccc(Cl)cc2,0,22,46
866,CC1OC(CC(N)C1O)OC2CC(O)(Cc3c(O)c4C(=O)c5ccccc5C(=O)c4c(O)c23)C(=O)CO,0,37,82
867,O.O.O.C[C@H](O)C1C2[C@@H](C)C(=C(N2C1=O)C(O)=O)S[C@@H]3CN[C@@H](C3)C(=O)N(C)C,0,29,56
868,CC1(C)SC2C(NC(=O)C(N=C)c3ccccc3)C(=O)N2C1C(O)=O,0,25,54
869,CN(C)[C@H]1[C@@H]2[C@@H](O)[C@@H]3C(=C)c4cccc(O)c4C(=C3C(=O)[C@]2(O)C(=O)\C(=C(N)/O)C1=O)O,0,32,70
870,CNC(C)C(=O)c1ccc(OC)cc1,0,14,28
871,COc1cccc(OC)c1C(=O)N[C@H]2[C@H]3SC(C)(C)[C@@H](N3C2=O)C(O)=O,0,26,56
872,CC1(C)S[C@@H]2[C@H](NC(=O)[C@H](NC(=O)N3CCN(C3=O)[S](C)(=O)=O)c4ccccc4)C(=O)N2[C@H]1C(O)=O,0,36,78
873,COCC(=O)O[C@]1(CCN(C)CCCc2[nH]c3ccccc3n2)CCc4cc(F)ccc4[C@@H]1C(C)C,0,36,78
874,CCC(=O)OC1CC(=O)OC(C)C\C=C\C=C/C(O)C(C)CC(CC=O)C(O[C@@H]2O[C@H](C)[C@@H](O[C@H]3C[C@@](C)(O)[C@H](OC(=O)CC)[C@@H](C)O3)[C@@H]([C@H]2O)N(C)C)C1OC,0,57,118
875,CCC1NC(=O)C(NC(=O)c2ncccc2O)C(C)OC(=O)C(NC(=O)C3CC(=O)CCN3C(=O)C(Cc4ccc(cc4)N(C)C)N(C)C(=O)C5CCCN5C1=O)c6ccccc6,0,63,136
876,CCCCCC1CNC(C1)C(=O)NC(C(C)Cl)C2OC(SC)C(O)C(O)C2O,0,28,58
877,CO[C@@]12[C@H](COC(N)=O)C3=C(N1C[C@@H]4N[C@H]24)C(=O)C(=C(N)C3=O)C,0,24,54
878,CO[C@]1(NC(=O)C(C(O)=O)c2ccc(O)cc2)[C@H]3OCC(=C(N3C1=O)C(O)=O)CSc4nnnn4C,0,36,78
879,NC[C@H]1O[C@H](O[C@@H]2[C@@H](N)C[C@@H](N)[C@H](O)[C@H]2O)[C@H](N)[C@@H](O)[C@@H]1O,0,22,46
880,CCN[C@@H]1C[C@H](N)[C@@H](O[C@H]2OC(=CC[C@H]2N)CN)[C@H](O)[C@H]1O[C@H]3OC[C@](C)(O)[C@H](NC)[C@H]3O,0,33,70
881,COC(=O)C1=C(C)NC(=C(C1c2cccc(c2)[N+]([O-])=O)C(=O)OCCN(C)Cc3ccccc3)C,0,35,74
882,COC(=O)C1=C(C)NC(=C(C1c2ccccc2[N+]([O-])=O)C(=O)OC)C,0,25,52
883,CCOC(=O)C1=C(C)NC(=C(C1c2cccc(c2)[N+]([O-])=O)C(=O)OC)C,0,26,54
884,CN(C)[C@H]1[C@@H]2C[C@@H]3Cc4c(ccc(O)c4C(=C3C(=O)[C@]2(O)C(=O)\C(=C(N)/O)C1=O)O)[N+]([O-])=O,0,33,72
885,CO[C@@H]1[C@@H](OC(N)=O)[C@@H](O)[C@H](Oc2ccc3C(=O)C(=C(O)Oc3c2C)NC(=O)c4ccc(O)c(CC=C(C)C)c4)OC1(C)C,0,44,94
886,COC1CC(OC(C)C1O)O[C@H]2[C@H](C)[C@@H](OC3OC(C)CC(C3O)N(C)C)[C@@H](C)C[C@]4(CO4)C(=O)[C@H](C)[C@@H](O)[C@@H](C)[C@@H](C)OC(=O)[C@@H]2C,0,48,102
887,CC1(C)NC(C(=O)[NH+]1[C@H]2[C@H]3SC(C)(C)[C@@H](N3C2=O)C(O)=O)c4ccc(O)cc4,0,28,62
888,CO\N=C(C(=O)NC1[C@H](C)N(OCC(O)=O)C1=O)\c2csc(N)n2,0,24,50
889,CC(=O)O[C@H]1C(=O)[C@]2(C)[C@@H](O)C[C@H]3OC[C@@]3(OC(C)=O)C2[C@H](OC(=O)c4ccccc4)[C@]5(O)C[C@H](OC(=O)[C@H](O)[C@@H](NC(=O)c6ccccc6)c7ccccc7)C(=C1C5(C)C)C,0,62,136
890,CN(C)[C@H]1[C@@H]2C[C@H]3C(=C(O)c4c(O)cccc4[C@@]3(C)O)C(=O)[C@]2(O)C(=O)\C(=C(/O)NCN5CCCC(C5)C(O)=O)C1=O,0,42,92
891,CC(=O)OCOC(=O)C1N2C(SC1(C)C)C(NC(=O)Cc3ccccc3)C2=O,0,28,60
892,[Na].CC1(C)SC2C(NC(=O)Cc3ccccc3)C(=O)N2C1C(O)=O,0,24,50
893,CN(C)[C@H]1[C@@H]2C[C@H]3C(=C(O)c4c(O)cccc4[C@@]3(C)O)C(=O)[C@]2(O)C(=O)\C(=C(/O)NCNC(C(=O)NC5C6SC(C)(C)C(N6C5=O)C(O)=O)c7ccccc7)C1=O,0,57,126
894,CC(Oc1ccccc1)C(=O)NC2C3SC(C)(C)C(N3C2=O)C(O)=O,0,25,54
895,CN(C)C1C2CC3C(=C(O)c4c(O)cccc4C3(C)O)C(=O)C2(O)C(=O)\C(=C(/O)NCN5CCN(CCO)CC5)C1=O,0,42,92
896,COc1cccc2C(=O)c3c(O)c4C[C@](O)(C[C@H](O[C@H]5C[C@H](N)[C@H](O[C@H]6CCCCO6)[C@H](C)O5)c4c(O)c3C(=O)c12)C(=O)CO,0,45,100
897,CC1(C)SC2C(N([C@H](C(=O)NC(=O)CN)c3ccccc3)C(=N)c4ccncc4)C(=O)N2C1C(O)=O,0,36,78
898,[Na+].CC1(C)S[C@@H]2[C@H](NC(=O)[C@H](NC(=O)C3=CC=C(NC3=O)c4ccc(cc4)[S](=O)(=O)N(CCO)CCO)c5ccc(O)cc5)C(=O)N2[C@H]1C([O-])=O,0,51,108
899,CC1(C)S[C@@H]2[C@H](NC(=O)[C@H](NC(=O)NC3=CN=C(NC3=O)Nc4ccc(cc4)[S](N)(=O)=O)c5ccc(O)cc5)C(=O)N2[C@H]1C(O)=O,0,46,100
900,CC(C)(C)C(=O)OCOC(=O)[C@@H]1N2[C@H](SC1(C)C)[C@H](NC(=O)[C@H](N)c3ccccc3)C2=O,0,32,68
901,CNCC(O)c1cccc(OC(=O)C(C)(C)C)c1,0,18,36
902,Cc1cnn(c1C(=O)N[C@H]2[C@H]3SC(C)(C)[C@@H](N3C2=O)C(O)=O)c4c(Cl)cccc4Cl,0,30,66
903,CC1OC(=O)C(NC(=O)C2CC(=O)CCN2C(=O)C(Cc3ccc(cc3)N(C)C)N(C)C(=O)C4CCCN4C(=O)C(C)NC(=O)C1NC(=O)c5ncccc5O)c6ccccc6,0,62,134
904,CCCNCC(O)COc1ccccc1C(=O)CCc2ccccc2,0,25,52
905,CCC(Oc1ccccc1)C(=O)NC2C3SC(C)(C)C(N3C2=O)C(O)=O,0,26,56
906,NCC1OC(OC2C(N)CC(NC(CO)CO)C(OC3OC(CO)C(O)C(N)C3O)C2O)C(N)C(O)C1O,0,38,80
907,CC1(C)S[C@@H]2[C@H](NC(=O)c3nc4ccccc4nc3C(O)=O)C(=O)N2[C@H]1C(O)=O,0,29,64
908,CO[C@H]1/C=C/O[C@@]2(C)Oc3c(C)c(O)c4C(=O)C(=C5NC6(CCN(CC6)CC(C)C)N=C5c4c3C2=O)NC(=O)C(=C\C=C\[C@H](C)[C@H](O)[C@@H](C)[C@@H](O)[C@@H](C)[C@H](OC(C)=O)[C@@H]1C)/C,0,61,132
909,CCN(CC)C(C)=NN=Cc1c(O)c2c3C(=O)C4(C)OC=CC(OC)C(C)C(OC(C)=O)C(C)C(O)C(C)C(O)C(C)C=CC=C(C)C(=O)Nc1c(O)c2c(O)c(C)c3O4,0,60,126
910,CCN(CC)c1sc2c3NC(=O)C(=C\C=C\[C@H](C)[C@H](O)[C@@H](C)[C@@H](O)[C@@H](C)[C@H](OC(C)=O)[C@H](C)[C@@H](OC)/C=C/O[C@@]4(C)Oc5c(C)c(O)c(c3O)c(c2n1)c5C4=O)/C,0,57,122
911,CCN(CC)C(=O)COc1cc2NC(=O)C(=C\C=C\[C@H](C)[C@H](O)[C@@H](C)[C@@H](O)[C@@H](C)[C@H](OC(C)=O)[C@H](C)[C@@H](OC)/C=C/O[C@@]3(C)Oc4c(C)c(O)c(c2O)c1c4C3=O)/C,0,58,122
912,COC1C=COC5(C)Oc4c(C)c(O)c3c(O)c(NC(=O)C(=CC=CC(C)C(O)C(C)C(O)C(C)C(OC(C)=O)C1C)C)c(C=NN2CCN(C)CC2)c(O)c3c4C5=O,0,59,126
913,CO[C@H]1/C=C/O[C@@]2(C)Oc3c(C)c(O)c4c(O)c(NC(=O)C(=C\C=C\[C@H](C)[C@H](O)[C@@H](C)[C@@H](O)[C@@H](C)[C@H](OC(C)=O)[C@@H]1C)/C)cc(O)c4c3C2=O,0,50,106
914,CO[C@H]1\C=C\O[C@@]2(C)Oc3c(C)c(O)c4C(=C(NC(=O)C(=C/C=C/[C@H](C)[C@H](O)[C@@H](C)[C@@H](O)[C@@H](C)[C@H](OC(C)=O)[C@@H]1C)\C)C(=C/NN5CCN(CC5)C6CCCC6)\C(=O)c4c3C2=O)O,0,63,136
915,CO[C@H]1/C=C/O[C@@]2(C)Oc3c(C)c(O)c4c(O)c(NC(=O)C(=C\C=C\[C@H](C)[C@H](O)[C@@H](C)[C@@H](O)[C@@H](C)[C@H](OC(C)=O)[C@@H]1C)/C)c5n6ccc(C)cc6nc5c4c3C2=O,0,57,124
916,[Na+].C[C@@H](O)[C@@H]1[C@H]2SC(=C(N2C1=O)C([O-])=O)COC(N)=O,0,20,40
917,CC[C@@]1(O)C[C@H](O[C@H]2C[C@@H]([C@H](O[C@H]3C[C@@H]4O[C@H]5CC(=O)[C@H](C)O[C@H]5O[C@@H]4[C@H](C)O3)[C@H](C)O2)N(C)C)c6c(O)c7C(=O)c8c(O)cccc8C(=O)c7c(O)c6[C@H]1O[C@H]9C[C@@H]([C@H](O)[C@H](C)O9)N(C)C,0,67,150
918,CC1(C)S[C@@H]2[C@H](NC(=O)[C@H](NC(=O)Cc3ccc(cc3)C4=NCCCN4)c5ccccc5)C(=O)N2[C@H]1C(O)=O,0,39,86
919,CC[C@H]1OC(=O)[C@H](C)[C@@H](O[C@H]2C[C@@](C)(OC)[C@@H](O)[C@H](C)O2)[C@H](C)[C@@H](O[C@@H]3O[C@H](C)C[C@@H]([C@H]3O)N(C)C)[C@](C)(O)C[C@@H](C)\C(=N\OCOCCOC)[C@H](C)[C@@H](O)[C@]1(C)O,0,58,120
920,COC1CCCC2C3C(C(C)O)C(=O)N3C(=C12)C([O-])=O,0,20,44
921,COCOC(=O)C1N2C(SC1(C)C)C(N3C(=O)C(NC3(C)C)c4ccc(O)cc4)C2=O,0,31,68
922,COCOC(=O)[C@@H]1N2[C@H](SC1(C)C)[C@H](N3C(=O)C(NC3(C)C)c4ccccc4)C2=O,0,30,66
923,CC1C2CC(OC(C)=O)\C=C\C(=C\CC(O)/C=C/C(=C/C(NC(=O)C(C)=O)C(C)(C(=O)O2)C1=O)C)C,0,36,74
924,CN[C@@H]1[C@@H](O)[C@H](OC[C@]1(C)O)O[C@H]2[C@H](N)C[C@H](N)[C@@H](O[C@H]3OC(=CC[C@H]3N)CN)[C@@H]2O,0,31,66
925,COC1C(O)CC(=O)OC(C)C\C=C\C=C\C(OC2CCC(C(C)O2)N(C)C)C(C)CC(CC=O)C1OC3OC(C)C(OC4CC(C)(O)C(O)C(C)O4)C(C3O)N(C)C,0,59,124
926,CC1(C)S[C@@H]2[C@H](NC(=O)C(c3ccccc3)[S](O)(=O)=O)C(=O)N2[C@H]1C(O)=O,0,27,58
927,C[C@@H](O)[C@@H]1[C@H]2SC(=C(N2C1=O)C(O)=O)SC3CC[S](=O)C3,0,21,46
928,CC1(C)S[C@@H]2[C@H](NC(=O)[C@H](N)c3ccccc3)C(=O)N2[C@H]1C(O)=O.CC4(C)[C@@H](N5[C@@H](CC5=O)[S]4(=O)=O)C(O)=O,0,39,84
929,[Na+].[Na+].CC1(C)S[C@@H]2[C@H](NC(=O)[C@H](N[S]([O-])(=O)=O)c3ccccc3)C(=O)N2[C@H]1C([O-])=O,0,30,60
930,CO[C@@H]1C[C@@H](CC[C@H]1O)/C=C(C)/[C@H]2OC(=O)[C@@H]3CCCCN3C(=O)C(=O)[C@]4(O)O[C@H]([C@H](C[C@@H](C)CC(=C/[C@@H](CC=C)C(=O)C[C@H](O)[C@H]2C)/C)OC)[C@H](C[C@H]4C)OC,0,57,120
931,CC1(C)S[C@@H]2[C@H](NC(=O)[C@H](N)c3ccccc3)C(=O)N2[C@H]1C(=O)OC4OC(=O)c5ccccc45,0,34,76
932,C[C@]1(Cn2ccnn2)[C@@H](N3[C@@H](CC3=O)[S]1(=O)=O)C(O)=O,0,20,44
933,CCCCCCCCCC(=O)N[C@@H]1[C@@H](O)[C@H](O)[C@@H](CO)O[C@H]1Oc2c3Oc4ccc(C[C@H]5NC(=O)[C@H](N)c6ccc(O)c(Oc7cc(O)cc(c7)[C@H](NC5=O)C(=O)N[C@H]8C(=O)N[C@H]9C(=O)N[C@@H]([C@H](O[C@@H]%10O[C@H](CO)[C@@H](O)[C@H](O)[C@H]%10NC(C)=O)c%11ccc(Oc2cc8c3)c(Cl)c%11)C(=O)N[C@@H](C(O)=O)c%12cc(O)cc(O[C@H]%13O[C@H](CO)[C@@H](O)[C@H](O)[C@@H]%13O)c%12c%14cc9ccc%14O)c6)cc4Cl,0,132,290
934,CO[C@]1(NC(=O)C(C(O)=O)c2cscc2)[C@H]3SC(C)(C)[C@@H](N3C1=O)C(O)=O,0,27,58
935,CN1C(=O)N(C)c2ncn(CCNCC(O)c3ccc(O)c(O)c3)c2C1=O,0,27,58
936,CC1(C)SC2C(NC(=O)CSc3ccccc3)C(=O)N2C1C(O)=O,0,24,52
937,CC1(C)[C@H](NC(=O)C(=N\OCC(O)=O)/c2csc(N)n2)C(=O)N1O[S](O)(=O)=O,0,28,58
938,CC(C)C(=O)OCc1cccc(OC(=O)[C@@H]2N3[C@H](SC2(C)C)[C@H](NC(=O)Cc4ccccc4)C3=O)c1,0,36,78
939,NC[C@H]1O[C@H](O[C@@H]2[C@@H](N)C[C@@H](N)[C@H](O[C@H]3O[C@H](CO)[C@@H](O)[C@H](N)[C@H]3O)[C@H]2O)[C@H](N)C[C@@H]1O,0,32,68
940,Cc1ccc(cc1)C(=O)c2cc(O)c(O)c(c2)[N+]([O-])=O,0,20,42
941,CO[C@H]1C[C@@H](O[C@@H](C)[C@@H]1OC(C)=O)O[C@H]2[C@H](C)[C@@H](O[C@@H]3O[C@H](C)C[C@@H]([C@H]3OC(C)=O)N(C)C)[C@@H](C)C[C@@]4(CO4)C(=O)[C@H](C)[C@@H](OC(C)=O)[C@@H](C)[C@@H](C)OC(=O)[C@@H]2C,0,57,120
942,CCCC[C@@H]1CC(=O)[C@]2(O)O[C@@H]3[C@@H](NC)[C@@H](O)[C@@H](NC)[C@H](O)[C@H]3O[C@@H]2O1,0,26,56
943,CC(C)c1ccc(C)cc1OCC2=NCCN2,0,17,36
944,CC[C@]1(O)C[C@H]2CN(CCc3c([nH]c4ccccc34)[C@@](C2)(C(=O)OC)c5cc6c(cc5OC)N(C)[C@H]7[C@](O)([C@H](O)[C@]8(CC)C=CCN9CC[C@]67[C@H]89)C(N)=O)C1,0,55,126
945,CC(C)C1OC(=O)C2=CCCN2C(=O)c3coc(CC(=O)CC(O)\C=C(C)/C=C\CNC(=O)\C=C/C1C)n3,0,38,80
946,Oc1ccc(cc1)/C=C([N+]#[C-])/C(=C/c2ccc(O)cc2)[N+]#[C-],0,22,46
947,[Cl-].COc1cccc2C(=O)c3c(O)c4C[C@](O)(C[C@H](O[C@H]5C[C@H](N)[C@H](O)[C@H](C)O5)c4c(O)c3C(=O)c12)/C(C)=N/NC(=O)c6ccccc6.[H+],0,49,104
948,ClC(C(F)(F)Cl)(F)F,1,8,14
949,[C@@]3(C1=CC=CS1)(N2CCCCC2)[C@H](CCCC3)C,1,18,40
950,[H+].C1=NC3=C([N]1CCNC(CC2=CC=CC=C2)C)C(=O)N(C(=O)N3C)C.[Cl-],1,27,54
951,C1=C(Cl)C=CC(=C1N2CCN(CCCNC(C)=O)CC2)Cl,1,21,44
952,[C@]34([C@H]([C@H]2[C@@H]([C@@]1(C([C@@H](C(CC1)OC(C)=O)Br)[C@@H](C2)Br)C)CC3)CC[C@@H]4[C@@H](CCCC(C)C)C)C,1,33,72
953,C(C(C(NC(NC(C)=O)=O)=O)(CC)Br)C,1,15,28
954,C2=C(CN(C(=C(SC(=O)C1=CC=CO1)\CCOC(=O)COC(=O)C)/C)C=O)C(=NC(=N2)C)N,1,33,68
955,C(C(NC(C)=O)C(O)=O)CC(N)=O,1,13,24
956,C1=CC=CC=C1C3(CCN(CCCC(C2=CC=C(F)C=C2)=O)CC3)CNC(C)=O,1,29,62
957,C2=C(C(OC1=CC=C(C=C1)NC(C)=O)=O)C(=CC=C2)O,1,20,42
958,CC(NC1=NN=C(S1)[S](N)(=O)=O)=O,1,13,26
959,C1=NC(=NC(=C1CN(C(=C(\CCOC(C)=O)SC(C)=O)/C)C=O)N)C,1,25,50
960,C2=C(CC(C(NCC(OCC1=CC=CC=C1)=O)=O)CSC(C)=O)C=CC=C2,1,27,56
961,[C@H]23OC1=C(OC(=O)C)C=CC6=C1C25C4(C[C@@H](C3(OC)C=C4)[C@](O)(CCC)C)C(N(CC5)C)C6,1,33,76
962,C2=C(C(C1=CC=CC=C1)(C(OC(=O)C)CC)CC(N(C)C)C)C=CC=C2,1,26,54
963,[C@]12(OC1)[C@@H]3C(=C[C@@H]2OC(=O)CC(OC(=O)C)(C)C)C(=CO[C@H]3OC(=O)CC(C)C)COC(=O)C,1,34,72
964,[C@]12(OC(O[C@@H]1CC3C2(CC(O)C4(F)C3CCC5=CC(=O)C=CC45C)C)C=C)C(=O)CO,1,31,70
965,C1=NC2=C([N]1COCCO)NC(=NC2=O)N,1,16,34
966,C1=CC(=CC=C1OCC(OCCNC23CC4CC(C2)CC(C3)C4)=O)Cl,1,25,56
967,C1=NC(=NC=C1)N5CCN(CCNC(C23CC4CC(C2)CC(C3)C4)=O)CC5,1,27,62
968,C1=CC(=CC=C1CC(OC(C(C)N)=O)(C)C)Cl,1,17,34
969,[C@@]4([C@@]3([C@H]([C@H]2[C@@H]([C@@]1(C(=CC(=O)C=C1)C[C@H]2Cl)C)[C@H](C3)O)C[C@H]4C)C)(C(COC(CC)=O)=O)OC(CC)=O,1,36,78
970,C1=C3C2=C(C=C1O)C=CC=C2CC(C3)N(CCC)CCC,1,21,46
971,[C@@H]12C4([C@@H](CCC1[C@H]3C(CC2=O)(C(CC3)C(=O)CO)C)C[C@H](O)CC4)C,1,25,56
972,[C@@H]23[C@H]([C@H]1[C@]([C@@H](C(C)=O)CC1)(C)CC2=O)CC[C@@H]4[C@@]3(CC[C@H](C4)O)C,1,24,54
973,CC14C5(C(CC1C3C(C2(C(=CC(=O)CC2)CC3)C)CC4)OC(O5)(C)C)C(C)=O,1,28,64
974,COC1(C(F)(F)C1(F)Cl)F,1,10,20
975,[C@@](O)(C5C6(OC)C2OC1=C(O)C=CC4=C1C23C(C(N(CC3)CC=C)C4)(C5)C=C6)(CCC)C,1,32,74
976,C(N1C(C(C)OC1=O)=O)C=C,1,11,22
977,[C@H]3(CN(C2=CC=C(OCC1=CC=CC(=C1)Cl)C=C2)C(O3)=O)CNC,1,24,52
978,[H+].C4=C3OCC(N(CCCCN1C(=O)CC2(CC1=O)CCCC2)CCC)CC3=C(OC)C=C4.[Cl-],1,34,70
979,C1=CC=CC3=C1C2(C(NC(=O)CC2)=O)CCC3=O,1,18,40
980,C1=C([N](C(=C1C=O)C)CCNC(C)=O)C,1,15,30
981,C1=C(C(=CC=C1Cl)N(C(CN(C(CC#N)C)C)=O)C)C(C2=C(C=CC=C2)F)=O,1,28,58
982,[C@]2(C1=CC=CC=C1)([C@H](CN(C)CC2)CC)OC(CC)=O,1,20,42
983,[C@H](C(C1=CC=CC=C1)(C2=CC=CC=C2)C[C@H](N(C)C)C)(CC)O,1,23,48
984,C1=C(C(=CC(=C1[S](NC)(=O)=O)N)OC)C(NCC2N(CCC2)CC=C)=O,1,26,54
985,C1=CC=C3C2=C1C(N(CC(O)=O)C(C2=CC=C3)=O)=O,1,19,42
986,[C@H]23C([C@@]1(OC(O[C@@H]1C2)(CC)CC)C(=O)CO)(C[C@H](O)[C@@]4(F)C3CCC5=CC(=O)C=CC45C)C,1,33,74
987,[C@H]24C([C@@]1(O[C@@](O[C@@H]1C2)(C3=CC=CC=C3)C)C(=O)CO)(C[C@H](O)[C@@]5(F)C4CCC6=CC(=O)C=CC56C)C,1,36,82
988,[C@@]45([C@@]3([C@H]([C@H]2[C@]([C@@]1(C(=CC(=O)C=C1)CC2)C)(F)[C@H](C3)O)C[C@H]4OC6(O5)CCCC6)C)C(COC(C)=O)=O,1,36,82
989,[C@H]12[C@@]([C@](OC(=O)CC)([C@H](C1)C)C(=O)COC)(C[C@H](O)[C@@]3(F)[C@H]2CCC4=CC(=O)C=C[C@]34C)C,1,33,72
990,C1=C(C(=C(C=C1)C)NC(C2=CC=C(N)C=C2)=O)C,1,18,38
991,[C@H]4(CC3C2=C1C(=C[N](C1=CC=C2)C(C)C)CC3N(C4)C)C(NC5CCCCC5)=O,1,29,66
992,C2=C(C(NC(CC1=CC=CC=C1)C)C#N)C=CC=C2,1,19,40
993,C3=C2C([NH2+]CCCCCCC(O)=O)C1=CC=CC=C1CCC2=CC=C3.[Cl-],1,26,54
994,C1=C([S](CC)(=O)=O)C(=CC(=C1C(NCC2N(CCC2)CC)=O)OC)N,1,25,52
995,C1=CC=CC2=C1C(C3=C(CC2)C=CC=C3)=CCC[N+](C)(C)[O-],1,22,48
996,C1=CC=CC=C1C(CN2CCCC2)OCCC(C)C,1,19,40
997,C3=C(C(C1=CC=C(C=C1)F)CCCN2CCN(C(NCC)=O)CC2)C=CC(=C3)F,1,29,62
998,C1=C(C=CC=C1N2C(C=CC=C2)=O)N,1,14,30
999,CN(C)c1cnccn1,1,9,18
1000,C(C(C)(C)O)C,1,6,10
1001,C3=C(CCN1CCC(CC1)(C2=CC=CC=C2)C(OCC)=O)C=CC(=C3)N,1,26,56
1002,C1=CC(=CC=C1C(N2C(CCC2)=O)=O)OC,1,16,34
1003,COc2cc1oc(=O)c(C)c(C)c1cc2OCCCN3CCN(CC3)c4ccccc4OC,1,33,72
1004,[C@H](N1C3=C(SC2=C1C=CC=C2)C=CC(=C3)C(=O)NCCC)(CN4CCCC4)C,1,28,62
1005,C(C1(C(NC(=O)NC1=O)=O)C(C)C)C=C,1,15,30
1006,C1=C4C(=CC=C1OCCCCN3CCN(C2=CC=CC(=C2Cl)Cl)CC3)CCC(N4)=O,1,30,66
1007,C(O)C(O)C1OC(=C(O)C1=O)O,1,12,24
1008,C1=CC=CC(=C1C(O)=O)OC(C)=O,1,13,26
1009,C1=CC=CC(=C1C(NC2=C(C=C(N(CC)CC)C=C2)C)=O)N,1,22,46
1010,C1=CC=CC=C1C(C(OC2CC3N(C)C(C2)CC3)=O)(CO)C,1,22,48
1011,C1=CC=CC=C1C(C(OC2CC3[N+](C(C2)CC3)(C)[O-])=O)CO,1,22,48
1012,[C@@H](C(NCC(N(C1=CC=C(C=C1C(C2=CC=CC=C2)=O)Cl)C)=O)=O)(CCCCN)N,1,30,62
1013,C1=CC(=CC5=C1N(C4CCN(CC3OC2=C(C=CC=C2)OC3)CC4)C(N5)=O)Cl,1,28,64
1014,C1=CC(=CC=C1[S](N2CC3CCC(C2)CC3)(=O)=O)N,1,19,42
1015,C1=CC(=CC=C1C(CCCN2CC3N(CC2)CCC3)=O)F,1,21,46
1016,C3=C(C(O)(C1=CC=CC=C1)C2CCNCC2)C=CC=C3,1,20,44
1017,O=C1NCCN1C4CCN(CCC3COc2ccccc2O3)CC4,1,24,54
1018,C1=CC=CC2=C1C3N(CC2)CCNC3,1,14,32
1019,C1=CC=CC2=C1[N]3C(=C2)CNCCC3,1,14,32
1020,CN(CCc2cc3cccc4CCc1ccccc1n2c34)Cc5ccccc5,1,28,64
1021,[C@H]13[C@H](C[C@@H]1C2=CC=C(F)C=C2)CN(C3)CCN4C(=O)C5=C(NC4=O)C=CC=C5,1,28,64
1022,C1=CC=CC=C1CC2=NC3=C([N]2CCN(CCO)CC)C(N(C)C(N3C)=O)=O,1,28,60
1023,C(C1(C(NC(=O)NC1=O)=O)CC)C,1,13,26
1024,C1=CC=CC3=C1N=C([N]2C(=NC(=N2)C)C3)N4CCN(C)CC4,1,22,50
1025,C1=CC=CC=C1CNC(CCCl)=O,1,13,26
1026,[C@]23([C@H]([C@H]1[C@]([C@](C(CO)=O)(O)[C@H](C1)C)(C)C[C@@H]2O)CCC4=CC(=O)C=C[C@]34C)Cl,1,28,62
1027,[C@@H]2(CN(C1=CC=C(C=C1)OCC[C@H](C(F)(F)F)O)C(O2)=O)COC,1,24,50
1028,C(C1(CC(NC(C1)=O)=O)C)C,1,11,22
1029,C2=C(CN(C(=C(SC(=O)C1=CC=CC=C1)/CCO[P](=O)(O)O)/C)C=O)C(=NC(=N2)C)N,1,31,64
1030,C1=CC=CC(=C1C(OC2=CC=C(NC(C)=O)C=C2)=O)OC(C)=O,1,23,48
1031,C4=C(C2=C1C3=C(SC1=NC(=O)CN2)CCCC3)C=CC=C4,1,21,48
1032,C3=C(C(SC(/CCOC(C1=CC=CC=C1)=O)=C(N(CC2=C(N=C(N=C2)C)N)C=O)/C)=O)C=CC=C3,1,35,74
1033,C1=CC=C(Cl)C3=C1\C(C2=CC=CC=C2C=C3)=C/CC[N+]([O-])(C)C,1,23,50
1034,[Cl].C1=CC=CC2=C1[N](C=C2CCC3=CC=NC=C3)CC4=CC=CC=C4,1,25,54
1035,C(C1=CC=CC=C1)O,1,8,16
1036,[C@@H]4(C1=C2C(=CC(=C1)Br)CCO2)C3=C(C=C(Cl)C(=C3)O)CCN(C4)C,1,24,54
1037,[C@H](O)(/C=C/C1=C(C3=C(OC12CCCC2)C=CC=C3)C4=CC=C(F)C=C4)C[C@H](O)CC(OCC)=O,1,34,74
1038,[C@]4([C@@]3([C@H]([C@H]2[C@]([C@@]1(C(=CC(=O)C=C1)CC2)C)(F)[C@H](C3)O)C[C@@H]4C)C)(OC(C5=CC=CC=C5)=O)C(CO)=O,1,36,80
1039,[C@]14([C@@]([C@@H](C)C[C@H]1[C@H]3[C@]([C@@]2(C(=CC(=O)C=C2)CC3)C)(F)[C@H](C4)O)(OC(CCCC)=O)C(CO)=O)C,1,34,74
1040,O=C2CC1(CCCC1)CC(=O)N2CCNCC4COc3ccccc3O4,1,26,58
1041,C(C2C1C(NC(N1)=O)CS2)CCCC(O)=O,1,16,34
1042,S1[C@H]4N(CC1(C2CN3[C@H](S2)CC3=O)O)C(C4)=O,1,17,40
1043,C1=CC=CC2=C1C4=C([NH]2)CN3CCN(CC3C4)CCCC(C5=CC=C(C=C5)F)=O,1,29,66
1044,C1=NC(=NC(=C1CN(C(=C(SSC(=C(\C)N(C=O)CC2=C(N)N=C(C)N=C2)/CCOC(=O)C3=CC=CC=C3)/CCOC(=O)C4=CC=CC=C4)\C)C=O)N)C,1,54,114
1045,[C@H](CCCNC(C)=O)(C(O)=O)NC(C)=O,1,15,28
1046,C1=C(C3=C(N=C1N2CCN(CC)CC2)CCCCCC3)C4=CC=C(F)C=C4,1,27,60
1047,[C@@]23(C([C@H](N(CC1(CC1)O)CC2)CC4=C3C=C(C=C4)O)(C)C)CC,1,23,52
1048,C1=CC(=CC2=C1NC(=O)OC2(C)C)Br,1,14,30
1049,CC(C(C(NC(N)=O)=O)Br)C,1,11,20
1050,C(Br)(Br)Br,1,4,6
1051,C1=C(C(=C(C=C1Br)C)O)C(N)=O,1,12,24
1052,C2=C(C1C(NC(C1)=O)=O)C=CC=C2Br,1,14,30
1053,C1=C(Br)SC2=C1C(=NCC3=NN=C([N]23)C)C4=C(C=CC=C4)Cl,1,22,50
1054,[C@@H](CC[N]2C1=C(C(N=C(N1)N)=O)N=C2)(CO)O,1,17,36
1055,C1=C(C=CC(=C1)NC(C)=O)OC(C)(C)C,1,15,30
1056,[C@]1(O)(C[C@@H]4N(CC1)C[C@@H]2C5=C(CCC3=CC=CC=C23)C=CC=C45)C(C)(C)C.[H+].[Cl-],1,29,62
1057,C1=C(C(CCC)=O)C=CC3=C1N(C2=C(C=CC=C2)S3)CCCN4CCN(C)CC4,1,29,64
1058,C(C(CCCC)CC)NC(CC(C)O)=O,1,15,28
1059,[C@]235[C@]([C@H](N(CC1CCC1)CC2)CC4=C3C=C(O)C=C4)(CCCC5)O,1,24,56
1060,[C@@H]34C1=CC=CC2=C1C(=C[NH]2)C[C@H]3N(C[C@@H](C4)C(N(C(NCC)=O)CCCN(C)C)=O)CC=C,1,33,72
1061,C1=NC3=C([N]1CCNC(C(C2=CC=CC=C2)O)C)C(N(C)C(N3C)=O)=O,1,26,56
1062,C1=C(Cl)C=CC2=C1C(=NC(OC(N(C)C)=O)C(N2C)=O)C3=CC=CC=C3,1,26,56
1063,CC12C(C(CC1=O)CC2)(C)C,1,11,24
1064,C1=C(C(=CC=C1C(/CCCCC)=N\OCCN)C)N,1,19,38
1065,C1=CC(=CC=C1C(C2=CC=CC=C2)SCCN(C)C)SCCCC,1,24,50
1066,C(C1(C(NC(=O)NC1=O)=O)CCCC)COC(N)=O,1,19,38
1067,C1=C(Cl)C=CC2=C1C(N(CC(=O)N2C)C(N)=O)C3=CC=CC=C3,1,23,50
1068,C1=C(C(OC(N)=O)C#C)C=CC=C1,1,13,26
1069,O=C(C4N(C12CC3CC(C1)CC(C2)C3)CC4)O,1,17,40
1070,C1=CC=CC2=C1CN(CC(N)=O)C(O2)=O,1,15,32
1071,C2=C(C(CCCN1CCC(OC(NC(C)C)=O)CC1)=O)C=CC(=C2)F,1,25,52
1072,C1=C(C=CC3=C1N(CCCN2CCN(CC2)CCO)C4=C(S3)C=CC=C4)C(CC)=O,1,30,66
1073,C1=C(C=CC(=C1)[S](N)(=O)=O)C(O)=O,1,13,26
1074,[C@@H](C(C1=CC=CC=C1)=O)(C)N,1,11,22
1075,C1=CC(=CC=C1C3CN(CC(N2CC(NCC2)=O)=O)C(C3)=O)Cl,1,23,50
1076,OC1OC(COCCOC(O)C(Cl)(Cl)Cl)C(OC2OC(COCCOCCOC(O)C(Cl)(Cl)Cl)CC(OC(O)C(Cl)(Cl)Cl)C2O)C(OCCOCCOC(O)C(Cl)(Cl)Cl)C1O,1,61,124
1077,[C@@H](/C=C/C1=C(N=C(C(=C1C2=CC=C(C=C2)F)COC)C(C)C)C(C)C)(C[C@H](CC(O)=O)O)O,1,33,68
1078,CC1=CC(=NNC1=O)C,1,9,18
1079,C1=C(C(O)C(CO)NC(C(Cl)Cl)=O)C=CC(=C1)C(=O)C,1,20,40
1080,C1=C(CN(C(=C(SC(OCC)=O)/CCOC(OCC)=O)/C)C=O)C(=NC(=N1)C)N,1,29,58
1081,[C@@H]2(OC1O[C@@H](O[C@@H]1[C@H]2O)C(Cl)(Cl)Cl)[C@H](O)CO,1,17,36
1082,C(C(OC(C(Cl)(Cl)Cl)O)C)C(C)(C)O,1,14,26
1083,C1=CC(=CC=C1C2[S](CCC(N2C)=O)(=O)=O)Cl,1,17,36
1084,C(Cl)(Cl)Cl,1,4,6
1085,C1=C2C(=CC=C1)C(C=C(O2)C(O)=O)=O,1,14,30
1086,[C@@]45([C@@]3([C@H]([C@H]2[C@@H]([C@@]1(C(=CC(=O)C=C1)CC2)C)[C@H](C3)O)C[C@H]4O[C@H](O5)C6CCCCC6)C)C(COC(C(C)C)=O)=O,1,39,88
1087,C1=C(SC2=C1C(=NCC3=NN=C([N]23)C4CCCCC4)C5=CC=CC=C5Cl)Br,1,27,62
1088,[C@H]23C([C@@]1(OC(O[C@@H]1C2)(C)C)C(=O)COC(=O)C)(CC(O)[C@@]4(F)C3CC(=C5C4(CCC(=C5)OCCCl)C)C#N)C,1,39,86
1089,[C@@]1([C@H](C2CCC1CC2)NC(C)C)(C3=CC(=C(C=C3)Cl)Cl)O,1,21,46
1090,C(C1CCCCC1)NN,1,9,18
1091,CC(C(C1CCCCC1)O)C,1,11,22
1092,C1=CC(=CC=C1N2CC(COC)OC2=O)OCC3=CC(=CC=C3)C#N,1,25,54
1093,C1=C(C(=C(C=C1\C=C\C(N2CCCCCCC2)=O)OC)OC)OC,1,24,50
1094,C1=C(Cl)C=CC2=C1C(=NC(O)C(N2CCC#N)=O)C3=CC=CC=C3F,1,25,54
1095,C1=C(Cl)C=CC(=C1C(C2=C(C=CC=C2)Cl)=O)N(C(CNC3CC3)=O)C,1,25,54
1096,[C@]34([C@H](C2[C@@](F)([C@@]1(C(=CC(=O)C=C1)[C@@H](F)C2)C)[C@@H](O)C3)C[C@H]5OC(O[C@@]45C(=O)COC(=O)C6CC6)(C)C)C,1,37,84
1097,C1=C(C#N)C=CC3=C1C4=C(C2=C(C=CC=C2)S3)CCN(CC4)C,1,23,52
1098,C1=C(C(=CC(=C1Cl)N)OC)C(NC3CCN(CC2=CC=CC=C2)CC3)=O,1,26,56
1099,C1=C(C(=C(C=C1)Cl)NC2=NCCO2)Cl,1,14,30
1100,[C@@]23(F)[C@H]([C@H]1[C@@]([C@@]([C@H](C1)C)(O)C(=O)CCl)(CC2=O)C)CCC4=CC(=O)C=C[C@]34C,1,28,62
1101,[C@]4([C@@]3([C@H]([C@H]2[C@]([C@@]1(C(=CC(=O)C=C1)CC2)C)(F)C(C3)=O)C[C@@H]4C)C)(OC(CCC)=O)C(CCl)=O,1,33,72
1102,C1=C(Cl)C=CC4=C1N(CCCN3CCC(N2CCCCC2)(CC3)C(N)=O)C5=C(CC4)C=CC=C5,1,34,76
1103,[C@@]24(Cl)C1(C(=CC(=O)C=C1)[C@@H](F)CC2C3C(C([C@@H](C3)C)C(=O)CO)(CC4O)C)C,1,28,62
1104,[C@H]2(C1=CC(C=C[C@@]1(C4([C@@H](C2)[C@@H]3C[C@H]([C@H](C(COC(=O)C)=O)[C@@]3(C)C[C@@H]4O)C)Cl)C)=O)F,1,31,68
1105,[C@@]24(Cl)C1(C(=CC(=O)C=C1)[C@@H](F)CC2C3C(C([C@@H](C3)C)C(=O)COC(=O)C(C)(C)C)(CC4O)C)C,1,34,74
1106,C1=C(Cl)C=CC3=C1N(C2=CC=CC=C2)C(=O)N3CCCN(C)C,1,23,50
1107,C2=C(C1(OCCN(CC)CC)CCCCC1)C=CC(=C2)Cl,1,21,44
1108,C1=C(C(=CC=C1C3(CCN(CCCC(C2=CC=C(F)C=C2)=O)CC3)O)Cl)C(F)(F)F,1,30,64
1109,C1=C(Cl)C=CC3=C1\C(C2=C(C=CC=C2)S3)=C/CCN4CCN(CCO)CC4,1,27,60
1110,C1=CC=CC4=C1C(N(CCCN3CCN(C2=CC(=CC=C2)Cl)CC3)C(N4)=O)=O,1,28,62
1111,[C@H]24[C@H]1[C@@]([C@](C(CO)=O)(O)CC1)(C[C@@H]([C@@H]2[C@@]3(C(=CC(=O)C=C3)C(=C4)Cl)C)O)C,1,27,60
1112,C(C(Cl)(Cl)Cl)OC(OCC(Cl)(Cl)Cl)=O,1,14,26
1113,C1=C(C(=CC(=C1)Cl)Cl)OCCCN(CC#C)C,1,17,34
1114,C3=C(C(C2CCN(CCCC(C1=CC=C(F)C=C1)=O)CC2)=O)C=CC(=C3)Cl,1,27,58
1115,C1=C(Cl)C=CC4=C1C(N2CCN(C)CC2)CC3=C(C=CC=C3)S4,1,23,52
1116,C1=C(CC)SC2=C1C(=NCC(N2C)=O)C3=CC=CC=C3Cl,1,21,46
1117,[C@]34([C@H](C2[C@@](F)([C@@]1(C(=CC(=O)C=C1)[C@@H](F)C2)C)[C@@H](O)C3)C[C@H]([C@]4(OC(=O)CC)C(SCCl)=O)C)C,1,34,74
1118,CNC(=O)CCN1CCN(CCC=C2c3ccccc3Sc3ccc(cc23)Cl)CC1,1,30,66
1119,C1=C(O)C=CC4=C1C3(C(C(N(CC2CCC2)CC3)C4)(C)C)CC,1,23,52
1120,[C@H]12C5CC4=C3[C@]1([C@H](C(C[C@@H]2CC)=O)OC3=C(C=C4)OC)CCN5CC6CC6,1,27,64
1121,CC1CC2C3CC(F)(F)C4=CC(=O)C=C[C@]4(C)C3(F)C(O)CC2(C)C1(O)C(=O)CO,1,30,66
1122,C(O)C(=O)C4(O)C3(C(C2C(C1(C(=CC(=O)CC1)CC2)C)CC3)CC4)C,1,25,56
1123,[C@]34([C@H]([C@H]2[C@@H]([C@@]1(C(=CC(=O)CC1)CC2)C)C(C3)=O)CC[C@@]4(C(COC(C)=O)=O)O)C,1,29,64
1124,[C@H]37[C@H]2[C@@]([C@](C(COC(C1=CC(=CC=C1)[S](O)(=O)=O)=O)=O)(O)[C@@H](C2)C)(C[C@@H]([C@@H]3[C@@]4(C(=CC5=C(C4)C=N[N]5C6=CC=CC=C6)C(=C7)C)C)O)C,1,48,108
1125,[C@H]26[C@H]1[C@@]([C@](C(COC(C)=O)=O)(O)[C@@H](C1)C)(C[C@@H]([C@@H]2[C@@]3(C(=CC4=C(C3)C=N[N]4C5=CC=CC=C5)C(=C6)C)C)O)C,1,39,88
1126,C1=CC=NC=C1C2N(C(=O)CC2)C,1,13,28
1127,C1=CC=CC2=C1C(C3=C(CC2)C=CC=C3)=CC(CN(C)C)=O,1,22,48
1128,CC2(CC(OC(C1NC(=O)CC1)=O)CC(C2)C)C,1,18,38
1129,C(C(N(C(\C=C\C)=O)CC)C(N(C)C)=O)C,1,16,30
1130,C1=CC=CC=C1NC(OCC3(COC(NC2=CC=CC=C2)=O)CCCC3)=O,1,27,58
1131,C1=CC=CC2=C1C3=C([NH]2)CCC(C3)N(C)C,1,16,36
1132,C(C2(C1=CCCCC1)C(NC(=O)NC2=O)=O)C,1,17,36
1133,C1=CC=CC2=C1C(C3=C(C=C2)C=CC=C3)=CCCN(C)C,1,21,46
1134,[C@]23(C1(C(C1)CC2)[C@H](O)C[C@@H]4[C@@H]3CC[C@]5([C@H]4CC[C@@H]5C(=O)C)C)C,1,23,54
1135,C1=NC(=NC(=C1CN(C(/C)=C2\CCOC(=O)S2)C=O)N)C,1,21,44
1136,C1=CC=CC3=C1C(C2=C(C=CC=C2)CC3)C(N)=O,1,18,40
1137,[C@@]135C67[C@@H](N(CC1)CC2CC2)CC4=CC=C(O)C(=C34)O[C@@H]5C(OC)(C(C6)C(O)(C)C)C=C7,1,31,74
1138,C(C1CCCCC1)CC(OCCN(C)C)=O,1,16,32
1139,C4=C(C(C2C(C1=CC=NC=C1)C2)(C3=CC=CC=C3)O)C=CC=C4,1,23,52
1140,C1=CC(=CC=C1C23C(C(=O)NC2=O)C3)Cl,1,15,34
1141,C1=CC=CC3=C1N(C2=C(C=CC=C2)S3)C(CN(C)C)=O,1,20,44
1142,C1=CC(=CC=C1C(C2=NCCN2)(C3=NC=CC=C3)O)Cl,1,20,44
1143,C1=C(C(N)=O)C=C(C(=C1OC)OCCCCCCCCCC)OC,1,24,48
1144,C1=C(C(=CC=C1C)CC2=CC=CC=C2)N3CCNCC3,1,20,44
1145,C3=C(C1=C2C(=NC(=O)CN1O)C=CC(=C2)Cl)C=CC=C3,1,20,44
1146,C1=NC2=C([N]1CC(C)=O)C(N(CCCC)C(N2CCCC)=O)=O,1,23,48
1147,CC(=O)C3(O)CCC4C2CCC1=CC(=O)C=CC1(C)C2C(O)CC34C,1,25,56
1148,C1=NC(=NC2=C1N=C[N]2COCCO)N,1,15,32
1149,[C@H]34[C@H]2[C@@](F)([C@@]1(C(=CC(=O)C=C1)CC2)C)[C@@H](O)C[C@@]3([C@](O)([C@H](O)C4)C(=O)C)C,1,27,60
1150,[C@]12(OC(O[C@@H]1C[C@@H]3C2(CC(O)[C@H]4C3CCC5=CC(=O)C=CC45C)C)(C)C)C(=O)CO,1,30,68
1151,[C@H]23[C@@]([C@@]1(C(=CC(=O)C=C1)CC2)C)([C@H](C[C@]4([C@H]3C[C@@H](C)[C@@H]4C(CO)=O)C)O)F,1,27,60
1152,C2=C(CC1=CN=C[NH]1)C(=C(C=C2)C)C,1,14,30
1153,[C@]4([C@@]3([C@H]([C@H]2[C@]([C@@]1(C(=CC(=O)C=C1)CC2)C)(F)[C@H](C3)O)C[C@H]4C)C)(OC(C5=CC=CO5)=O)C(COC(C)=O)=O,1,38,84
1154,[C@@H]3(C1=CC=CC=C1)CN2CCSC2=N3,1,14,32
1155,C3=C(C1N2C(=NC1)NCC2)C=CC=C3,1,14,32
1156,[C@@H]1(NCCCC1)[C@@H]2OC(OC2)(C3=CC=CC=C3)C4=CC=CC=C4,1,23,52
1157,[C@@]23(Cl)C(C1C([C@](O)(CC1)C(=O)CO)(CC2Cl)C)CCC4=CC(=O)C=CC34C,1,27,60
1158,[C@@]23(Cl)C(C1C([C@](O)(CC1)C(=O)COC(=O)C)(CC2Cl)C)CCC4=CC(=O)C=CC34C,1,30,66
1159,C1=C(Cl)C=C(C(=C1C(NCCN(CC)CC)=O)OC)Cl,1,20,40
1160,[C@]23([C@@H]1[C@@H](C(=CO[C@H]1OC(=O)CC(C)C)COC(=O)CC(C)C)C[C@@H]2OC(=O)C)OC3,1,30,64
1161,C2=C(C1(C(N(C(=O)N(C1=O)CC(COCCCC)OC(N)=O)CC(COCCCC)OC(N)=O)=O)CC)C=CC=C2,1,41,84
1162,C4=C(C(C1=CC=C(C=C1)F)CCCN3CCN(CCNC2=CC=CC=C2)CC3)C=CC(=C4)F,1,33,72
1163,[C@@]24(F)C1(C(=CC(=O)C=C1)[C@@H](F)CC2C3C(C([C@@H](C3)C)C(=O)CO)(CC4O)C)C,1,28,62
1164,[C@H]23[C@@]([C@@]1(C(=CC(=O)C=C1)[C@H](C2)F)C)([C@H](C[C@]4([C@H]3C[C@@H](C)[C@@H]4C(COC(C(C)(C)C)=O)=O)C)O)F,1,34,74
1165,C1=CC=CC3=C1N(C2=C(C=CC=C2)S3)CC4(CN(C)CC4)C,1,22,50
1166,CC1(C(NC(O1)=O)=O)C,1,9,18
1167,C1=NC2=C([N]1CCN(C)C)C(N(C)C(N2C)=O)=O,1,18,38
1168,CN(C(C)CC1=CC=CC=C1)C,1,12,24
1169,O=C2N1C(NC(=O)C1)CC2,1,10,22
1170,C(C1(OC(COC(N)=O)CO1)C)CCCCCCCC,1,20,40
1171,C2=C(C(C1=CC=CC=C1)(CC(NNC(C)=O)=O)O)C=CC=C2,1,22,46
1172,[C@]235[C@@]67[C@H](N(CC1CC1)CC2)CC4=C3C(=C(C=C4)O)O[C@H]5[C@](OC)([C@H](C6)C(C)(C)O)CC7,1,31,74
1173,C1=C(N=C2[N]1C(=C(CC)C(=N2)OC)C)C(C3=CC=CC=C3)=O,1,22,48
1174,C1=CC=CC2=C1C3(C4=C(CC2N3)C=CC=C4)C,1,17,40
1175,[C@]4([C@@]3([C@H]([C@H]2[C@@H]([C@@]1(C(=CC(=O)C=C1)CC2)C)[C@H](C3)O)CCC4)C)(OC(CCC)=O)C(C)=O,1,31,68
1176,[H+].C1=C(OC)C(=CC2=C1C(=O)C(C2)CC3CCN(CC3)CC4=CC=CC=C4)OC.[Cl-],1,30,62
1177,C4=C(CCNC(C12CC3CC(C1)CC(C2)C3)=O)C=CC(=C4O)O,1,23,52
1178,C1=CC=CC=C1C2(C(CN(C2=O)CC)CCN3CCOCC3)C4=CC=CC=C4,1,28,62
1179,[C@@]123C4=C(C[C@H]([C@@]1(CC[C@H](C2)O)O)N(CC3)C)C=CC(=C4OC)OC,1,24,54
1180,C1=CC=C3C(=C1OC(C2=CC=CS2)CCNC)C=CC=C3,1,21,46
1181,C1=C(C(F)(F)F)C=CC3=C1N(C2=C(C=CC=C2)S3)CCCN5CCC(C(C4=CC=C(F)C=C4)=O)CC5,1,36,80
1182,C(N1C(CCC1)=O)C(NNC(CN2C(CCC2)=O)=O)=O,1,20,42
1183,[C@H]2(N(C1=CC=C(C(=C1)Cl)Cl)C(CC)=O)[C@@H](CCC2)N(C)C,1,21,44
1184,C2=C(N1N=C(C)CC1=O)C=CC=C2,1,13,28
1185,C1=CC=CC=C1C(C)[N]2C=CN=C2C,1,14,30
1186,C1=CC(=CC3=C1\C(C2=CC=CC=C2N3)=C/CN(CC)CC)Cl,1,22,48
1187,C1=C(Cl)C=CC2=C1C(=NCC(N2CC[S](CC)(=O)=O)=O)C3=CC=CC=C3F,1,27,58
1188,C1=C(C2=C(C=C1)C=CO2)N5CCN(CC3=CC=C([NH]3)C4=CC=C(C=C4)F)CC5,1,28,64
1189,C1=C(C2=C(C=C1)OCCO2)N3CCNCC3,1,16,36
1190,C1=C(C=CC=C1C(CNC(CCCO)=O)(CC)CC)OC,1,21,42
1191,C3=C(N2CCN(CC(COC1=CC(=C(OC)C(=C1)OC)OC)O)CC2)C(=CC=C3)OC,1,31,66
1192,C1=CC=CC=C1CN(C2CC2)C(OCC)=O,1,16,34
1193,C3=C(C2=CC=C(N1CCC(O)CC1)N=N2)C(=CC(=C3)Cl)Cl,1,21,46
1194,[C@@H]1([C@@H]([C@H]2C=C[C@@H]1C2)C(N(CC)CC)=O)C(N(CC)CC)=O,1,21,44
1195,CC3CC2C1CCC(C(C)=O)C1(C)CC(O)C2C4(C)C=CC(=O)C=C34,1,25,56
1196,C3=C(OC2C1(NC(=O)C(O1)C)CCCC2)C=CC=C3Cl,1,20,44
1197,[C@@]12(C3=C(N(C)[C@H]1N(C)CC2)C=CC(=C3)OC(NCCCCCCC)=O)C,1,26,56
1198,C1=CC=CC3=C1C4=C(C2=C(C=CC=C2)N3C)CCN(CC4)C,1,22,50
1199,C1=C(C(C)=O)C=CC(=C1C(NCC2N(CCC2)CC)=O)OC,1,22,46
1200,C1=NC2=C([N]1CCN(CC)CC)C(N(C)C(N2C)=O)=O,1,20,42
1201,C1=C(Cl)C=CC3=C1C(C2=CC=CC=C2)SC(=N3)NCC,1,20,44
1202,C1=CC=CC2=C1C(C3=C(N(C)C2=O)C=CC=C3)OCC,1,20,44
1203,[H+].C2=C1OCC(OC1=C(C=C2)OCC)CNCCCC.[Cl-],1,21,40
1204,C(C)Cl,1,3,4
1205,C=C,1,2,2
1206,C(C1(C(C(=CNC1=O)C)=O)CC)C,1,13,26
1207,C2=C(C1(CCCCC1)NCC)C=CC=C2,1,15,32
1208,[H+].C2=C1C(OC(=NC1=CC=C2Cl)NCC)(C3=CC=CC=C3)C.[Cl-],1,23,46
1209,C(C(N1C(CCC1)=O)C(N)=O)C,1,12,24
1210,[C@@H]34C1=CC=CC2=C1C(=C[NH]2)C[C@H]3N(C[C@H](C4)N[S](N(CC)CC)(=O)=O)C,1,26,58
1211,C3=C(C(N1CCN(CC1)CCOCCOCCO)C2=CC=CC=C2)C=CC(=C3)Cl.O=C(O)\C=C\C(O)=O,1,37,76
1212,C1=C(C=CC=C1N3CCN(CCCN2C(N(C(=N2)CC)CC)=O)CC3)Cl,1,26,56
1213,C2=CC(=C3OC5C14C6(C(N(CC1)C)CC2=C34)CC(C5(OC)C=C6)C(O)(CCC)C)O,1,30,70
1214,C3=C(C2(OC(C1CCCCN1)CO2)CC)C=CC=C3,1,19,42
1215,C1=NC2=C([N]1CCC(COC(C)=O)COC(C)=O)N=C(N)N=C2,1,23,48
1216,C1=CC=CC2=C1C3=C(C(=O)N2CCCN(C)C)C=CC=C3,1,21,46
1217,C1=C(N=C2[N]1C(=C(CC)C(=N2)OC)C)C3=NOC(=N3)C,1,20,44
1218,[C@H]1(NC(=O)CC1)C(=O)N2CCCCC2,1,14,30
1219,C2=C(C1(C(N(CC(COCCCC)OC(N)=O)C(=O)NC1=O)=O)CC)C=CC=C2,1,29,60
1220,C1=C(C(COC(N)=O)COC(N)=O)C=CC=C1,1,17,34
1221,C3=C(C2C(COC1=CC=C(OC)C=C1)CN(C)CC2)C=CC=C3,1,23,50
1222,C1=CC(=CC=C1C(CCCN3CCN(C(OC2CCCCC2)=O)CC3)=O)F,1,27,58
1223,C3=C(C1C(N(CCO1)CCOC(C(C2=CC=CC=C2)CC)=O)C)C=CC=C3,1,27,58
1224,C3=C(C1C(NCC)C2CC1CC2)C=CC=C3,1,16,36
1225,C2=C(\C(NCCCC)=C\1C=C(Cl)C=CC1=O)C(=CC=C2)Cl,1,21,44
1226,C4=C3[NH]C1=C(CCNC1CC2=CC=CC=C2)C3=CC=C4,1,20,46
1227,C2=C(C1(C(C(=O)NC1=O)CC)C)C=CC=C2,1,16,34
1228,C1=C(C(=CC=C1OCC2=NCCN2)Cl)Cl,1,15,32
1229,C1=CC=CC=C1C2C(NC(=O)CO2)C,1,14,30
1230,C1=C(C=CC=C1NC(NC2=NC(=O)CN2C)=O)Cl,1,18,38
1231,C1=CC=CC=C1C2C(N=C(O2)NCC)=O,1,15,32
1232,C1=CC(=CC=C1C(CC(C)(C)O)(C)O)Cl,1,15,30
1233,C3=C(C1=NC(=N[N]1C)C2=CC=CN=C2)C(=CC=C3)CO,1,20,44
1234,C1=C4C(=CC(=C1)CN3CCN(C(COC2=CC=C(Cl)C=C2)=O)CC3)OCO4,1,27,60
1235,C1=C(C(CNC(C)(C)C)O)C(=CC=C1)F,1,15,30
1236,[C@@H](C1=CC=C(C=C1)[S](C)(=O)=O)([C@H](NC(C(Cl)Cl)=O)CF)O,1,21,42
1237,C1=C(C(F)(F)F)C=CC3=C1N(C2=C(C=CC=C2)S3)C(CCN(CC)CC)=O,1,27,58
1238,[C@@]34(F)C(C2C(C1(N=C(OC1C2)C)C(=O)COC(=O)C)(CC3O)C)CCC5=CC(=O)C=CC45C,1,33,74
1239,CCOC(=O)N(CCN(C)C)c1cccc(c1)C(F)(F)F,1,21,42
1240,C1=C(C(=CC=C1[S](N)(=O)=O)OC)C(NCC3N(CC2=CC=C(F)C=C2)CCC3)=O,1,29,62
1241,[C@@]23(Cl)C1(C(=CC(=O)C=C1)[C@@H](F)CC2C5C(CC3Cl)([C@]4(C(=O)CO)OC(O[C@@H]4C5)(C)C)C)C,1,32,72
1242,[C@H]23[C@@]([C@@]1(C(=CC(=O)CC1)CC2)C)([C@H](C[C@]4([C@H]3CC[C@@]4(C(CO)=O)O)C)O)F,1,27,60
1243,[C@H]23[C@@]([C@@]1(C(=CC(=O)CC1)CC2)C)([C@H](C[C@]4([C@H]3CC[C@@]4(C(COC(C)=O)=O)O)C)O)F,1,30,66
1244,C1=C(F)C=CC2=C1NC(=C3C(=N2)SC(=C3)C)N4CCN(CC4)C,1,23,52
1245,[C@]12(OC(O[C@@H]1CC3C2(CC(O)[C@@]4(F)C3C[C@H](F)C5=CC(=O)C=CC45C)C)(C)C)C(=O)C(OC)OC,1,35,78
1246,[C@@]45([C@@]3([C@H]([C@H]2[C@]([C@@]1(C(=CC(=O)C=C1)[C@H](C2)F)C)(F)[C@H](C3)O)C[C@H]4OC(O5)(C)C)C)C(COC(C)=O)=O,1,35,78
1247,CCCCOC(=O)C(=O)C3C(C)CC4C2CC(F)C1=CC(=O)C=CC1(C)C2C(O)CC34C,1,32,70
1248,CCCCCC(=O)OCC(=O)C3C(C)CC4C2CC(F)C1=CC(=O)C=CC1(C)C2C(O)CC34C,1,34,74
1249,C1=CC(=CC=C1[S](CC)(=O)=O)F,1,12,24
1250,[C@]23([C@H]([C@H]1[C@]([C@@](OC(C)=O)(C(C)=O)CC1)(C)C[C@@H]2O)C[C@H](C)C4=CC(=O)C=C[C@]34C)F,1,30,66
1251,[C@@H]1(C3=C([C@H](C2=C1C=CC=C2)C)C=CC(=C3)C(F)(F)F)CCCN(C)C,1,25,54
1252,C2=C(C(OC1=CC=C(C=C1)C(F)(F)F)CCNC)C=CC=C2,1,22,46
1253,C1=C(C(F)(F)F)C=CC3=C1N(C2=C(C=CC=C2)S3)CCCN4CCN(CCOC(CCCCCC)=O)CC4,1,38,82
1254,C1=CC=CC3=C1N(CCCN2CCC(OCCO)CC2)C4=C(S3)C=CC(=C4)C(F)(F)F,1,31,68
1255,C1=C(C=CC=C1N2CCN(CCNC(N)=O)CC2)C(F)(F)F,1,22,46
1256,C1=CC=CC=C1N2C5(C(NC2)=O)CCN(CCCC(C3=CC=C(C=C3)F)C4=CC=C(C=C4)F)CC5,1,35,78
1257,C1=C(Cl)C=CC2=C1C3(N(CC(=O)N2CCO)CCO3)C4=CC=CC=C4F,1,26,58
1258,CN2C(=O)C(O)N=C(c1ccccc1F)c3cc(Cl)ccc23,1,22,48
1259,CC4CC3C2CC(F)C1=CC(=O)C=CC1(C)C2(F)C(O)CC3(C)C4(O)C(=O)SCF,1,30,66
1260,[C@]4([C@@]3([C@H]([C@H]2[C@]([C@@]1(C(=CC(=O)C=C1)[C@H](C2)F)C)(F)[C@H](C3)O)C[C@H]4C)C)(OC(CC)=O)C(SCF)=O,1,34,74
1261,C1=C(C(F)(F)F)C=CC3=C1N(C2=C(SC=C2)S3)CCCN4CCN(CCO)CC4,1,29,64
1262,C1=C(C(OCC)=O)[N](C=N1)C(C)C2=CC=C(C=C2)F,1,19,40
1263,C1=CC(=CC2=C1[N](C4=C2CN(CCCC(C3=CC=C(C=C3)F)O)CC4)C5=CC=C(F)C=C5)F,1,33,74
1264,[C@@H](O)(/C=C/C1=C(C2=C([N]1C(C)C)C=CC=C2)C3=CC=C(F)C=C3)C[C@H](O)CC(=O)O,1,30,64
1265,C1=C(C(F)(F)F)C=CC(=C1)C(=N/OCCN)/CCCCOC.O=C(O)\C=C/C(=O)O,1,30,58
1266,C2=C(OC1CN(C(NC)=O)C1)C=CC=C2C(F)(F)F,1,19,40
1267,[C@H](NC(C3=CC=C(NCC1=NC2=C(N=C1)NC(=NC2=O)N)C=C3)=O)(CCC(O)=O)C(O)=O,1,32,68
1268,[C@]12(OC(O[C@@H]1CC3C2(CC(O)[C@@]4(F)C3CC(=C5C4(CCC(=C5)OCCCl)C)C=O)C)(C)C)C(=O)COC(=O)C,1,39,86
1269,C1=CC(=CC2=C1N(C(CN=C2C3=CC=CC=C3)=O)C[P](C)(C)=O)Cl,1,24,52
1270,C1=CC=CC=C1[P](C2=CC=CC=C2)(CC(NN)=O)=O,1,19,40
1271,[C@@H]1([P](O)(O)=O)[C@H](C)O1,1,8,16
1272,C1=CC=CC=C1C3(C2=CC=CC=C2)C(N(CO[P](O)(O)=O)C(N3)=O)=O,1,25,54
1273,C1=C(C(F)(F)F)C=CC3=C1N(C2=C(C=CC=C2)S3)C(CCN4CCN(C)CC4)=O,1,29,64
1274,C1=C(C(F)(F)F)C=CC3=C1N(C2=C(C=CC=C2)S3)C(CCN4CCN(CCO)CC4)=O,1,31,68
1275,C1=C(Cl)C=CC3=C1N(C2=C(C=CC=C2)S3)CCCN5CCC(C4C(OCC4)=O)(O)CC5,1,31,70
1276,C1=NC(=NC(=C1CN(C(=C(SSCC2CCCO2)\CCO)/C)C=O)N)C,1,26,54
1277,O=C2C1=C(CNCC1)ON2,1,10,22
1278,[C@H]13[C@@H]([C@@]2([C@@H](CC1)C[C@](O)(CC2)C)C)CC[C@]4([C@H]3CC[C@@H]4C(=O)C)C,1,24,54
1279,C1=NC(=C(C2=C1[NH]C3=C2C(=CC=C3)OC4=CC=C(C=C4)Cl)COC)C(OC(C)C)=O,1,30,66
1280,C1=C(O)C=CC4=C1C3(C(C(N(CC2CC2)CC3)C4)(C)C)CC,1,22,50
1281,[H+].C1=CC=NC(=N1)N2CCN(CC2)CCCCN3C(=O)CC(CC3=O)(C)C.[Cl-],1,28,56
1282,C1=C(F)C=CC2=C1C3=C([NH]2)CCN(C3)CCCC4=CN=CC=C4,1,23,52
1283,C1=C(OC)C(=CC2=C1C(=NN=C(C2)C)C3=CC=CC(=C3)Cl)OC,1,23,50
1284,[C@@]45([C@@]3([C@H]([C@H]2[C@]([C@@]1(C(=CC(=O)CC1)CC2)C)(F)[C@H](C3)O)C[C@H]4OC(O5)(C)C)C)C(CCl)=O,1,31,70
1285,[C@H]23C(Cl)([C@@]1(C(=CC(=O)C=C1)[C@@H](F)C2)C)[C@@H](F)C[C@]4([C@H]3C[C@H]([C@@H]4C(=O)CO)C)C,1,28,62
1286,C1=CC(=CC4=C1N(C3CCN(CCNC(C2=CC=C(F)C=C2)=O)CC3)C(N4)=O)Cl,1,29,64
1287,C1=CC(=CC=C1C3(CCN(CCCC(C2=CC=C(C=C2)F)=O)CC3)OC(CCCCCCCCC)=O)Cl,1,37,78
1288,[C@]34([C@H]([C@H]2C([C@@]1(C(=CC(C(=C1)Br)=O)[C@@H](C2)F)C)([C@H](C3)O)F)CCC4(C(=O)CO)O)C,1,29,64
1289,C1=C(Br)C=CC3=C1C2(N(CCO2)CC(=O)N3)C4=C(C=CC=C4)F,1,23,52
1290,C2=C(C(C1=CC=CC=C1)(C(CCCCC)N)O)C=CC=C2,1,21,44
1291,C3=C2N(C1=CC=CC=C1C=CC2=CC=C3)CCCN4C=CN(CC=C4)CCO,1,28,62
1292,C1=CC(=C5C2=C1CC6C34C2(C(C(OC)(C(C3)C(CC)(C)O)C=C4)O5)CCN6CC7CC7)OC,1,33,78
1293,[C@H](C(NCCCC(O)=O)=O)(C(CO)(C)C)O,1,16,30
1294,[C@]34([C@H]([C@H]2[C@@H]([C@@]1(C(=CC(=O)CC1)CC2)C)[C@H](C3)O)CC[C@@]4(C(COC(CN(CC)CC)=O)=O)O)C,1,34,74
1295,[C@@]4([C@@]3([C@H]([C@H]2[C@@H]([C@@]1(C(=CC(=O)CC1)CC2)C)[C@H](C3)O)CC4)C)(C(COC(C)=O)=O)OC(CC)=O,1,33,72
1296,[C@]34([C@H]([C@H]2[C@@H]([C@@]1(C(=CC(=O)CC1)CC2)C)[C@@H](O)C3)CC[C@]4(O)C(=O)COC(=O)CCC(O)=O)C.O,1,34,72
1297,[C@@]4(OC(=O)CCCC)(C3(C(C2C(C1(C(=CC(=O)CC1)CC2)C)C(O)C3)CC4)C)C(=O)CO,1,32,70
1298,CC14CCC(=O)C=C1CCC5C3CCC(O)(C(=O)COC(=O)CCC2CCCC2)C3(C)CC(O)C45,1,35,78
1299,[C@@]125C3=C4C[C@H]([C@@]1(CC[C@@H]([C@@H]2OC3=C(C=C4)O)O)O)N(C)CC5,1,22,52
1300,C1=C(O)C=CC2=C1C(=C(C)[N]2CC3=CC=C(OC)C=C3)CCN,1,23,50
1301,C(C(C(C)C)(C(N)=O)Br)C,1,10,18
1302,C1=C(Cl)C=CC2=C1C(=NCC(N2CCOCC3CC3)=O)C4=CC=CC=C4,1,26,58
1303,[C@@H]2(OC1=C(C(=CC=C1)C)C)[C@@H](CNCC2)O,1,16,34
1304,C1=C3C(=CC=C1\C=C\C(N2CCCCC2)=O)OCO3,1,19,42
1305,C1=CC(=CC2=C1C(=NO2)C4CCN(CCCOC3=C(C=C(C(C)=O)C=C3)OC)CC4)F,1,31,68
1306,C1=C(Cl)C=CC3=C1N(C2=C(C=CC=C2)S3)CCCN5CCN(CCN4C(N(C)CC4)=O)CC5,1,33,74
1307,C2=C(N1C(N(CCN(C)C)CC1)=O)C=CC=C2Cl,1,18,38
1308,C1=CC=CC2=C1N(C3=C(CC2)C=CC=C3)CCC[N+](C)(C)[O-],1,22,48
1309,[C@@H]2(C1=CC=CC=C1[C@H](NC)C2)C3=CC=C(Cl)C(=C3)Cl.[H+].[Cl-],1,21,42
1310,C2=C(C1=C(C=CC1)C=C2)OCC3CNCCO3,1,17,38
1311,C1=CC(=CC2=C1[N](C(=C2CC(O)=O)C)C(C3=CC=C(Cl)C=C3)=O)OC,1,25,54
1312,C1=CC=CC3=C1C(C2=CC=CC=C2)(C=C3)CCN(C)C,1,20,44
1313,C1=CC(=CC=C1OCC(NNC(C)C)=O)Cl,1,16,32
1314,CSC1=C(N=C(N=C1N2CCN(C)CC2)NC(C)C)Cl,1,20,42
1315,[H+].C1=CC=CC2=C1[S](=O)(=O)N(C2=O)CCCCN4CCN(C3=NC=CC=N3)CC4.[Cl-],1,30,62
1316,C1=C(C)ON=C1C(NNCC2=CC=CC=C2)=O,1,17,36
1317,C(C(C1(CCC2C4C(C(CC12C)O)(F)C3(C=CC(C=C3CC4)=O)C)O)=O)O,1,27,60
1318,[C@H]23[C@@]([C@@]1(C(=CC(=O)C=C1)CC2)C)([C@H](C[C@]4([C@H]3CC[C@@]4(C(COC(C)=O)=O)O)C)O)F,1,30,66
1319,[C@]34([C@H]([C@H]2C(F)([C@@]1(C(=CC(=O)C=C1)[C@@H](F)C2)C)[C@@H](O)C3)C[C@H]5O[C@H](O[C@@]45C(O[C@@H](OC(OCC)=O)C)=O)CCC)C,1,40,88
1320,[C@H]3(CCCC1=C2C(=NC=C1)C=CC(=C2)OC)[C@@H](CNCC3)C=C,1,23,50
1321,[C@H]12N(CC[C@](C1C)(C3=C(C2=O)C=CC(=C3)O)C)CC4CC4,1,21,48
1322,C1=C(Cl)C=CC2=C1C3(N(CC(=O)N2C)C(C=C(O3)C)=O)C4=CC=CC=C4,1,26,58
1323,C1=C(C=CC=C1C2(CCN(C)CC2)C(CC)=O)O,1,18,38
1324,C1=CC=NC(=N1)N3CCN(CCCC[N]2C=C(Cl)C=N2)CC3,1,22,48
1325,C5=C(C(CN1C2C4C(CC1)(C3=C(C2)C=CC(=C3)O)CCCC4)=O)C=CC=C5,1,27,62
1326,C1=CC=CC2=C1C(C(N2C3=CC=CC=C3)=O)(CC4=CC=NC=C4)CC5=CC=NC=C5,1,30,68
1327,[C@@H]14C(=C[C@H](NC(N(CC)CC)=O)CN1C)C2=CC=CC3=C2C(=C[NH]3)C4,1,25,56
1328,C1=CC=CC3=C1C(C2=C(C=CC=C2)C3(C)C)=CCCNC,1,21,46
1329,C1=C(Cl)C=CC3=C1N(C2=CC=CC=C2)C(CCN3)=O,1,19,42
1330,[C@]3(N(C1=CC=CC=C1)C(=O)CC)(C(=O)OC)[C@H](CN(CCC2=CC=CC=C2)CC3)C,1,30,64
1331,[H+].C1=CC=CC2=C1N(C3=C(CC2)C=CC=C3)CCCN(CC(=O)C4=CC=C(Cl)C=C4)C.[Cl-],1,32,66
1332,C1=C(C2=C(C(=C1)OC)CCCC2N(C)C)Cl,1,16,34
1333,C3=C(C1=NC(C(=O)NC2=C1N=C(Cl)C=C2)O)C(=CC=C3)Cl,1,21,46
1334,C1=CC(=CC4=C1N2C(=NC(/C2=O)=C\N3CCN(C)CC3)CN=C4C5=C(C=CC=C5)Cl)[N+](=O)[O-],1,33,74
1335,C1=CC(=CC2=C1C(C3=C(CC2)C=CC=N3)=C4CCN(C(OCC)=O)CC4)Cl,1,27,60
1336,C1=C(Cl)C=CC2=C1C(=NC(O)C(N2C)=O)C3=CC=CC=C3Cl,1,22,48
1337,[C@H]23C1=NN=C([N]1C[C@H]2CCC3)CCN4CCN(CC4)C5=CC=CC(=C5)C(F)(F)F,1,29,66
1338,[C@@]123OC4=C(C(C1CN(CC2)C)CC(=O)N3)C=C(Cl)C=C4,1,20,46
1339,C1=CC(=CC(=C1N(C(=O)CNC(=O)CN)C)C(=O)C2=CC=CC=C2Cl)Cl.O,1,27,54
1340,C2=C(C(C1C(=CC(O1)=O)OC)O)C(=CC=C2)Cl,1,17,36
1341,CCOC(=O)OC3(CCC4C2CCC1=CC(=O)C=CC1(C)C2C(O)CC34C)C(=O)OCCl,1,32,70
1342,C1=C(Cl)C=CC2=C1C(=NC3=C(O2)C=CC=C3)N4CCN(CC4)C,1,23,52
1343,C1=CC(=CC2=C1C(=NCC(N2C)CNC(C3=COC=C3)=O)C4=CC=CC=C4)F,1,28,62
1344,C1=CC=CC2=C1C(N3C2=NCC3)(C4=CC=C(C=C4)Cl)O,1,20,46
1345,[C@]34([C@H]([C@H]2[C@@H]([C@@]1(C(=CC(=O)C=C1)CC2)C)[C@H](C3)O)CC[C@@]4(C(CN5CCN(C)CC5)=O)O)C,1,32,72
1346,C1=CC=CC=C1C(NN)C,1,10,20
1347,C(C(C(CC)C)(COC(N)=O)C)OC(N)=O,1,16,30
1348,[C@H]2(N=C(C1=C(C=CC(=C1)[N+](=O)[O-])NC2=O)C3=CC=CC=C3Cl)C,1,23,50
1349,CNC(NC(C(Cl)(Cl)Cl)O)=O,1,11,20
1350,[C@@]23(Cl)C(C1C([C@](O)([C@@H](C1)C)C(=O)CO)(CC2Cl)C)CCC4=CC(=O)C=CC34C,1,28,62
1351,[C@@H]23[C@H]([C@H]1[C@]([C@@H](C(C)=O)CC1)(C)C[C@@H]2O)C[C@H](C)C4=CC(=O)CC[C@]34C,1,25,56
1352,[H+].C1=C(OCC(=O)NCCN(CC)CC)C=CC(=C1)OC.[Cl-],1,22,40
1353,C1=CC=CC3=C1C(C2=C(C=CC=C2)C3(C)C)=CCCN(C)C,1,22,48
1354,C1=CC(=CC=C1C(CCCN2CCC(C)CC2)=O)F,1,19,40
1355,CC12CC3(CC(C1)(CC(C2)C3)N)C,1,13,30
1356,C1=C(C(=CC=C1)OC)OCC2CNC(O2)=O,1,16,34
1357,C1=C(OC)C=CC3=C1C(C2=C(C=CC=C2)S3)(CCCN(C)C)O,1,23,50
1358,C1=CC=CC2=C1SC5=C(N2CC3C4CCN(C3)CC4)C=CC=C5,1,23,54
1359,[C@@H]34C1=CC=CC2=C1C(=C[N]2C)C[C@H]3N(C[C@H](C4)N[S](N(C)C)(=O)=O)C,1,25,56
1360,C1=C(C=CC=C1O)NC(C)=O,1,11,22
1361,C1=C(C(C(C)(C)O)(C)O)C=CC=C1Cl,1,14,28
1362,C2=C(N(CC1=CC=CS1)CCN(C)C)N=CC=C2,1,18,38
1363,C(C1(C(NC(N(C1=O)C)=O)=O)CC)C,1,14,28
1364,C(C1(C(NC(=S)NC1=O)=O)C(CCC)C)CSC,1,18,36
1365,C5=C3C1=C(OC4C12C(C(N(CC2)C)C3)CC=C4C)C(=C5)O,1,21,50
1366,[C@@H]25CC1=CC=C(C4=C1[C@@]3([C@H]2CC[C@@H]([C@@H]3O4)OC)CCN5C)O,1,22,52
1367,[C@@]4([C@@]3([C@H]([C@H]2[C@@H]([C@@]1(C(=CC(=O)C=C1)[C@H](C2)C)C)[C@H](C3)O)CC4)C)(C(COC(C)=O)=O)OC(CC)=O,1,34,74
1368,C1=C(C)C=CC3=C1C(=NC2=C(C=CC=C2)S3)N4CCN(C)CC4,1,23,52
1369,C1=C(Cl)C=CC3=C1N(C2=C(C=CC=C2)S3)CCCN5CCN(CCOC(C4=CC(=C(OC)C(=C4)OC)OC)=O)CC5,1,41,90
1370,C1=C([S](C)(=O)=O)C=CC3=C1N(C2=C(C=CC=C2)S3)CCCN4CCC(C(N)=O)CC4,1,30,66
1371,[C@@]125C3=C4C[C@H]([C@@H]1CCC([C@@]2(OC3=C(C=C4)O)C)=O)N(C)CC5,1,22,52
1372,C5=C4C3=C(C2N(CC1CC(OC)C(C(C1C2)C(OC)=O)OC)CC3)[NH]C4=CC(=C5)OC,1,31,70
1373,C1=C(OC)C=CC3=C1C(=CC2=C(C=CC=C2)O3)N4CCN(C)CC4,1,24,54
1374,C1=C(OC)C=CC2=C1C4=C3[N]2CCN(C3=NCC4)C,1,19,44
1375,[C@@H]23[C@@H](CC[C@@H]1C[C@H](CC(O1)=O)O)[C@H](C=CC2=CCC[C@@H]3OC([C@H](CC)C)=O)C,1,28,60
1376,C1=C(Cl)C=CC3=C1C2(N(C(C)CO2)CC(=O)N3)C4=CC=CC=C4Cl,1,24,54
1377,CSC2=C(N1CCN(C)CC1)N=C(NC)N=C2Cl,1,18,38
1378,C1=C(C=CC(=C1Cl)COC(C[N]2C=NC=C2)C3=C(C=C(C=C3)Cl)Cl)Cl,1,25,54
1379,C1(=NC(NC1(C(F)(F)F)C(F)(F)F)(C(F)(F)F)C(F)(F)F)N,1,22,44
1380,C(NCC(N)=O)CCCC,1,10,18
1381,CN1CC(=CCC1)\C=N\OC,1,11,22
1382,C1=C(C(=NN=C1C2=CC=CC=C2)NCCN3CCOCC3)C,1,22,48
1383,[C@@H]23[C@H]([C@H]1[C@]([C@@H](C(C)=O)CC1)(C)C[C@H]2N(C)C)CC[C@@H]4[C@@]3(C[C@H](OCC)[C@H](C4)O)C,1,29,64
1384,[C@@H]45N([C@@H](CC(NC(=O)C1=CN(C2=C(C1=O)C=CC=C2)C3CCCCC3)C4)CC5)C,1,29,66
1385,C2=C(C(NCCN1CCOCC1)=O)C=CC(=C2)Cl,1,18,38
1386,C2=C(C(C1=CC=CC=C1)[S](CC(N)=O)=O)C=CC=C2,1,19,40
1387,[C@H]34[C@H]2[C@@](Cl)([C@@]1(C(=CC(=O)C=C1)CC2)C)[C@@H](O)C[C@@]3([C@](O)([C@@H](C4)C)C(=O)CCl)C,1,28,62
1388,C1=CC=CC3=C1N(C2=C(C=CC=C2)C3(C)C)CCCNC,1,21,46
1389,C3=C(C2(C(N(CN1CCOCC1)C(C2)=O)=O)C)C=CC=C3,1,21,46
1390,C1=C(Cl)C=CC5=C1N(CCCN4CCC3(N2C(CCCC2)NC3=O)CC4)C6=C(CC5)C=CC=C6,1,34,78
1391,C1=C([N+](=O)[O-])C=CC2=C1C(=NCC(N2COC)=O)C3=CC=CC=C3,1,24,52
1392,[C@@H]13C=C[C@@H]([C@@]2([C@H]1[C@H](OC2=O)OC(NC)=O)C)C3,1,17,38
1393,C(N1CCOCC1)CNC2=NNC(C=C2C)=C3C=CC(=O)C=C3,1,23,50
1394,[C@@]126C3=C4C[C@H]([C@@H]1C=C[C@@H]([C@@H]2OC3=C(C=C4)OCC5=CC=CC=C5)OC(CCCCCCCCCCCCC)=O)N(CC6)C,1,43,96
1395,C1=C(C(C(CCCCC)C)C)C=C(C2=C1OC(C3=C2CC(C)CC3)(C)C)OC(CCCN4CCCCCC4)=O,1,39,84
1396,[C@H]23C1=C(C=C(C(CCCCCC)(C)C)C=C1O)OC([C@@H]2CCC(C3)=O)(C)C,1,27,58
1397,C2=C(C(C[N]1C=CN=C1)=O)C=CC3=CC=CC=C23,1,18,40
1398,[C@]14([C@H]([C@H]3[C@](F)([C@@H](O)C1)[C@@]2(C(=CC(=O)C=C2)CC3)C)C[C@@H]6[C@]4(CC5=CC=CC=C5C6)C(=O)CO)C.O,1,35,78
1399,OC1CCC2(O)C3Cc5ccc(O)c6OC1C2(CCN3CC4CCC4)c56,1,26,62
1400,[C@@]126C3=C4C[C@H]([C@@]1(CCC([C@@H]2OC3=C(C=C4)O)=C)O)N(CC5CC5)CC6,1,25,60
1401,[C@@]125C3=C4C[C@H]([C@@]1(CCC([C@@H]2OC3=C(C=C4)O)=O)O)N(CC=C(C)C)CC5,1,26,60
1402,C1=C(C=CC2=C1C=CC=C2)CC([NH2+]C)=NC.[Cl-],1,17,34
1403,C1=C2C(=CC=C1)CCC(=C2)CC3=NCNC3,1,16,36
1404,C2=C1C(=CC=CC1=CC=C2)OC(\C(=N\O)N)C,1,17,36
1405,[H+].C4=C(N3CCN(CCCN1N=C(N(C1=O)CCOC2=CC=CC=C2)CC)CC3)C=CC=C4Cl.[Cl-],1,35,72
1406,C1=CC=C(C(=C1C)NC(CN2C(CCC2)=O)=O)C,1,18,38
1407,Fc5ccc4c(CCCN1CCC(CC1)n2c(=O)[nH]c3ccccc23)noc4c5,1,29,66
1408,C1=CN=CC=C1C(NNCCC(NCC2=CC=CC=C2)=O)=O,1,22,46
1409,C1=CC(=CC=C1N3CCN(CCC(NC(C2=CC=CN=C2)=O)C)CC3)F,1,26,56
1410,[C@]125OC(O[C@@]([C@]1(C[C@H](O)[C@H]3[C@H]2CCC4=CC(=O)CC[C@]34C)C)(CC5)C(=O)COC(=O)C6=CC=NC=C6)\C=C/C,1,39,88
1411,[C@@]127C3=C4C[C@H]([C@@H]1C=C[C@@H]([C@@H]2OC3=C(C=C4)OC(C5=CN=CC=C5)=O)OC(C6=CN=CC=C6)=O)N(C)CC7,1,37,86
1412,C1=CC=NC=C1C(N2CCOCC2)=O,1,14,30
1413,C(C1=CN=CC=C1)(=O)N,1,9,18
1414,C1=CC=NC=C1C(N(CC)CC)=O,1,13,26
1415,C1=C([N+]([O-])=O)C=CC2=C1C(=NCC(=O)N2C)C3=CC=CC=C3,1,22,48
1416,C(C(COC(N)=O)(C(CC)C)C)OC(NC(C)C)=O,1,19,36
1417,C1=CC=CC=C1C(OC2=CC=CC=C2OC)CCNC,1,20,42
1418,NC(=N)c1ccc(o1)c2ccccc2N(=O)=O,1,17,36
1419,[C@H]12C([C@@](O)(CC1)C#C)(CC[C@H]3C2CCC4=CC5=C(CC34C)C=N[N]5C6=CC=C(F)C=C6)C,1,32,74
1420,C1=CC(=CC=C1\C(C2=CC=CN=C2)=C\CNC)Br,1,18,38
1421,C1=CC=C(C3=C1C(C2=CC=CC=C2)CN(C)C3)N,1,18,40
1422,C1=C[NH]C2=C1C(=NC=N2)NCCCCCCCCC,1,19,40
1423,C(C(F)(F)F)F,1,6,10
1424,C1=C(O)C=CC3=C1C24C(C(NCC2)C3)CCCC4,1,18,42
1425,C1=CC(=C3C2=C1CC5C4C2(C(O3)C(O)C=C4)CCN5)O,1,20,48
1426,C1=C(Cl)C=CC2=C1C(=NCC(=O)N2)C3=CCCCC3,1,19,42
1427,[C@@H]3(C1=C(C=C2C(=C1OC)OCO2)CCN3C)[C@@H]5C4=C(C(=C(OC)C=C4)OC)C(O5)=O,1,30,68
1428,C1=CC=CC2=C1C(C3=C(CC2)C=CC=C3)=NOCCN(C)C,1,22,48
1429,C1=C(Cl)C=CC3=C1\C(C2=C(C=CC=C2)S3)=C\C4C5CCN(C4)CC5,1,24,56
1430,C1=CC(=CC2=C1C(=NO2)C5CCN(CCC3=C(N=C4N(C3=O)C=CC=C4C)C)CC5)F,1,31,70
1431,C1=N[N]3C(=C1C(C2=NC=CC=C2)=O)N=CC=C3C4=CC=NC=C4,1,23,52
1432,C(C(NN)C)CCCCC,1,10,18
1433,CNCCC=C3c1ccccc1C2CC2c4ccccc34,1,21,48
1434,[C@H]2([C@H](CN(CC(C1=CC=C(F)C=C1)=O)CC2)COC4=CC3=C(OCO3)C=C4)C5=CC=C(F)C=C5,1,34,76
1435,C2=C(C1CN(CCO1)C(C)C)C=CC(=C2)C(F)(F)F,1,19,40
1436,C1=CC=CC3=C1N(C2=C(C=CC=C2)CC3=O)C(N)=O,1,19,42
1437,C1=CC=CC=C1C[N+](C(CC2=CC=CC=C2)C)(C)[O-],1,19,40
1438,C(N1CC(O)CC1=O)C(N)=O,1,11,22
1439,[C@H]34C1[C@@H](C2(C(C(=O)CC1)C(=O)C=C2)C)C(O)CC3([C@](O)(CC4)C(OC)=O)C,1,27,60
1440,C1=C(O)C=CC2=C1C(=C[NH]2)CC(C(O)=O)N,1,16,34
1441,CN(C)C(=O)COC2c1ccccc1CCc3ccccc23,1,22,48
1442,C4=C3C(N(C1=CC=C2C(=N1)N=C(Cl)C=C2)C(=O)C3=CC=C4)CC(CCC(C)C)=O,1,29,64
1443,C1=NC(=C3[N]1C2=C(C=CC=C2)N(C3=O)C(C)C)C4=NOC(=N4)C5CC5,1,25,58
1444,[C@H]5(CN3CCC(C2=CC1=C(OCO1)C=C2)(CC3)O)CN(C4=CC=C(OC)C=C4)C(O5)=O,1,31,70
1445,C3=C(C(NC1C2CCN(C1)CC2)=O)C(=CC(=C3Cl)N)OCC4CC4,1,24,54
1446,C1=C4C(=CC=C1CN3CCC(NC(NC(C2=CC=CC=C2)=O)=O)CC3)C=CC=C4,1,29,64
1447,CC1OC(C)OC(O1)C,1,9,18
1448,[C@]34([C@H]([C@H]2[C@@H]([C@@]1(C(=CC(=O)C=C1)[C@H](C2)F)C)[C@H](C3)O)C[C@H]([C@@]4(C(COC(C)=O)=O)O)C)C,1,31,68
1449,C1=CC=CC=C1CN(CC#C)C,1,12,24
1450,[C@@H]3([C@H](COC1=CC=C2C(=C1)OCO2)CNCC3)C4=CC=C(C=C4)F,1,24,54
1451,C1=CC=CC2=C1C(N(C2=O)C3=NC4=C(C=C3)C=CC(=N4)Cl)CC(=O)N6CCC5(OCCO5)CC6,1,34,78
1452,C4=C(C(CCCN1CCC(CC1)(C2=CC=C(C(=C2)C(F)(F)F)Cl)O)C3=CC=C(C=C3)F)C=CC(=C4)F,1,36,78
1453,CC(C(C(OC(N)=O)C)C)OC(N)=O,1,14,26
1454,[C@]135[C@@]4([C@@H](CC2=C1C(=C(C=C2)O)O[C@H]3C(=O)C=C4)N(C)CC5)NCCCCC,1,27,62
1455,C(C1(COC(C(Cl)(Cl)Cl)OC1)CO)O,1,14,28
1456,CN1CCN(CC1)C3=Nc2ccccc2Sc4nccn34,1,21,48
1457,C2=C1C(=NC(=CC1=CC=C2)N3CCNCC3)C4=CC=CC=C4,1,22,50
1458,[C@@H]45C(N(CCCCN3CCN(C1=NSC2=C1C=CC=C2)CC3)C([C@@H]4CCCC5)=O)=O,1,30,68
1459,C1=C(Cl)C=CC3=C1N(C2=C(C=CC=C2)S3)CCCN4CCN(CCO)CC4,1,27,60
1460,C(C(COC(C(Cl)(Cl)Cl)O)(COC(C(Cl)(Cl)Cl)O)COC(C(Cl)(Cl)Cl)O)OC(C(Cl)(Cl)Cl)O,1,33,64
1461,C1=CC=CC=C1CC(NC(N)=O)=O,1,13,26
1462,C1=C(C=CC2=C1C3(C)C(C)C(C2)N(CC3)CCC4=CC=CC=C4)O,1,24,54
1463,C1=CC=CC=C1C(C(NC(N)=O)=O)CC,1,15,30
1464,C2=C(C1C(C)NCCO1)C=CC=C2,1,13,28
1465,C1=C(OCC(NN)C)C=CC=C1,1,12,24
1466,C1=CC=CC=C1C2C(N(C)C(C2)=O)=O,1,14,30
1467,C1(=CC=CC=C1)OC2=CC=CC=C2C(=O)[O-],1,16,34
1468,C1=CC=CC=C1C3(C2=CC=CC=C2)NC(=O)NC3=O,1,19,42
1469,C1=CC=CC=C1N2C(C(C(NC2=O)=O)(CC)CC)=O,1,19,40
1470,C3=C(C(N2CCN(CC1=CC=CC=C1)CC2)=O)N=CC=C3,1,21,46
1471,[C@]2(C1=CC(=CC=C1)O)([C@H](CN(C)CC2)C)CCC,1,18,38
1472,[C@H]2(C(OC1=CC=C(NC(C)=O)C=C1)=O)NC(=O)CC2,1,19,40
1473,C2=C(C1=CC=CC=C1)N=C4C(=C2CCC3CCNCC3)C=CC=C4,1,24,54
1474,C1=C(C(C)=O)C=CC3=C1N(C2=C(C=CC=C2)S3)CCCN4CCC(CCO)CC4,1,29,64
1475,C3=C(C(C1=CC=CC=C1)(C(OCCN2CCCCC2)=O)O)C=CC=C3,1,25,54
1476,C2=C(N1CCN(C)CC1)N=NC3=C2N(C4=C(O3)C=CC=C4)C,1,22,50
1477,C1=C([S](N(C)C)(=O)=O)C=CC3=C1N(C2=C(C=CC=C2)S3)CCCN4CCC(CCOC(CCCCCCCCCCCCCCC)=O)CC4,1,49,104
1478,[C@H]12C(C3=C(C[C@@H]1CCN(C2)C)[NH]C(=C3CC)C)=O,1,18,40
1479,C(N1C(CCC1)=O)C(N)=O,1,10,20
1480,C1=CC=CC2=C1C3=C(C2)CCOC3(CCN(C)C)C,1,19,42
1481,C1=CC=CC(=C1N2C(=NC3=C(C2=O)C=CC=C3)\C=C\C4=NC=CC=C4)C,1,26,58
1482,C1=CC=CC=C1C(C2=CC=CC=C2)(CCN4CCC(N3CCCCC3)(C(N)=O)CC4)C#N,1,32,70
1483,[N]14C3=C(C2=C1C=CC(=C2)C)CCCC3NCC4.[H+].[Cl-],1,19,40
1484,C(NC(C(C)(C)C)=O)CCC(O)=O,1,13,24
1485,C1=C(Cl)C=CC2=C1C(=NC(C(=O)N2)OC(C(C)(C)C)=O)C3=CC=CC=C3,1,26,56
1486,C(N1C(CCC1)=O)C(NCCN(C(C)C)C(C)C)=O,1,19,38
1487,C1=CC=CC=C1C3(CC2CCCCN2)C(NC(=O)NC3=O)=O,1,22,48
1488,[C@@]4([C@@]3([C@H]([C@H]2[C@@H]([C@@]1(C(=CC(=O)C=C1)CC2)C)[C@H](C3)O)CC4)C)(C(COC(CC)=O)=O)OC(OCC)=O,1,35,76
1489,C(C(C4(C3(C(C2C(C1(C(=CC(=O)C=C1)CC2)C)C(C3)O)CC4)C)O)=O)OC(CN(CC)CC)=O,1,34,74
1490,[C@H]34[C@H]2[C@@H]([C@@]1(C(=CC(=O)C=C1)CC2)C)[C@@H](O)C[C@@]3([C@](C(COC(COC(CCCCCCCCCCCCCCCCC)=O)=O)=O)(O)CC4)C,1,49,104
1491,[C@]34([C@H]([C@H]2[C@@H]([C@@]1(C(=CC(=O)C=C1)CC2)C)[C@H](C3)O)CC[C@@]4(C(COC(CC(C)(C)C)=O)=O)O)C,1,33,72
1492,C(C(C3(C(CC4C2CCC1=CC(C=CC1(C)C2C(CC34C)O)=O)=C)O)=O)O,1,27,60
1493,[C@@H](CC(=O)O)(CC(C)C)CN,1,11,20
1494,C(C(OC4CC3=CCC2C1C(C(CC1)C(C)=O)(CCC2C3(CC4)C)C)=O)CC(O)=O,1,30,66
1495,[H+].C3=C(C(=C1CCN(C1)CC)C2=CC=CC=C2)C=CC=C3.[Cl-],1,22,44
1496,C1=CC(=CC=C1C(NC(C)C)=O)CNNC,1,16,32
1497,C(C(C1CCCCC1)OC(N)=O)C,1,13,26
1498,C1=C(Cl)C=CC2=C1C(=NCC(N2CC(CO)O)=O)C3=CC=CC=C3F,1,25,54
1499,C2=C(\C(NCCCC(=O)N)=C/1C=C(F)C=CC1=O)C=CC(=C2)Cl,1,23,48
1500,C1=CC=CC=C1CC(N2CCCC2)CCC,1,16,34
1501,C(C1OC(C(C)C)(C(C)C)OC1)O,1,13,26
1502,C1=CC(=CC=C1OC(CN(CC)CC)=O)NC(C)=O,1,19,38
1503,[CH2-][CH-]C,1,3,4
1504,C1=CC=CC2=C1N(C(C3=C(N2)N=CC=C3)=O)CC(N(C)C)C,1,22,48
1505,C1=CC=C(C(=C1C(C)C)O)C(C)C,1,13,26
1506,C1=CC(=CC=C1C(CCCN3CCC(N2CCCCC2)(CC3)C(CC)=O)=O)F,1,28,60
1507,C1=CC=CC3=C1C(C2=C(C=CC=C2)S3)=CCCN(C)C,1,20,44
1508,C(C1(C(NC(=O)NC1=O)=O)CC=C)C(C)O,1,16,32
1509,Oc5ccc4CC2C1CCOCC1(CCN2CC3CC3)c4c5,1,22,52
1510,C1=NC2=C([N]1CC(C)O)C(N(C)C(N2C)=O)=O,1,17,36
1511,C1=CC=C(C2=C1[NH]C=C2CCN(C)C)O[P](O)(O)=O,1,19,40
1512,C2=C(C1=CC=NC=C1)OC3=C2C=CC=C3,1,15,34
1513,C1=C(C(=C(C(=N1)C)O)CO)CSSCC2=CN=C(C(=C2CO)O)C,1,24,50
1514,C1=CC=CC3=C1C(=NC2=CC=CC=C2S3)N4CCN(CCOCCO)CC4,1,27,60
1515,[C@@]45(C1=C(C=CC(=C1)OC(N3CC2=CC=CC=C2CC3)=O)N([C@H]4N(C)CC5)C)C,1,28,64
1516,C1=CC=C(C2=C1CC3C(C2)CC(N[S](N(CC)CC)(=O)=O)CN3CCC)O,1,27,58
1517,C1=CC=CC=C1CC2(C3(C(C)(C)C(C2)CC3)C)OCCN(C)C,1,23,50
1518,[C@@H]1(C2=C(CC1)C=CC=C2)NCC#C,1,13,28
1519,C1=CC(=CC3=C1N(C2=NC(=O)CO2)CCN=C3C4=CC=CC=C4Cl)Cl,1,25,56
1520,C1=CC=CC=C1C(CC2=CC=CC=C2)(NC(CN)=O)C,1,20,42
1521,C1=CC=CC=C1N(C2(CCN(CCC(OC)=O)CC2)C(OC)=O)C(CC)=O,1,27,56
1522,CCC(=O)C1(O)CCC2C3CCC4=CC(=O)CCC4(C)C3C(O)CC21C,1,26,58
1523,C1=CC(=CC(=C1NC(OCC)=O)N)NCC2=CC=C(C=C2)F,1,22,46
1524,C3(NC(N1C2=C(C(C)(C)C1)C=CC=C2)=O)C[C@@H]4N(C)[C@H](C3)CC4,1,23,52
1525,C2=C([N]1C(=NC(=N1)C(N(C)C)=O)CNC(CN)=O)C(=CC(=C2)Cl)C(C3=C(C=CC=C3)Cl)=O,1,32,68
1526,CC4CN(CCCn2c1ccccc1c3ccccc23)CC(C)N4,1,24,54
1527,[C@H]12[C@@]([C@](C(CC)=O)(C)[C@@H](C1)C)(C[C@H](O)[C@H]3[C@H]2CCC4=CC(=O)C=C[C@]34C)C,1,27,60
1528,C1=CC=CC=C1C2=NCC(NC3=C2[N](N=C3C)CC)=O,1,20,44
1529,[C@H](C1=CC(=CC=C1)OC(N(CC)C)=O)(N(C)C)C,1,18,36
1530,[C@@H]3(N(C1CCC1)C2CCC2)CC4=C(OC3)C(=CC=C4C(=O)N)F,1,23,52
1531,C1=NC2=C([N]1COC(COC(C)C)COC(C)C)N=C(N)N=C2,1,23,48
1532,C3=C(C2CN1C(CCN=C1C2)=O)C=CC=C3,1,16,36
1533,[C@H]23[C@@]([C@@]1(O[C@@H](O[C@@H]1C2)CCC)C(=O)CO)(C[C@H](O)[C@@]4(F)[C@H]3C[C@H](F)C5=CC(=O)CC[C@]45C)C,1,33,74
1534,C3=C(C2C(NC(=O)C1NC(CC1)=O)C2)C=CC=C3,1,18,40
1535,C1=C(C(=CC=C1C2CNC(C2)=O)OC)OC3CCCC3,1,20,44
1536,[C@@H]25C(=C[C@@H](CN1CC(NC(C1)=O)=O)CN2C)C3=CC=CC4=C3C(=C[NH]4)C5,1,26,60
1537,C1=C(C(=C(C=C1)Br)NC2=NCCN2)F,1,14,30
1538,C2=C(C1=C(NC(C1)=O)C=C2)CCN(CCC)CCC,1,19,40
1539,C1=CC(=CC=C1C(CCCN3CCC2(C(N(C)C(C2)=O)=O)CC3)=O)F,1,25,54
1540,CON=C(C#N)C1CN2CCC1CC2,1,14,30
1541,[C@@H]2(OC1=C(C=CC=C1)CO)O[C@@H]([C@@H](O)[C@@H]([C@H]2O)O)CO,1,20,42
1542,C(C1=CC=CC=C1O)(=O)N,1,10,20
1543,C1=CC=CC(=C1OC(C2=C(C=CC=C2)O)=O)C(O)=O,1,19,40
1544,C1=CC=CC=C1C2(C(N(CC)C)=O)CCN(CCCCCC)CC2,1,24,50
1545,C3=C(C1=C([N]2C(=N1)C=CC=C2)CN(C(CCC)=O)C)C=CC(=C3)Cl,1,24,52
1546,N#Cc5ccc4Oc1ccccc1C2=C(CCN(CC2)CC3CCCC3)c4c5,1,28,64
1547,[C@@H](CC1=CC=CC=C1)(N(CC#C)C)C,1,14,28
1548,[C@@]125C3=C4C[C@H]([C@@]1(CCC([C@@H]2OC3=C(C=C4)O)=O)O)N(CCOC)CC5,1,25,58
1549,C2=C(C1=C(C=CC(=C1)Cl)[N]2C3=CC=C(C=C3)F)C5CCN(CCN4C(NCC4)=O)CC5,1,31,70
1550,C1=CC=CC3=C1C4=C(C2=C(C=CC=C2)C3)CN(C)CC4,1,20,46
1551,C1=CC=NC2=C1C(C3=C2N=CC=C3)(CC4=CC=NC=C4)CC5=CN=CC=C5.O,1,28,62
1552,C1=CC(=CC=C1C2(C(CC(C)C)N(C)C)CCC2)Cl,1,19,40
1553,C1=CC=CC(=C1N2CCN(C)CC2)CC3=CC=CC=C3,1,20,44
1554,[C@H]12[C@@H](OC(C(CC)(C)C)=O)C[C@@H](C)C=C1C=C[C@@H]([C@@H]2CC[C@@H]3C[C@H](CC(O3)=O)O)C,1,30,64
1555,C1=CC=C(C(=C1C)C(NC2=NOC(=C2)C)=O)C,1,17,36
1556,C1=CC=CC=C1N2C4(C(NC2)=O)CCN(CCCC(C3=CC=C(F)C=C3)=O)CC4,1,29,64
1557,[C@]24(C[C@@H]([C@@H](N(C(CC1=CC(=C(Cl)C=C1)Cl)=O)C)CC2)N3CCCC3)CCCO4,1,28,62
1558,C4=C(N1C3(C(NC1)=O)CCN(CCCOC2=CC=C(C=C2)F)CC3)C=CC=C4,1,28,62
1559,C1=CC=CC=C1N2C4(C(NC2)=O)CCN(CC\C=C(C3=CC=C(F)C=C3)\C)CC4,1,29,64
1560,C1=CC=CC2=C1C4(C3=C(OC2)C=CC=C3)OC(CN(C)C)CO4,1,23,52
1561,C(C1=NC2=C([N]1C)C(N(C)C(N2C)=O)=O)CCN3CCN(C(N(CC)CC)=O)CC3,1,30,64
1562,C1=C2C(=CC=C1\C=C\C(C(C)(C)C)O)OCO2,1,17,36
1563,C3=C(N2C(C(C1=CC=CC=C1)CC2=O)=O)C(=CC(=C3)[S](N)(=O)=O)Cl,1,24,52
1564,C1=CC(=CC=C1[S](NC2=NOC(=C2)C)(=O)=O)N,1,17,36
1565,C([S](C(C)(C)[S](=O)(=O)CC)(=O)=O)C,1,13,24
1566,C1=C(C(=CC=C1[S](N)(=O)=O)OC)C(NCC2N(CCC2)C)=O,1,22,46
1567,C1=CC(=CC=C1N2[S](CCCC2)(=O)=O)[S](N)(=O)=O,1,18,38
1568,C1=C([S](CC)(=O)=O)C=CC(=C1C(NCC2N(CCC2)CC)=O)OC,1,24,50
1569,[C@H](C(=O)OC1=CC=C(C=C1)NC(=O)C)(NC(=O)C)CCSC,1,22,44
1570,O=C1CCC(=O)N1CC1CCC2CN(CCN2C1)c1ncccn1,1,24,54
1571,C4=C(N2C(C1=C(SCCS1)C2=O)OC(N3CCN(C(CC)=O)CC3)=O)N=C5C(=C4)C=CC(=N5)Cl,1,34,76
1572,C4=C(N2C(C1=C(SCCS1)C2=O)OC(N3CCN(C)CC3)=O)N=C5C(=C4)C=CC(=N5)Cl,1,31,70
1573,C1=C(C=CC=C1C2=NN(C)C(N2C)=S)F,1,15,32
1574,O=C3C1C(C2CCC1C2)C(=O)N3C4C(NC(=O)CC4)=O,1,20,46
1575,C1=CC=CC3=C1C(C2=CC=CC=C2)(OC3(C)C)CCCNC,1,22,48
1576,C1=CC=CC3=C1C(C2=CC=CC=C2)(SC3(C)C)CCCNC,1,22,48
1577,C1=CC=CC2=C1C(N(CC[S](NC(C)C)(=O)=O)C2=O)=O,1,20,42
1578,C1=NC5=C([N]1CCN4CCC(C2=C[NH]C3=C2C=CC=C3)CC4)C(N(C)C(N5C)=O)=O,1,30,68
1579,CNC2CCC(c1ccccc1)c3ccccc23,1,18,40
1580,C1=C(C(=C(O)C(=N1)C)CNCC)CSC,1,15,30
1581,C4=C(C(N2CCN(CC(C1=CC=C(C(=C1)OC)OC)O)CC2)C3=CC=CC=C3)C=CC=C4,1,32,70
1582,CN(C)CCCN2c1ccccc1C(=Nc3cccnc23)c4ccccc4,1,27,60
1583,C1=CC=CC2=C1C3=C([N]2CC)C(SCC3)(CCN(C)C)C,1,21,46
1584,[C@H]13[C@H]([C@H]2C[C@@H]1CC2)C(=O)N(C3=O)CCCCN4CCN(CC4)C5=NC=CC=N5.C(C(O)(C(=O)O)CC(=O)O)C(=O)O,1,41,88
1585,C2=C(C1=NOC(=N1)C)N=C3[N]2C4=C(C(=N3)OC)CCCC4,1,21,48
1586,C3=C(CN2C1=NC(=NC(=C1CCC2=O)C)C)C=CC(=C3)C4=CC=CC=C4C5=N[NH]N=N5,1,31,70
1587,C(SC1=NSN=C1C2=CCCN(C2)C)CCCCC,1,19,40
1588,[C@@H]2(C3=C([C@H](C1=CC=C(C=C1)F)C2)C=CC(=C3)C(F)(F)F)N4CCN(CCO)CC4,1,29,64
1589,C1=C(C(F)(F)F)C=CC3=C1C(C2=C(C=C(F)C=C2)S3)CCCN4CCN(CCO)CC4,1,31,68
1590,C2=C(C1C(NCCN1)=O)SC=C2,1,12,26
1591,C3=C(C1=CCN(CCC)CC1)C2=CC(=CC=C2[NH]3)Cl,1,19,42
1592,[C@@H]34C1=CC=CC2=C1C(=C[NH]2)C[C@H]3N(C[C@H](C4)NC(N(CC)CC)=O)C,1,25,56
1593,C(C1(C(CCC)CC)C(NC(=O)NC1=O)=O)C,1,17,34
1594,C1=C(OC)C(=CC3=C1C2N(CC(CC(C)C)C(C2)=O)CC3)OC,1,23,50
1595,C1=CC=CC2=C1CC3(CC2)NC(=O)NC3=O,1,16,36
1596,C1=CC=CC3=C1C(N(C2C(NC(=O)CC2)=O)C3=O)=O,1,19,42
1597,C1=CC(=C4C2=C1CC5C3C2(C(C(=CC3)OC(C)=O)O4)CCN5C)OC,1,25,58
1598,C(C2(C1CCCC=C1)C(NC(=S)NC2=O)=O)C=C,1,18,38
1599,C(C1(C(NC(=S)NC1=O)=O)C(CCC)C)C=C,1,17,34
1600,C1=CC=CC2=C1N(C(CC(S2)C3=CC=CC=C3)=O)CCN(C)C,1,23,50
1601,C1=C(Cl)C=CC3=C1N(C2=C(C=CC=C2)S3)CCCN4CCN(CCOC(C)=O)CC4,1,30,66
1602,C1=CC=CC2=C1N(C3=C(S2)C=CC(=C3)[S](N(C)C)(=O)=O)CCCN4CCN(CC4)C,1,30,66
1603,C1=CC=CC=C1C2OC(=NC2=O)N(C)C,1,15,32
1604,[C@@H]3(CN(CCC=C(C1=C(C=CS1)C)C2=C(C=CS2)C)CCC3)C(O)=O,1,25,54
1605,C1=CC(=CC2=C1C(C3=C(N(C)[S]2(=O)=O)C=CC=C3)NCCCCCCC(O)=O)Cl,1,29,62
1606,C1=C4C(=C2C(=C1)SC=C2C)C3=C(CCN(C3)C)[NH]4,1,18,42
1607,C2=C(OCC1OC(NCC1)=S)C=CC=C2,1,15,32
1608,[H+].C2=C(C1(C(N(C)C)C=CCC1)C(OCC)=O)C=CC=C2.[Cl-],1,22,42
1609,C1=C(F)C=CC2=C1N4C(CN=C2C3=CC=CS3)CN(C)CC4,1,22,50
1610,C1=CC=CC4=C1N(C3CCN(CCCC(C2=CC=C(F)C=C2)=O)CC3)C(N4)=S,1,28,62
1611,C2=C(N1C(SCC1)=N)C(=CC(=C2)Cl)N,1,14,30
1612,[C@H]12[C@@](C(OC(=O)C)([C@H](C1)C)C(SC)=O)(C[C@H](O)C3(F)[C@H]2CCC4=CC(=O)C=C[C@]34C)C,1,31,68
1613,C1=C([N](CC[S](CC)(=O)=O)C(=N1)C)[N+](=O)[O-],1,16,32
1614,C5=C2C1=C([NH]C=C1CC4C2=CC(CSC3=NC=CC=C3)CN4C)C=C5,1,25,58
1615,C4=C(N3CCN(CCCCN2C(C1=C(C=CC=C1)NC2=O)=O)CC3)C(=CC=C4)SCCC,1,32,70
1616,C2=C1C(=NSC1=CC=C2)N5CCN(CCCCN3C(CC4(CC3=O)CCCC4)=O)CC5,1,31,70
1617,[C@]23([C@H]([C@H]1[C@]([C@@](SCC)(SC)CC1)(C)C[C@@H]2O)CCC4=CC(=O)C=C[C@]34C)F,1,27,60
1618,C1=C(OC)C(=CC2=C1[S](OC(C2)C(NC(CC(N(C)C)(C)C)C)=O)(=O)=O)OC,1,28,58
1619,C1=CC=CC=C1CC(C)NCCC3C2=C(C=CC=C2)SC4=C3C=CC=C4,1,26,58
1620,[C@H]34[C@H]2[C@@H]([C@@]1(C(=CC(=O)CC1)CC2)C)[C@@H](O)C[C@@]3([C@](C(CS)=O)(O)CC4)C,1,26,58
1621,[C@@H]23[C@H]([C@H]1[C@]([C@](C(CSC(C(C)(C)C)=O)=O)(O)CC1)(C)C[C@@H]2O)CCC4=CC(=O)CC[C@]34C,1,32,70
1622,C2=C(C(C1=CC=CC=C1)OCCNC)C(=CC=C2)C,1,19,40
1623,C1=C(OC)C(=CC2=C1C(=NN=C(C2CC)C)C3=CC=C(C(=C3)OC)OC)OC,1,28,60
1624,C1=CC=CC(=C1OCC(COC(C(Cl)(Cl)Cl)O)OC(C(Cl)(Cl)Cl)O)C,1,25,50
1625,C1=C(C=CC=C1N3CCN(CCC2=N[NH]C(=C2)C)CC3)C,1,21,46
1626,C1=C(C)C=CC2=C1C3N(CC2)CCC(C3)(CC)O,1,18,40
1627,C1=C(Cl)C=CC2=C1C(=NCC(N2CC[S](C3=CC=C(C)C=C3)(=O)=O)=O)C4=CC=CC=C4Cl,1,32,70
1628,[C@]1([C@]2(C3=C(C[C@@H]1N(CC2)C)C=CC(=C3)O)C)(CCC(=O)CCCCC)C,1,26,56
1629,[C@@]23([C@H]([C@H]1[C@H](OC(O1)(C)C)CO2)OC(O3)(C)C)CO[S](N)(=O)=O,1,22,48
1630,C1=N[N](C2=C1C(=C(C(=N2)C)C(OCC)=O)NCCCC)CC,1,22,46
1631,[C@]12(OC(O[C@@H]1CC3C2(C[C@H](Cl)[C@@]4(Cl)C3C[C@H](F)C5=CC(=O)C=CC45C)C)(C)C)C(=O)CF,1,32,72
1632,[C@H]1([C@](O)(CCCC1)C2=CC(=CC=C2)OC)CN(C)C.[H+].[Cl-],1,21,40
1633,C1=CC=CC2=C1CC(N(C)C)C(O2)C,1,14,30
1634,[H+].C4=C(C2(N(C1=C(F)C=CC=C1)C(=O)CC)CCN(CC2)CCN3N=NN(C3=O)CC)C=CC=C4.[Cl-],1,36,74
1635,[C@@]45([C@@]3([C@H]([C@H]2[C@]([C@@]1(C(=CC(=O)C=C1)CC2)C)(F)[C@H](C3)O)C[C@H]4OC(O5)(C)C)C)C(COC(C(CNC(C6=CC=CC=C6)=O)C)=O)=O,1,45,100
1636,[C@@]45([C@@]3([C@H]([C@H]2[C@]([C@@]1(C(=CC(=O)C=C1)CC2)C)(F)[C@H](C3)O)C[C@H]4OC(O5)(C)C)C)C(COC(C6=CC7=C(O6)C=CC=C7)=O)=O,1,42,96
1637,BrCC(O)(Br)Br,1,6,10
1638,C1=C(C(=C(C=C1C(NCC(N(CC)CC)=O)=O)OC)OC)OC,1,23,46
1639,C3=C(C2(C1=CC=CC=C1)C(N(C(C(Cl)(Cl)Cl)O)CN2)=O)C=CC=C3,1,24,52
1640,O=[P](O)(OCC(Cl)(Cl)Cl)O,1,10,18
1641,[C@H]23C([C@@]1(OC(O[C@@H]1C2)(C)C)C(=O)CCl)(C[C@H](Cl)[C@@]4(Cl)C3C[C@H](F)C5=CC(=O)C=CC45C)C,1,32,72
1642,C1=C3C(=C(C(=C1)CNC2=CC(=C(C(=C2)OC)OC)OC)C)C(=NC(=N3)N)N,1,27,58
1643,C3=C2N(CC1=CC=CC=C1)C(=O)\C(NNC2=CC=C3)=C(\N)N=O,1,23,50
1644,C2=C(C(N1CCCCCCC1)=O)C=C(OC)C(=C2OC)OC,1,22,46
1645,N[C@@H](CC1=C[NH]C2=CC=CC=C12)C(=O)O,1,15,32
1646,C1=C(Cl)C=CC2=C1C(=NCC(=N2)NOCC=C)C3=CC=CC=C3Cl,1,24,52
1647,C4=C(N3CCN(CCCCN1C(C2C(C(C1=O)C(=O)N(C2=O)CCCC)(C)C)=O)CC3)C(=CC=C4)OC,1,37,80
1648,NC(=O)OCC,1,6,10
1649,[C@@H](N)(C(OCCOC[N]1C2=C(N=C1)C(=O)N=C(N2)N)=O)C(C)C,1,23,48
1650,C(C(C(N)=O)(CCC)CCC)CC,1,13,24
1651,[C@@H](N)(C(OCC(OC[N]1C2=C(N=C1)C(=O)N=C(N2)N)CO)=O)C(C)C,1,25,52
1652,C(C(C(OCOC(C(C)(C)C)=O)=O)CCC)CC,1,18,34
1653,[C@@]13([C@@H]2C(=C[C@@H]1OC(CC(C)C)=O)C(=CO[C@H]2OC(CC(C)C)=O)COC(C)=O)CO3,1,30,64
1654,C1=CC=CC2=C1C(=C3C(=N2)CCCC3O)N,1,16,36
1655,C1=CC(=CC=C1C(C2(CCCCC2)O)CN(C)C)OC,1,20,42
1656,C1=C([S](N)(=O)=O)C=C(C(=C1C(NCC2N(CCC2)CC=C)=O)OC)OC,1,26,54
1657,C(C(C=C)N)CC(O)=O,1,9,16
1658,C1=CC=CC(=C1OCC2CNCCO2)OCC,1,17,36
1659,C(=C)OC=C,1,5,8
1660,[C@]2(OC1=C(C(=C(C(=C1CC2)C)O)C)C)(CCC[C@@H](CCC[C@@H](CCCC(C)C)C)C)C,1,31,64
1661,C1=C(C(F)(F)F)C=CC=C1C2=CCN(CC2)CCC4=CC3=CC=CC=C3C=C4,1,28,62
1662,OCCCN4CCN(CCCC2c1ccccc1Sc3ccc(Cl)cc23)CC4,1,28,62
1663,[C@]135[C@H]([C@H](N(CC1)CC2CCC2)CC4=C3C=C(O)C=C4)[C@H](CC(C5)=C)C,1,25,58
1664,C1=C(C(=C(C=C1)C)NC2=NCCCS2)C,1,15,32
1665,C1=CC(=CC=C1CNC(C(C)C)CCCCCC(O)=O)F,1,21,42
1666,[C@H]14[C@H]([C@@H]2[C@@H]3[C@H]([C@H]1C=C2)C=C3)C(=O)N(C4=O)CCCCN6CCN(C5=NC=CC=N5)CC6,1,31,72
1667,C1=C(C=CC=C1N3C(N(CCN2CC(C)(C)C2)CC3)=O)Cl,1,21,46
1668,C1=CC=CC2=C1C(=NS2)N5CCN(CCC4=CC3=C(NC(C3)=O)C=C4Cl)CC5,1,28,64
1669,C1=CC=CC(=C1C2=NCC(N(C3=C2C(=N[N]3C)C)C)=O)F,1,21,46
1670,C4=C(C3=C(CCN2CCN(C1=C(C=CC=C1)OC)CC2)OC(N3)=O)C=CC(=C4)F,1,29,64
1671,C1=C(Cl)C=CC2=C1C(=NO2)C([N]3C=CN=C3)C,1,17,38
1672,C1=CC(=CN=C1N2C(C3=C(C2=O)N=CC=N3)OC(N4CCN(C)CC4)=O)Cl,1,27,60
1673,C1=C(Cl)C=CC2=C1C(=CC3=C(S2)C=CC=C3)OCCN(C)C,1,22,48
1674,[C@@H]1(CCCO1)[C@@H](CC2=CC=CC=C2)NCC,1,16,34
1675,C1=CC2=C(C=C1)SC3=C(N2CC(C)N(C)C)C=C(C=C3)C(=O)C,1,23,50
1676,C1=CC(=CC3=C1[N]2C(=NN=C2CN(C)C)CN=C3C4=CC=CC=C4)Cl,1,25,56
1677,C(N1C(C(CC(C)C)NC1=S)=O)C=C,1,14,28
1678,[C@H]24[C@H]1[C@@]([C@](O)([C@@H](C1)C)C(=O)CO)(C[C@H](O)[C@@H]2[C@@]3(C(=CC(=O)C=C3)C[C@H]4Cl)C)C,1,28,62
1679,C1=C(CC(CC=C)N)C=CC=C1,1,12,24
1680,[C@H]34[C@H]2[C@@H]([C@@]1(C(=CC(=O)CC1)CC2)C)CC[C@@]3([C@](O)([C@H](O)C4)C(=O)C)C,1,25,56
1681,C1=CC=CC3=C1N(C2=C(C=CC=C2)S3)CC(CN(C)C)C,1,21,46
1682,C1=C(OC)C(=CC2=C1C(=C(C(OCC)=O)[NH]2)CCN4CCN(C3=CC=CC=C3)CC4)OC,1,32,70
1683,C2=C(C1(C(CN(C)CC1)C)OC(CC)=O)C=CC=C2,1,19,40
1684,C3=C(C1=C([N]2C(=N1)C=CC(=C2)Cl)CC(N(CCC)CCC)=O)C=CC(=C3)Cl,1,27,58
1685,[C@@]4([C@@]3([C@H]([C@H]2[C@@H]([C@@]1(C(=CC(=O)CC1)[C@H](C2)C)C)[C@H](C3)O)CC4)C)(C(COC(C)=O)=O)OC(CCC)=O,1,35,76
1686,CNCCCC2(C)C(=O)N(c1ccccc1)c3ccccc23,1,22,48
1687,C1=CC(=NC2=C1C(C(=CN2CC)C(O)=O)=O)CC3=CC=CC=C3,1,23,50
1688,[C@@H](O)([C@@H](O)C(=O)O)C(=O)O.[C@@H](N)(CC1=CC=C(N(C)C)C=C1C)C,1,24,46
1689,C1=CC(=CC=C1C2(C(NC(=O)CC2)=O)CC)N,1,17,36
1690,C1=CC=CC3=C1N(C2=C(C=CC=C2)S3)CC(CN(C)C)N(C)C,1,23,50
1691,C1=CC(=CC=C1C3(CCN(CCCC(C2=CC=C(F)C=C2)=O)CC3)C(N(C)C)=O)Cl,1,30,64
1692,C1=C(Cl)C=CC2=C1C(=NC3=C(O2)C=CC=C3)N4CCNCC4,1,22,50
1693,C3=C(N2CCN(CCCC(C1=CC=C(F)C=C1)O)CC2)C(=CC=C3)OC,1,26,56
1694,[N]12C(=CC=C1)C4N(C3=C(C2)C=CC=C3)CCN(C4)C.O=C(O)\C=C/C(=O)O,1,27,58
1695,C1=C(Cl)C=CC3=C1N(C2=CC=CC=C2)C(CCN3C(OCC)=O)=O,1,24,52
1696,[C@H](N(C(C(C1=CC=CC=C1)C2=CC=CC=C2)=O)C)(C3=CC=CC=C3)CN4CC[C@@H](C4)O,1,31,68
1697,C2=C(OCC1=NN=C(S1)C(C)C)C=CC3=C2OC(=O)C(=C3C)C,1,23,50
1698,C1=CC=CC=C1C(C(OC2CC3N(C)C(C2)CC3)=O)CO,1,21,46
1699,C1=C(C(=NN=C1C2=CC=CC=C2)NCCN3CCOCC3)C#N,1,23,50
1700,[C@@]4([C@@]3([C@H]([C@H]2[C@]([C@@]1(C(=CC(=O)C=C1)CC2)C)(Cl)[C@H](C3)O)C[C@@H]4C)C)(C(COC(CC)=O)=O)OC(CC)=O,1,36,78
1701,C3=C(C(N2CCN(CC1=CC=CC=C1)CC2)=O)OC4=C3C=CC=C4,1,24,54
1702,[C@@H]24[C@@](C1=CC=CC=C1OC3=C(C=CC=C23)C)(CCN(C4)C)O,1,22,50
1703,C2=C(C(NNC(C1=CC=CC=C1)=O)C)C=CC=C2,1,18,38
1704,C1=CC=CC=C1C3(C(N(C(C2=CC=CC=C2)=O)C(=O)NC3=O)=O)CC,1,25,54
1705,C3=C(C(OC1C2CCN(C1)CC2)=O)C=CC=C3,1,17,38
1706,C1=CC=C2C(=C1)C3C4=C(C2(CNC)CC3)C=CC=C4,1,19,44
1707,C1=CC(=CC=C1)CC(N(C)CC2=CC=CC=C2)C,1,18,38
1708,[H+].C1=CC3=C([N]1N(C2=CC=NC=C2)CCC)C=CC=C3.[Cl-],1,21,42
1709,C2=C(C(CC(N(C)C)C)(C(CC)O)C1=CC=CC=C1)C=CC=C2,1,23,48
1710,[C@@]4([C@@]3([C@H]([C@H]2[C@]([C@@]1(C(=CC(=O)C=C1)CC2)C)(F)[C@H](C3)O)C[C@@H]4C)C)(C(COC(C)=O)=O)OC(C(C)C)=O,1,36,78
1711,[C@H]34[C@H]2[C@@]([C@@]1(C(=CC(=O)C=C1)CC2)C)([C@@H](O)C[C@@]3([C@](C(COC(C)=O)=O)(O)[C@H](C4)C)C)F,1,31,68
1712,[C@@]4([C@@]3([C@H]([C@H]2[C@]([C@@]1(C(=CC(=O)C=C1)CC2)C)(F)[C@H](C3)O)C[C@@H]4C)C)(C(COC(CC)=O)=O)OC(CC)=O,1,36,78
1713,[H+].C2=C(CC1=CC=CC=C1)C(=CC=C2)OCCCCNC.[Cl-],1,22,42
1714,C2=C(C1=C(C=CC=C1)[N]2N(CCN(C)C)C)C3=CC=CC=C3,1,22,48
1715,C(C1(C(NC(=O)NC1=O)=O)CC=C)C(=C)Br,1,16,32
1716,[C@@H]3(N(C1=C(C=CC=C1)F)C(COC)=O)[C@@H](CN(CCN2C(N(CC)N=N2)=O)CC3)C,1,30,64
1717,C2=C(C1CCNCC1)OC3=C2C=C(OC)C=C3Br,1,18,40
1718,C1=CC(=CC=C1NCCC(N(C)C)=O)Br,1,15,30
1719,C2=C(C(OCCN(C)C)C1=CC=CC=C1)C=CC(=C2)Br,1,20,42
1720,C1=C(Br)C(=CC(=C1C(NCCN(CC)CC)=O)OC)N,1,20,40
1721,C1=CC(=CC=C1C3(CCN(CCCC(C2=CC=C(C=C2)F)=O)CC3)OC(CCCCCCCCC)=O)Br,1,37,78
1722,[C@@]45([C@@]3([C@H]([C@H]2[C@@H]([C@@]1(C(=CC(=O)C=C1)CC2)C)[C@H](C3)O)C[C@H]4OC(O5)CCC)C)C(CO)=O,1,31,70
1723,C1=CC=CC=C1C3(C2=CC=CC=C2)CCN(C(C)(C)C)CC3,1,22,48
1724,C2=C(C(C1=CC=CC=C1)OCCN(C)C)C(=CC=C2)C(C)(C)C,1,23,48
1725,C1=NC(=NC=C1)N4CCN(CCCCN2C(CC3(CC2=O)CCCC3)=O)CC4,1,28,62
1726,C(C1(C(NC(=O)NC1=O)=O)CC=C)C(C)C,1,16,32
1727,C1=CC=CC2=C1OC(CNCCCC)CO2,1,16,34
1728,C1=CC=CC3=C1C(C2=CC=CC=C2CC3)CC(CN(C)C)C,1,22,48
1729,C1=CC=CC=C1C(NNC(OCC)=O)C,1,15,30
1730,C(OC(NC(C(Cl)(Cl)Cl)O)=O)C,1,12,22
1731,C(C(C(NC(N)=O)=O)(CC)Br)C,1,12,22
1732,C1=CC=CC=C1N(C3(CCN(CCC2=CC=CC=C2)CC3)C(OC)=O)C(CC)=O,1,29,62
1733,C1=CC=CC4=C1N(CCCN3CCC(N2CCCCC2)(CC3)C(N)=O)C5=C(CC4)C=CC=C5,1,33,74
1734,C1=C(F)C=CC2=C1C3=C([NH]2)CCN(C3)CCC4=CC=NC=C4,1,22,50
1735,[H+].C1=C(CC(N(C)C)(CO)C)C=CC(=C1Cl)Cl.[Cl-],1,18,32
1736,C3=C(C(N1CCN(C)CC1)C2=CC=CC=C2)C=CC(=C3)Cl,1,21,46
1737,ClC(CCC)O,1,6,10
1738,[C@H]24[C@H]1[C@@]([C@](C(COC(C)=O)=O)(O)CC1)(CC([C@@H]2[C@@]3(C(=CC(=O)C=C3)[C@H](C4)Cl)C)=O)C,1,30,66
1739,[C@@H]36C2=C(C1=CC(=CC=C1[NH]2)Cl)CCN3C[C@H]5C[C@@H](OC(C4=CC(=C(C(=C4)OC)OC)OC)=O)[C@@H]([C@H]([C@H]5C6)C(OC)=O)OC,1,43,96
1740,C1=CC(=CC=C1OCC(COC(N)=O)O)Cl,1,16,32
1741,C2=C(C(C1=CC=CC=C1)(OCCN(C)C)C)C=CC(=C2)Cl,1,21,44
1742,C1=C2C(=CC=C1)OC(CCCl)NC2=O,1,14,30
1743,C1=C(C#N)C=CC3=C1N(C2=C(C=CC=C2)CC3)CCCN(C)C,1,23,50
1744,C1=CC=CC2=C1C(C3=NCCCN23)(C4=CC=CC(=C4)Cl)O,1,21,48
1745,C4=C2C1=C(CCC3=C(N1CCC2NC)C=CC=C3)C=C4,1,20,46
1746,CN(C)CCC=C2c1ccccc1COc3ccccc23,1,21,46
1747,[C@@H](CN2CCN(C1=CC=CC=CC1=O)CC2)(C3=CC(=C(OC)C=C3)OC)O,1,27,58
1748,C1=CC=CC=C1C(C2=CC=CC=C2)OCCN(C\C=C\C3=CC=CC=C3)C,1,27,58
1749,C1=C(C(=CC(=C1[N+](=O)[O-])N)OCC)C(NC3CCN(CC2CCC=CC2)CC3)=O,1,29,62
1750,C1=CC=CC=C1C4(C3CCN(C\C=C\C2=CC=CC=C2)CC3)C(NC(=O)CC4)=O,1,29,64
1751,C1=C(C=CC=C1Br)\C=C\C(NCC)=O,1,14,28
1752,C1=C(C(=C(C=C1\C=C\C(N)=O)OC)OC)OC,1,17,34
1753,C3=C(N2CCN(CCCC(C1=CC=C(F)C=C1)=O)CC2)N=CC4=CC=CC=C34,1,28,62
1754,C1=CC(=CC3=C1C(C2=CC=C(F)C=C2)(OC3)CCCN(C)C)C#N,1,24,52
1755,C1=CC=CC3=C1C(C2=C(C=CC=C2)C=C3)C(N)=O,1,18,40
1756,C1=C(Cl)C=CC4=C1C3C2=CC=CC=C2CCN3CC(=O)N4C,1,22,50
1757,C1=CC=CC(=C1)C(C(CN(C)C)O)C2=CC=C(C=C2)Cl,1,20,42
1758,C1=CC(=CC3=C1[N]2C(=CN=C2C)CN=C3C4=CC=CC=C4Cl)Cl,1,23,52
1759,[C@@]23(F)C(C1C([C@](O)(C(C1)C)C(=O)CCl)(CC2O)C)CCC4=CC(=O)C=CC34C,1,28,62
1760,[C@]4([C@@]3([C@H]([C@H]2[C@]([C@@]1(C(=CC(=O)C=C1)CC2)C)(F)[C@H](C3)O)C[C@@H]4C)C)(OC(CC)=O)C(CCl)=O,1,32,70
1761,C1=CC(=CC=C1OCC(NCCN(CC)CC)=O)Cl,1,19,38
1762,C1=C(Cl)C=CC3=C1C(C2=C(C=CC=C2)N3)CCCN(C)C,1,21,46
1763,CN1CCC(CC1)=C3c2ccccc2Oc4ccc(Cl)cc34,1,22,50
1764,C1=C(Cl)C=CC2=C1C(=NC3=C(S2)C=CC=C3)N4CCN(CC4)C,1,23,52
1765,C1=C(C(=N/OCCN)/CCCCOC)C=CC(=C1)Cl,1,19,38
1766,C1=C(Cl)C=CC3=C1C2(OCCN2CC(=O)N3)C4=C(Cl)C=CC=C4,1,23,52
1767,C1=C(Cl)C=NC2=C1SC4=C(N2CCCN3CCN(CCO)CC3)C=CC=C4,1,27,60
1768,CC4CC3C2CC(F)(F)C1=CC(=O)C=CC1(C)C2(F)C(O)CC3(C)C4(O)C(=O)COC(C)=O,1,33,72
1769,C(C(N(C(\C=C\C)=O)CCC)C(N(C)C)=O)C,1,17,32
1770,C1=C(C#N)C=CC3=C1N(C2=C(C=CC=C2)S3)CC(CN(C)C)C,1,23,50
1771,C3=C(C1OC(=NC1=O)NC2CC2)C=CC=C3,1,16,36
1772,C2=C(C1C(CCC1)N)C=CC=C2,1,12,26
1773,C4=C(C2=C3C(=NC(=NCC1CC1)CN2O)C=CC(=C3)Cl)C=CC=C4,1,24,54
1774,C1=CC=C3C(=C1OCC2CNCCO2)N(CCC3)C,1,19,42
1775,C1=CC=CC3=C1N(C2=CC=CC=C2)CC3(CCCNC)C,1,21,46
1776,C1=CC=CC3=C1SC2=C(C=CC=C2)C=C3CN(C)C,1,19,42
1777,C1=CC=CC3=C1C(C2=C(C=CC=C2)C3O)=C4CCN(C)CC4,1,22,50
1778,[C@H](CCOC1=CC=CC2=CC=CC=C12)(C3=CC=CC=C3)N(C)C,1,23,50
1779,[C@](OC(=O)CC)([C@@H](CN(C)C)C)(CC1=CC=CC=C1)C2=CC=CC=C2.[H+].[Cl-],1,27,52
1780,CN2C(Cc1ccccc1N=C2C)c3ccccc3,1,19,42
1781,C1=CC=CC2=C1N(C(=O)N2)CCCN4CCC(C(C3=CC=C(F)C=C3)=O)CC4,1,28,62
1782,[C@@]45([C@@]3([C@H]([C@H]2[C@@H]([C@@]1(C(=CC(=O)C=C1)CC2)C)[C@H](C3)O)C[C@H]4OC(=N5)C)C)C(COC(C)=O)=O,1,32,72
1783,[C@@H]34CC1=C[NH]C2=CC=CC(=C12)C3C[C@@H](CN4C)CC#N,1,20,46
1784,C1=C(Cl)C=CC2=C1C(=NCC(N2)=O)C3=CC=CC=C3Cl,1,20,44
1785,C1=CC=CC2=C1C(C3=C(C=C2)C=CC=C3)=NOCCNC,1,21,46
1786,C1=CC(=CC=C1C(C[N]2C=CN=C2)O)CCC3=CC=CC=C3,1,22,48
1787,C1=CC=CC2=C1N(C3=C(C=C2)C=CC=C3)CCCN(C)C,1,21,46
1788,O(C(C(F)(F)F)F)C(F)F,1,10,18
1789,C1=CC(=C3C2=C1CC5C4C2(C(O3)CCC4)CCN5C)O,1,20,48
1790,[C@H]15C3=C(CCC2=C1C=CC=C2)C=CC=C3[C@H]4C[C@](C(C)C)(O)CCN4C5,1,26,60
1791,C4=C(C(C(=O)N1CCCC1)(C2=CC=CC=C2)C(CN3CCOCC3)C)C=CC=C4,1,29,64
1792,[C@]134[C@@H]([C@H](CC2=C1C=C(O)C=C2)N(C)CC3)CCCC4,1,19,44
1793,C1=C(C=CC=C1OC2CN(C(N)=O)C2)C(F)(F)F,1,18,38
1794,CC13CCCCCC(Cc2ccc(O)cc12)C3N,1,18,40
1795,C1=CC(=C3C2=C1CC5C4C2(C(O3)C(C=C4)OC(C)=O)CCN5CC=C)OC(C)=O,1,29,66
1796,C1=CC=CC2=C1N(C(C3=C(N2C)C=CC=C3)=O)CCN(C)C,1,22,48
1797,C1=C(C)C=CC3=C1C2C(CCN(C2)C)N3,1,15,34
1798,C2=C(C1[S](CCC(N1C)=O)(=O)=O)C=CC(=C2Cl)Cl,1,18,38
1799,C1=CC(=CC3=C1C(C2=CC(=C(Cl)C=C2)Cl)CN(C)C3)OC,1,21,46
1800,C1=CC=CC3=C1N(C2=C(C=CC=C2)S3)CCN(CC)CC,1,21,46
1801,Clc1ccc(cc1)C(OCCN2CCOCC2)c3ccccc3,1,23,50
1802,[C@@]4([C@@]3([C@H]([C@H]2[C@]([C@@]1(C(=CC(=O)C=C1)[C@H](C2)F)C)(F)[C@H](C3)O)C[C@@H]4C)C)(C(COC(C)=O)=O)OC(C)=O,1,35,76
1803,[C@@]4([C@@]3([C@H]([C@H]2[C@]([C@@]1(C(=CC(=O)C=C1)[C@H](C2)F)C)(F)[C@H](C3)O)CC4)C)(C(COC(C)=O)=O)OC(CCC)=O,1,36,78
1804,[C@]134[C@@H]([C@H](CC2=C1C=C(C)C=C2)N(C)CC3)CCCC4,1,19,44
1805,C3=CC1=C(C(/C2=C(O1)C=CC=C2)=C/CCN(C)C)C=C3OC,1,22,48
1806,[C@]23([C@H]([C@H]1[C@]([C@](C(CO)=O)(C)[C@@H](C1)C)(C)C[C@@H]2O)CCC4=CC(=O)C=C[C@]34C)F,1,28,62
1807,C1=CC=CC3=C1N(C2=C(C=CC=C2)C3(C)C)CCCN(C)C,1,22,48
1808,C1=C(C(=CC=C1Cl)N(C(CNCC(C)=C)=O)C)C(C2=CC=CC=C2)=O,1,25,52
1809,C1=CC=CC2=C1C(C(N2CC(N)=O)=O)C3=CC=CC=C3,1,20,44
1810,[H+].C3=C2\C(C1=CC=CC=C1SCC2=CC=C3)=C\CCN(C)C.[Cl-],1,23,46
1811,C1=C(Cl)C=CC2=C1C(=NC(O)C(N2CCO)=O)C3=CC=CC=C3F,1,24,52
1812,C3=C(C2(C1=CC=CC=C1)C(NCN2)=O)C=CC=C3,1,18,40
1813,[C@H]34[C@H]2[C@@](F)([C@@]1(C(=CC(=O)C=C1)CC2)C)[C@@H](O)C[C@@]3([C@](O)([C@H](C4)C)C(=O)C)C,1,27,60
1814,[C@H]23C([C@@]1(OC(O[C@@H]1C2)(C)C)C(=O)CO)(C[C@H](O)[C@@]4(F)C3CCC5C4(CCC(=O)C5)C)C,1,31,70
1815,C1=C(C(=CC=C1Cl)N(C(CN(CCO)CCO)=O)C)C(C2=C(C=CC=C2)Cl)=O,1,28,58
1816,C1=CC=CC(=C1N3CCN(CCC2=C[N](C)N=C2)CC3)Cl,1,21,46
1817,C1=CC=CC2=C1N(CC3=C(C2=C)C=CC=C3)CCCN(C)C,1,22,48
1818,C1=CC(=CC=C1C(NCCCN2CCOCC2)=O)Cl,1,19,40
1819,C1=C(O)C=CC3=C1C2(CC(CN(CC2)C)C3)C,1,17,38
1820,C2=C(C1(C(N(C(=O)N(C1=O)COC)COC)=O)CC)C=CC=C2,1,23,48
1821,C1=CC=CC=C1C2C(N(CC)C(N2)=O)=O,1,15,32
1822,C1=C(Cl)C=CC2=C1C(=NC(C(=O)N2)C(OCC)=O)C3=CC=CC=C3F,1,25,54
1823,C1=C(SC2=C1C(=NCC3=NN=C([N]23)C)C4=CC=CC=C4Cl)CC,1,23,52
1824,C2=NC1=C(CC(NC)CC1)S2,1,11,24
1825,C1=CC=CC2=C1C(=C[NH]2)CC(CC)N,1,14,30
1826,C1=CC=CC=C1CCNC(CCCl)=O,1,14,28
1827,O=C2\C(=C1\OC=NN1)C=CC=C2,1,12,26
1828,C1=C(C(=N[N]1CCCN(C)C)C2=CC=CC=C2)C3=CC=CC=C3,1,23,50
1829,C1=C(Cl)C=CC2=C1C(=NCCN2CC(F)(F)F)C3=CC=CC=C3F,1,24,52
1830,C1=CC=CC(=C1N3CCN(CCCC(C2=CC=C(F)C=C2)=O)CC3)OC,1,26,56
1831,CN(C)C3CCc2[nH]c1c(F)cc(F)cc1c2C3,1,18,40
1832,C1=CC(=CC=C1N3CCN(CC(O)COC2(CCCCC2)C#C)CC3)F,1,26,56
1833,C1=C(Cl)C=CC2=C1C(=NCC(=O)N2C)C3=CC=CC=C3F,1,21,46
1834,[C@H]23[C@@]([C@@]1(C(=CC(=O)C=C1)[C@H](C2)F)C)([C@H](C[C@]4([C@H]3C[C@@H](C)[C@@]4(C(CO)=O)O)C)O)F,1,29,64
1835,[C@]12(F)[C@H](CC4([C@H](C1C[C@@H](C3=CC(=O)C=CC23C)F)C[C@H]([C@]4(O)C(=O)COC(=O)C(C)(C)C)C)C)O,1,35,76
1836,[C@]14(C([C@H]3[C@H]([C@@H](O)C1)C2(C(=CC(=O)C=C2)[C@@H](F)C3)C)C[C@H]5OC(O[C@@]45C(=O)CO)(C)C)C.[C@]69(C([C@H]8[C@H]([C@@H](O)C6)C7(C(=CC(=O)C=C7)[C@@H](F)C8)C)C[C@H]%10OC(O[C@@]9%10C(=O)CO)(C)C)C.O,1,63,140
1837,[C@]12(OC(O[C@@H]1CC3C2(CC(O)[C@H]4C3C[C@H](F)C5=CC(=O)C=CC45C)C)(C)C)C(=O)COC(=O)C,1,34,76
1838,[C@H]2(C1=CC(=O)C=C[C@@]1([C@@]4([C@@H](C2)[C@@H]3C[C@@H](O)[C@]([C@@]3(C)C[C@@H]4O)(O)C(=O)CO)F)C)F,1,29,64
1839,[C@@]45([C@@]3([C@H]([C@H]2[C@]([C@@]1(C(=CC(=O)C=C1)[C@H](C2)F)C)(F)[C@H](C3)O)C[C@H]4OC(O5)(C)C)C)C(CO)=O,1,32,72
1840,[C@H]24[C@H]1[C@@]([C@@H](C(C(OCCCC)=O)=O)[C@@H](C1)C)(C[C@@H]([C@@H]2[C@@]3(C(=CC(=O)C=C3)[C@H](C4)F)C)O)C,1,32,70
1841,[C@H]24[C@H]1[C@@]([C@@H](C(CO)=O)[C@@H](C1)C)(C[C@@H]([C@@H]2[C@@]3(C(=CC(=O)C=C3)[C@H](C4)F)C)O)C,1,27,60
1842,[C@]23([C@H]([C@H]1[C@]([C@](C(C)=O)(O)CC1)(C)C[C@@H]2O)C[C@H](C)C4=CC(=O)C=C[C@]34C)F,1,27,60
1843,C1=CC=CC3=C1C(=NC2=C(C=CC(=C2)F)C3)N4CCN(C)CC4,1,23,52
1844,[C@H]23[C@@]([C@@]1(C(=CC(=O)C=C1)CC2)C)([C@H](C[C@]4([C@H]3CC[C@@]4(C([C@@H](OC(C)=O)C)=O)O)C)O)F,1,31,68
1845,[C@]34([C@H]([C@H]2[C@@]([C@@]1(C(=CC(C=C1)=O)CC2)C)(C(C3)O)F)CC([C@@]4(C(=O)CO)O)=C)C,1,28,62
1846,[C@H]24[C@H]1[C@@]([C@](C(CO)=O)(O)CC1)(C[C@@H]([C@@H]2[C@@]3(C(=CC(=O)C=C3)[C@H](C4)F)C)O)C,1,27,60
1847,[C@@]4(OC(=O)CCCC)(C3(C(C2C(C1(C(=CC(=O)C=C1)C(F)C2)C)C(O)C3)CC4)C)C(=O)CO,1,33,72
1848,C1=C(F)C=CC3=C1C=C(SCCNC)C2=CC=CC=C2O3,1,21,46
1849,[C@@]45([C@@]3([C@H]([C@H]2[C@@H]([C@@]1(C(=CC(=O)CC1)[C@H](C2)F)C)[C@H](C3)O)C[C@H]4OC(O5)(C)C)C)C(CO)=O,1,31,70
1850,C1=CC(=CC=C1N2C4(C(NC2)=O)CCN(CCCC(C3=CC=C(F)C=C3)=O)CC4)F,1,30,66
1851,C1=C(Cl)C=CC2=C1C(=NCC(N2CC3CC3)=O)C4=CC=CC=C4F,1,24,54
1852,C1=CC=CC=C1CC(N(CC2=CC=CO2)C)C,1,17,36
1853,[C@]234C1=C(C=CC(=C1O[C@H]2C[C@@H](O)C=C3)OC)CN(CC4)C,1,21,48
1854,C2=C(C(C1CCCCC1)CCN(C)C)C=CC=C2,1,18,38
1855,NC(=N)NCCCOc1ccccc1,1,14,28
1856,C1=C(Cl)C=CC2=C1C(=NCC(=O)N2CC(F)(F)F)C3=CC=CC=C3,1,24,52
1857,[C@H]23[C@@]([C@@]1(C(=CC(C(=C1)Cl)=O)[C@H](C2)F)C)([C@H](C[C@]4(C3C[C@H]([C@@]4(C(CO)=O)O)C)C)O)F,1,30,66
1858,C(C2(C1=CCCCCC1)C(NC(=O)NC2=O)=O)C,1,18,38
1859,C1=CC=CC2=C1C(C3=C(CC2)C=CC=C3)OC4CCN(C)CC4,1,23,52
1860,C1=CC(=CC=C1C(N2CCN(C)CCC2)C3=CC=CC=C3)Cl,1,22,48
1861,C1=C(C(F)(F)F)C=CC3=C1N(C2=C(C=CC=C2)S3)CCCN4CCN(CCO)CCC4,1,31,68
1862,[C@]34([C@H]([C@H]2[C@@H]([C@@]1(C(=CC(=O)CC1)CC2)C)[C@H](C3)O)CC[C@@]4(C(COC(C)=O)=O)O)C,1,29,64
1863,[C@@]4([C@@]3([C@H]([C@H]2[C@@H]([C@@]1(C(=CC(=O)CC1)CC2)C)[C@H](C3)O)CC4)C)(C(COC(CC)=O)=O)OC(CCC)=O,1,35,76
1864,[C@]4([C@@]3([C@H]([C@H]2[C@@H]([C@@]1(C(=CC(=O)CC1)CC2)C)[C@H](C3)O)CC4)C)(OC(CCC)=O)C(CO)=O,1,31,68
1865,[C@@]125C3=C4C[C@H]([C@@H]1CCC([C@@H]2OC3=C(C=C4)O)=O)N(C)CC5,1,21,50
1866,C2=C(C1(C(OCC)=O)CCN(C)CC1)C=CC=C2O,1,19,40
1867,[C@@]4([C@@]3([C@H]([C@H]2[C@]([C@@]1(C(=CC(=O)C=C1)CC2)C)(Cl)[C@H](C3)O)C[C@H]4C)C)(C(COC(C)=O)=O)OC(CCC)=O,1,36,78
1868,C2=C(C1(C(NC(=O)CN1)=O)CC)C=CC=C2,1,16,34
1869,C1=CC=CC2=C1C(=C[NH]2)CCC3CCNCC3,1,17,38
1870,CN(C)CC#CC=C2c1ccccc1C=Cc3ccccc23,1,22,48
1871,C1=CC=CC3=C1C2=C(CCCCCC2)[N]3CCCN(C)C,1,21,46
1872,C1=CN=CC=C1C(NNC(C)C)=O,1,13,26
1873,C1=CC=CC=C1C(C2=CC=CC=C2)(C(CN(C)C)C)C(CC)=O,1,23,48
1874,[C@@]4(O)(C3(C(C2C(C1(C(=CC(=O)CC1)C=C2)C)C(O)C3)CC4=C)C)C(=O)CO,1,27,60
1875,C1=CC=CC3=C1N(C2=C(C=CC=C2)S3)CC(N(CC)CC)C,1,22,48
1876,C1=CC=CC2=C1N(C3=C(CC2=O)C=CC=C3)CCCN(C)C,1,22,48
1877,[C@]235[C@H]([C@H](N(CC1CC1)CC2)CC4=C3C(=CC=C4)O)CCC(C5)=O,1,23,54
1878,[C@H](CC1=CC(=C(C=C1)O)O)(C(O)=O)N,1,14,28
1879,[C@H](CN1C3=C(SC2=C1C=CC=C2)C=CC(=C3)OC)(CN(C)C)C,1,23,50
1880,C13(C4=C(C(C2=C1C=CC=C2)CC3)C=CC=C4)C[C@H](CNC)O,1,22,50
1881,[C@H]5(CN(C(C3=C2C1=CC(=CC=C1CCN2C(=O)C(=C3)C4=CC=CC=C4)Cl)=O)CC5)OCC,1,32,72
1882,C2=C(COC1CCNCC1)C=CC3=C2C=CC=C3,1,18,40
1883,C3=C(C(CC2N(C(CC(C1=CC=CC=C1)=O)CCC2)C)O)C=CC=C3,1,25,54
1884,C1=CC(=NN=C1C2=C(Cl)C=CC=C2)N3CCC(O)CC3,1,20,44
1885,C3=C(N2CCN(C\C=C\C1=CC=CC=C1)CC2)N=NC(=C3)Cl,1,22,48
1886,C1=CC(=CC(=C1\C(=C\[N]2C=NC=N2)Cl)Cl)Cl,1,16,34
1887,[C@@H]1([C@H]3[C@@H](CC2=C1C=C(Cl)C=C2)CN(C3)C)C4=CC=CC=C4,1,21,48
1888,C1=CC=CC3=C1C4=C(C2=C(C=CC=C2)O3)CCN(CC4)C,1,21,48
1889,C3=C(CN2CCN(C1=C(OC(C)C)C=CC=C1)CC2)C=CC=C3C(=O)N4CCCCC4.C(C(=O)O)CC(=O)O,1,39,82
1890,C2=C(OC(OC1=CC=CC=C1)CN(C)C)C=CC=C2,1,19,40
1891,C1=CC(=CC(=C1OC)OC)CCN2CCN(CC2)C3=CC(=CC=C3)Cl,1,25,54
1892,C1=C([N+](=O)[O-])C=CC2=C1C(=NCC(N2C)=O)C3=CCCCC3,1,22,48
1893,C2=C(C1(C(N(C)C(N1)=O)=O)CC)C=CC=C2,1,16,34
1894,C2=C(C1(C(N(C(NC1=O)=O)C)=O)CC)C=CC=C2,1,18,38
1895,C1=C(C=CC=C1N3CCN(CCC2=N[NH]C(=C2)C)CC3)Cl,1,21,46
1896,[C@H]12[C@@]([C@](C(CO)=O)(O)[C@H](C1)C)(CC(=O)[C@H]3[C@H]2CCC4=CC(=O)C=C[C@]34C)C,1,27,60
1897,C1=C(Br)C=CC2=C1C(=NCC(N2C)COC)C3=CC=CC=C3Cl,1,23,50
1898,C1=CC=CC(=C1)C(=O)C(C)N(C)C,1,13,26
1899,C1=CC=CC2=C1C(CC3=C(N2C)C=CC=C3)NC,1,18,40
1900,C1=C(C=C(C=C1OCC2CNC(O2)=O)C)C,1,16,34
1901,C1=CC(=CC2=C1CC3C(C2(CCN3C)C)C)O,1,17,38
1902,C1=CC=CC=C1C2(N(C(=O)NC2=O)C)CC,1,16,34
1903,C1=CC=CC=C1C(C2=CC=CC=C2)(C(CC)=O)CC(N(C)C)C,1,23,48
1904,C1=CC=CC=C1/C=C/C2C(NC(O2)(C)C)=O,1,16,34
1905,C1=C(SC)C=CC3=C1N(C2=C(C=CC=C2)S3)CC(CN(C)C)C,1,23,50
1906,C2=C(C1(C(N(C)C(C1)=O)=O)C)C=CC=C2,1,15,32
1907,[C@H]24[C@H]1[C@@]([C@](C(CO)=O)(O)CC1)(C[C@@H]([C@@H]2[C@@]3(C(=CC(=O)C=C3)[C@H](C4)C)C)O)C,1,27,60
1908,[C@H]24[C@H]1[C@@]([C@](C(COC(C)=O)=O)(O)CC1)(C[C@@H]([C@@H]2[C@@]3(C(=CC(=O)C=C3)[C@H](C4)C)C)O)C,1,30,66
1909,[C@H]24[C@H]1[C@@]([C@](C(COC(CCC(O)=O)=O)=O)(O)CC1)(C[C@@H]([C@@H]2[C@@]3(C(=CC(=O)C=C3)[C@H](C4)C)C)O)C,1,34,74
1910,C1=C(SC)C=CC4=C1C(N2CCN(C)CC2)CC3=C(C=CC=C3)S4,1,24,54
1911,C1=NC=C([N]1C(C2=CC=CC=C2)C)C(=O)OC,1,17,36
1912,C1=CC=CC2=C1N(CC3=C(C2)C=CC=C3)CCCNC,1,20,44
1913,C1=CC(=CC3=C1[N]2C(=CN=C2C)CN=C3C4=CC=CC=C4F)Cl,1,23,52
1914,C1=CC(=CC2=C1N(C(=O)N2)CCCN4CCC(C(C3=CC=C(F)C=C3)=O)CC4)Cl,1,29,64
1915,C1=C(OC)C(=CC2=C1C(=C(C)[NH]2)CCN4CCN(C3=CC=CC=C3OC)CC4)OC,1,30,66
1916,[C@]1([C@H](C1)CN)(C(=O)N(CC)CC)C2=CC=CC=C2.[H+].[Cl-],1,20,38
1917,C1=CC(=CC2=C1C(=C([NH]2)C)C4CCN(CCCC(C3=CC=C(F)C=C3)=O)CC4)OC,1,30,66
1918,C1=NC=CN=C1N(C3CCN(CCC2=CC=CC=C2)CC3)C(C4=CC=CO4)=O,1,28,62
1919,C1=CN=C(C(=N1)N2CCCCC2)C,1,13,28
1920,C1=C(CC\C(CN)=C/F)C=CC(=C1)F,1,14,28
1921,C(C1=C(C)[NH]C3=C1C(C(CN2CCOCC2)CC3)=O)C,1,20,44
1922,[C@]3(C1=CC=CC=C1)(C(C2=C(C=CC=C2)CC3)=O)CCN(C)C,1,22,48
1923,C5CC(CN1CCC(C1)c2ccccc2)c4ccc3OCOc3c4C5,1,25,58
1924,C1=C4C(=C2C(=C1)C=CC=C2)CC3CN(C)CC(C3(O4)O)C,1,21,48
1925,C(C1(C(NC(=O)NC1=O)=O)CC=C)C(C)(C)C,1,17,34
1926,C1=CC=CC=C1CN2C(CC(C2)CN)=O,1,15,32
1927,C1=CC=CC3=C1C(C2=CC=CC=C2)OCCN(C3)C,1,19,42
1928,[C@H]2(NC(=O)C1=C(OC)C=C(NC)C(=C1)Cl)[C@H](N(CC2)CC3=CC=CC=C3)C,1,27,58
1929,C2=C1C(=NN=C(CC1=CC(=C2OC)OC)C)C3=CC=C(N)C=C3,1,23,50
1930,C1=CC(=C3C2=C1CC6C4C2(C(O3)C(CC4)OC(C5=CN=CC=C5)=O)CCN6C)OC,1,30,70
1931,C1=CC(=CC=C1C(CCCN2CC3CCC(C2)CC3)=O)F,1,21,46
1932,C1=CC(=C3C2=C1CC5C4C2(C(O3)C(O)C=C4)CCN5)OC,1,21,50
1933,C2=C(C(C1=CC=CC=C1)(CCN(C)C)C(CC)=O)C=CC=C2,1,22,46
1934,C3=C(N(C2CCN(CCC1=CC=CC=C1)CC2)C(COC)=O)C(=CC=C3)F,1,27,58
1935,[C@@H]4(C1=CC=CC2=C1OCC2)C3=CC(=C(Cl)C=C3CCN(C4)C)O.CC(=O)O,1,27,58
1936,C1=C3C(=CC=C1)N=C2SC(=CC2=C(N3)N4CCN(CC4)C)C,1,22,50
1937,C1=CC=CC2=C1N(C3=C(C=C2)C=CC=C3)CCCN4CCN(CCO)CC4,1,27,60
1938,O1CCCCC1C(=O)N,1,9,18
1939,[C@@]12(C3=C(NC(CN1C[C@H](O2)C)=O)C=CC(=C3)Cl)C4=CC=CC=C4,1,23,52
1940,[C@]235[C@]([C@H](N(CC1CC1)CC2)CC4=C3C=C(O)C=C4)(CCCC5)O,1,23,54
1941,C1=CC=CC3=C1N(C2=C(C=CC=C2)[S]3(=O)=O)CC(CN(C)C)C,1,23,50
1942,C1=C(OC)C(=CC2=C1C(=C(C)[NH]2)CCN4CCN(C3=CC=CC=C3)CC4)OC,1,28,62
1943,C1=C(OC)C=CC3=C1N(C2=C(C=CC=C2)S3)CCC4N(CCCC4)C,1,25,56
1944,N(C(=O)C)C1=CC=C(O)C=C1,1,11,22
1945,C(C)C1(C)C(=O)N(C(O1)=O)C,1,11,22
1946,[C@]12(C(=CC(C=C1)=O)[C@H](C[C@H]3[C@H]4[C@](C[C@@H]([C@H]23)O)([C@](C(=O)CO)(O)[C@@H](C4)C)C)F)C,1,28,62
1947,C1=C(NC(CC)=O)C=CC(=C1)O,1,12,24
1948,C1=CC=CC2=C1N(C(CO2)=O)CC(N)=O,1,15,32
1949,C1=NC2=C([N]1CCC(CO)CO)NC(=NC2=O)N,1,18,38
1950,CC(C)CCNCC2COc1ccccc1O2,1,17,36
1951,C2C1=NN=N[N]1CCCC2,1,10,22
1952,C1=C(C=CC3=C1N(CCCN2CCC(CC2)O)C4=C(S3)C=CC=C4)C#N,1,26,58
1953,C1=C(OC)C=CC3=C1N(C2=C(C=CC=C2)S3)CC(CN4CCC(O)CC4)C,1,27,60
1954,C2=C(C1=CC=CC=C1)ON=C2C(CN3CCCCC3)O,1,20,44
1955,CC(=O)OC(C1CCCCN1)c2ccccc2,1,17,36
1956,C1=C(C(C(C)(C)O)(C)O)C=CC(=C1)Cl,1,14,28
1957,[C@H]2(C1=CC=CC=C1)[C@@H](N(CCO2)C)C,1,14,30
1958,[Cl].C1=CC=CC=C1CCNN,1,11,20
1959,C1=CC=CC=C1CC(NN)C,1,11,22
1960,C1=C(O)C=CC4=C1C35C(C(N(CCC2=CC=CC=C2)CC3)C4)CCCC5,1,26,60
1961,C1=CC=CC3=C1C(C2=C(C=CC=C2)S3)=C4CCN(C)CC4,1,21,48
1962,C3=C(C1(C(OCC)=O)CCN(CC1)CCCNC2=CC=CC=C2)C=CC=C3,1,27,58
1963,C1=C(Cl)C=CC2=C1C(=NCC(N2CC#C)=O)C3=CC=CC=C3,1,22,48
1964,C1=C([S](N(C)C)(=O)=O)C=CC3=C1N(C2=C(C=CC=C2)S3)CCCN4CCC(CCO)CC4,1,32,70
1965,C1=C(C=CC=C1)C(C2=CC=CC=C2)(C3NCCCC3)O,1,20,44
1966,C4Oc3ccc(CN1CCN(CC1)c2ncccn2)cc3O4,1,22,50
1967,C1=CSC2=C1C(C3=C(CC2)C=CC=C3)=C4CCN(CC4)C,1,21,48
1968,C1=CC=CC2=C1N(C3=C(CC2)C=CC=C3)CCCN(C)C,1,21,46
1969,[C@]34([C@H]([C@H]2[C@@H]([C@@]1(C(=CC(=O)C=C1)CC2)C)[C@H](C3)O)CC[C@@]4(C(COC(C)=O)=O)O)C,1,29,64
1970,[C@]14([C@@](C(=O)COC(CCC(=O)[O-])=O)(CC[C@H]1[C@@H]3CCC2=CC(C=C[C@@]2([C@H]3[C@H](C4)O)C)=O)O)C.[Na+],1,34,72
1971,C(C)CCC(=O)OC3(CCC4C2CCC1=CC(=O)C=CC1(C)C2C(O)CC34C)C(=O)CO,1,32,70
1972,C1=C2C(=C([N]1C)C)C(=NCC(N2)=O)C3=CC=CC=C3,1,19,42
1973,C1=C(C(=CC=C1C#N)OC)C(NCCN3CCC(C(C2=CC=C(F)C=C2)=O)CC3)=O,1,30,64
1974,[C@@]23(F)C1(C(=CC(=O)C=C1)[C@@H](F)CC2C5C(CC3O)([C@]4(C(=O)COC(=O)CC)OC(O[C@@H]4C5)(C)C)C)C,1,36,80
1975,C1=CC=CC=C1C2CN(C(NCCC)=O)C(O2)=O,1,18,38
1976,C1=CC=CC2=C1N(C3=C(S2)C=CC=C3)CC(C)N(C)C,1,20,44
1977,C1=NC=C([N]1C(C2=CC=CC=C2)C)C(OCCC)=O,1,19,40
1978,C1=C([S](N)(=O)=O)C=CC(=C1C(NCC2N(CCC2)CCC)=O)OC,1,24,50
1979,C1=CC=CC2=C1N(C3=C(S2)C=CC=N3)CCCN(C)C,1,20,44
1980,C(C1(C(C=CNC1=O)=O)CC)C,1,12,24
1981,C2=C(C(C(N1CCCC1)CCC)=O)C=CC(=C2)C,1,18,38
1982,C1=CC=CC4=C1N(C2C3CCN(C2)CC3)C5=C(CC4)C=CC=C5,1,23,54
1983,C1=C(Cl)C(=C(C=C1)C)NC(=O)/C=C/2SCC(=O)N2C,1,19,40
1984,C3=C(N2C1=C([NH]N=C1N(C(=O)CC2=O)C)C)C=CC=C3,1,20,44
1985,[C@H](C1=CC=CC=C1)([C@@H]2CNCCO2)OC3=CC=CC=C3OCC,1,23,50
1986,[C@H]2(CNC(C1=C(C=CC(=C1OC)Br)OC)=O)N(CCC2)CC,1,22,46
1987,C1=CC=CC4=C1C(N(CCCN3CCN(C2=NC=CC=N2)CC3)[S]4(=O)=O)=O,1,27,60
1988,C1=C(Cl)C=CC\3=C1C=C(N2CCN(C)CC2)C4=C(C3=C/C#N)C=CC=C4,1,26,58
1989,[H+].C1=C(OC(F)(F)F)C=CC2=C1SC(=N2)N.[Cl-],1,17,32
1990,COC(C(F)Br)(F)F,1,8,14
1991,C1=C(C(=C(C=C1C(\C=C\N2CC=CC2)=O)OC)OC)OC,1,21,44
1992,O=C1N2C(CC1)CCC2=O,1,10,22
1993,C4=C(C(N2CCN(\N=C\C1=NC(=CC=C1)C)CC2)C3=CC=CC=C3)C=CC=C4,1,28,62
1994,C1=C(C(N)=O)N=N[N]1CC2=C(C=CC=C2F)F,1,17,36
1995,C1=CC=CC2=C1N=C(S2)N(C4CCN(CC(COC3=CC=C(C=C3)F)O)CC4)C,1,29,64
1996,NCCC(Oc1ccc(cc1)C(F)(F)F)c2ccccc2,1,21,44
1997,C4=C(C(C3CCN(CCC1=C(N=C2N(C1=O)CCS2)C)CC3)=O)C=CC(=C4)F,1,28,62
1998,C3=C(C2=C(N=C(N1CCN(C)CC1)N=C2)N)C(=C(C=C3Cl)Cl)Cl,1,23,50
1999,[C@@H]3(C1=CC=C(Cl)C=C1)[C@H]2CC[C@@H](C2)C34CCC(=N4)N5CCOCC5,1,24,56
2000,C1=CC=CC=C1N2C5(C(NC2)=O)CCN(CC4OC3=C(C=CC=C3)OC4)CC5,1,28,64
2001,C1=C(Cl)C=CC2=C1C(=NCC(=S)N2C)C3=CC=CC=C3,1,20,44
2002,C(C([S](CC)(=O)=O)([S](CC)(=O)=O)C)C,1,14,26
2003,C1=C([S](=O)(=O)N)C=CC(=C1C(NCC2N(CC)CCC2)=O)OC,1,23,48
2004,C1=CC=CC3=C1C(N(C2C(NCCC2)=O)[S]3(=O)=O)=O,1,19,42
2005,C5=C2C1=C(CCC4=C(C1CN3CCCCC23)C=CC=C4)C=C5,1,22,52
2006,C(C(C)C1(CC=C)C(=O)NC(NC1=O)=O)C,1,16,32
2007,C3=C2C(=NC1=CSC=C1C(/C2=CS3)=C/C#N)N4CCN(C)CC4,1,23,52
2008,C1=CC=CC(=C1CC2=CC=CS2)OCC3OCCNC3.O=C(O)\C=C/C(=O)O,1,28,58
2009,C1=C(Cl)C=CC2=C1C(=NCC(=O)N2C)C3=CCCCC3,1,20,44
2010,C(C1(C(CCC)CC)C(NC(=S)NC1=O)=O)C,1,17,34
2011,C1=C([S](C)(=O)=O)C=CC(=C1C(NCCN(CC)CC)=O)OC,1,22,44
2012,[C@]14([C@](OC(=O)CC)([C@@H](CC1C3[C@@](F)(C2(C(=CC(=O)C=C2)[C@@H](F)C3)C)[C@@H](O)C4)C)C(SC)=O)C,1,33,72
2013,C1=CSC2=C1N(C3=C(C=C2)C=CC=C3)CCCN(C)C,1,20,44
2014,C1=C4C(=C2C(=C1F)SC=C2C)C3=C(CCN(C3)CC)[NH]4,1,20,46
2015,C1=C(SC=C1)C2(C(CCCC2)=O)NCC,1,15,32
2016,CSC(=O)C3(O)C(C)CC4C2CCC1=CC(=O)C=CC1(C)C2(F)C(O)CC34C,1,28,62
2017,C1=CC(=CC=C1B2OCC(CCC)(C)CO2)C,1,17,36
2018,C2=C(N1CC(CO)OC1=O)C=CC=C2C,1,15,32
2019,[C@H](OC1=C(C=CC=C1)C)(C2=CC=CC=C2)CCNC,1,19,40
2020,C1=CC=CC(=C1N3CCN(CCCOC2=CC=CC=N2)CC3)C,1,23,50
2021,[C@H]2(C1=CC(=C(OC)C=C1CCN(C2)C)OC)C3=CC=CC=C3,1,22,48
2022,[C@@]45([C@@]3([C@H]([C@H]2[C@]([C@@]1(C(=CC(=O)C=C1)CC2)C)(F)[C@H](C3)O)C[C@H]4OC(O5)(C)C)C)C(CO)=O,1,31,70
2023,[C@]34([C@H]([C@H]2[C@]([C@@]1(C(=CC(=O)C=C1)CC2)C)(F)[C@H](C3)O)C[C@H]([C@@]4(C(COC(C)=O)=O)O)OC(C)=O)C,1,34,74
2024,[C@@]45([C@@]3([C@H]([C@H]2[C@]([C@@]1(C(=CC(=O)C=C1)CC2)C)(F)[C@H](C3)O)C[C@H]4OC(O5)(C)C)C)C(COC(CC(C)(C)C)=O)=O,1,38,84
2025,C1=C(NC(C(Cl)(Cl)Cl)=O)C=CC(=C1)O,1,14,28
2026,C1=C(C(F)(F)F)C=CC3=C1N(C2=CC=CC=C2)C(CC(N3C)=O)=O,1,24,52
2027,C1=CC=C2C(=C1)SC3=C(N2CC(C)CN(C)C)C=C(C=C3)C(F)(F)F,1,25,54
2028,C1=C(C=CC3=C1N(CCCN2CCN(CC2)C)C4=C(S3)C=CC=C4)C(F)(F)F,1,28,62
2029,CC1(C(N(C(O1)=O)C)=O)C,1,10,20
2030,[C@H]13N([C@H](CC(C1)NC(C2=CC=CC(=C2OC)OC)=O)CC3)CC4=CC=CC=C4,1,28,62
2031,C1=C2C(=CC=C1)N(C(Cl)(CN=C2C3=CC=CC=C3Cl)CO)C,1,22,48
2032,CC4CC3C2CC(F)C1=CC(=O)C=CC1(C)C2(F)C(O)CC3(C)C4(O)C(=O)CCl,1,29,64
2033,C(C(C(N)=O)(CC)CC)C=C,1,11,20
2034,C(C(C(CC)C)C(N)=O)C,1,10,18
2035,[C@@H]1(C[C@H]3[C@H]2[C@@]1(O[C@H](O[C@H]2OC)[C@@H]3C)CN4CCCCC4)O,1,21,48
2036,C(C(CCC)C(N)=O)CC,1,10,18
2037,C(C1(C(NC(=O)NC1=O)=O)C(=C/CC)/C)C,1,16,32
2038,C(C(C1(C(NC(=O)NC1=O)=O)C=C)C)CC,1,16,32
2039,C1=C(OC)C=CC2=NC=CC(=C12)CCCC3C(CNCC3)C=C,1,23,50
2040,C(OC1=NSN=C1C2=CCCN(C2)C)CCCCC,1,19,40
2041,C2=N[N]1C(=CC=NC1=C2C#N)C3=CC(=CC=C3)N(C(C)=O)CC,1,23,50
2042,C2=C(\C(C1=CC=CN=C1)=C\CN(C)C)C=CC(=C2)Br,1,19,40
2043,C3=C(N2C1=C([N](C)N=C1C)N(C(=O)CC2=O)C)C=CC=C3,1,21,46
2044,C3=C(C1=NCCN=C2N(NC(=C12)C)C)C=CC=C3Cl,1,19,42
2045,[N+](=[N-])=O,1,3,4
2046,C1=C(Cl)C(=C(C2=C1NC(=O)C(N2)=O)[N+](=O)[O-])Cl,1,17,36
2047,[C@H]3([N]2C1=C(C(=NC=N1)N)N=C2)[C@@H]([C@@H]([C@H](O3)C[S+](CC[C@@H](C([O-])=O)N)C)O)O,1,27,58
2048,[O+]1=N[N](C=C1[N-]C(NC2=CC=CC=C2)=O)C(CC3=CC=CC=C3)C,1,24,52
2049,C1=C(OC)C(=CC2=C1C(=[N+](C(=C2CC)C)[NH-])C3=CC=C(C(=C3)OC)OC)OC,1,28,60
2050,[N+](=NCC(=O)N[C@@H]([C@H](O)C1=CC=C([N+]([O-])=O)C=C1)CO)=[N-],1,21,42
